year,month,state,district,police_unit,jurisdiction,road_type,accident_count,fatal_accidents,deaths,injuries,primary_cause,time_period,fatality_ratio,injury_ratio,severity_index,season
2019,1,Maharashtra,Pune,Pune Rural,Rural,National Highway,282,76,92,190,Over-speeding,Day (06:00-18:00),0.3262,0.6738,0.5284,Winter
2019,2,Maharashtra,Pune,Pune Rural,Rural,National Highway,284,74,90,194,Over-speeding,Night (18:00-06:00),0.3169,0.6831,0.5218,Winter
2019,3,Maharashtra,Pune,Pune Rural,Rural,National Highway,285,65,74,174,Over-speeding,Day (06:00-18:00),0.2596,0.6105,0.4428,Summer
2019,4,Maharashtra,Pune,Pune Rural,Rural,National Highway,264,74,76,173,Over-speeding,Day (06:00-18:00),0.2879,0.6553,0.4845,Summer
2019,5,Maharashtra,Pune,Pune Rural,Rural,National Highway,275,65,88,187,Dangerous Overtaking,Day (06:00-18:00),0.32,0.68,0.524,Summer
2019,6,Maharashtra,Pune,Pune Rural,Rural,National Highway,364,82,97,267,Road Defect / Pothole,Night (18:00-06:00),0.2665,0.7335,0.4865,Monsoon
2019,7,Maharashtra,Pune,Pune Rural,Rural,National Highway,338,94,94,242,Adverse Weather / Monsoon,Day (06:00-18:00),0.2781,0.716,0.4929,Monsoon
2019,8,Maharashtra,Pune,Pune Rural,Rural,National Highway,381,98,99,236,Adverse Weather / Monsoon,Day (06:00-18:00),0.2598,0.6194,0.4457,Monsoon
2019,9,Maharashtra,Pune,Pune Rural,Rural,National Highway,385,106,116,264,Dangerous Overtaking,Night (18:00-06:00),0.3013,0.6857,0.507,Monsoon
2019,10,Maharashtra,Pune,Pune Rural,Rural,National Highway,254,62,74,180,Over-speeding,Day (06:00-18:00),0.2913,0.7087,0.5039,Post-Monsoon
2019,11,Maharashtra,Pune,Pune Rural,Rural,National Highway,285,67,78,188,Over-speeding,Night (18:00-06:00),0.2737,0.6596,0.4716,Post-Monsoon
2019,12,Maharashtra,Pune,Pune Rural,Rural,National Highway,268,77,93,175,Over-speeding,Night (18:00-06:00),0.347,0.653,0.5429,Winter
2019,1,Maharashtra,Pune,Pune City,City,Urban / City Road,104,24,28,67,Over-speeding,Day (06:00-18:00),0.2692,0.6442,0.4625,Winter
2019,2,Maharashtra,Pune,Pune City,City,Urban / City Road,107,21,27,67,Over-speeding,Day (06:00-18:00),0.2523,0.6262,0.4402,Winter
2019,3,Maharashtra,Pune,Pune City,City,Urban / City Road,105,25,27,73,Over-speeding,Night (18:00-06:00),0.2571,0.6952,0.4657,Summer
2019,4,Maharashtra,Pune,Pune City,City,Urban / City Road,105,24,27,74,Over-speeding,Day (06:00-18:00),0.2571,0.7048,0.4686,Summer
2019,5,Maharashtra,Pune,Pune City,City,Urban / City Road,99,19,23,76,Over-speeding,Day (06:00-18:00),0.2323,0.7677,0.4626,Summer
2019,6,Maharashtra,Pune,Pune City,City,Urban / City Road,142,29,32,102,Over-speeding,Day (06:00-18:00),0.2254,0.7183,0.4408,Monsoon
2019,7,Maharashtra,Pune,Pune City,City,Urban / City Road,134,31,31,103,Adverse Weather / Monsoon,Night (18:00-06:00),0.2313,0.7687,0.4619,Monsoon
2019,8,Maharashtra,Pune,Pune City,City,Urban / City Road,142,30,39,103,Adverse Weather / Monsoon,Day (06:00-18:00),0.2746,0.7254,0.4923,Monsoon
2019,9,Maharashtra,Pune,Pune City,City,Urban / City Road,138,32,34,104,Over-speeding,Day (06:00-18:00),0.2464,0.7536,0.4725,Monsoon
2019,10,Maharashtra,Pune,Pune City,City,Urban / City Road,98,20,24,71,Adverse Weather / Monsoon,Day (06:00-18:00),0.2449,0.7245,0.4622,Post-Monsoon
2019,11,Maharashtra,Pune,Pune City,City,Urban / City Road,109,22,28,81,Road Defect / Pothole,Day (06:00-18:00),0.2569,0.7431,0.4798,Post-Monsoon
2019,12,Maharashtra,Pune,Pune City,City,Urban / City Road,100,21,25,67,Dangerous Overtaking,Day (06:00-18:00),0.25,0.67,0.451,Winter
2019,1,Maharashtra,Nashik,Nashik Rural,Rural,National Highway,203,67,67,136,Over-speeding,Day (06:00-18:00),0.33,0.67,0.531,Winter
2019,2,Maharashtra,Nashik,Nashik Rural,Rural,National Highway,236,66,66,151,Over-speeding,Night (18:00-06:00),0.2797,0.6398,0.4716,Winter
2019,3,Maharashtra,Nashik,Nashik Rural,Rural,National Highway,219,65,74,145,Over-speeding,Night (18:00-06:00),0.3379,0.6621,0.5365,Summer
2019,4,Maharashtra,Nashik,Nashik Rural,Rural,National Highway,211,54,65,146,Dangerous Overtaking,Day (06:00-18:00),0.3081,0.6919,0.5156,Summer
2019,5,Maharashtra,Nashik,Nashik Rural,Rural,National Highway,215,66,66,134,Dangerous Overtaking,Day (06:00-18:00),0.307,0.6233,0.494,Summer
2019,6,Maharashtra,Nashik,Nashik Rural,Rural,National Highway,307,79,84,174,Adverse Weather / Monsoon,Night (18:00-06:00),0.2736,0.5668,0.4436,Monsoon
2019,7,Maharashtra,Nashik,Nashik Rural,Rural,National Highway,289,91,98,191,Over-speeding,Day (06:00-18:00),0.3391,0.6609,0.5374,Monsoon
2019,8,Maharashtra,Nashik,Nashik Rural,Rural,National Highway,305,86,105,183,Adverse Weather / Monsoon,Night (18:00-06:00),0.3443,0.6,0.5243,Monsoon
2019,9,Maharashtra,Nashik,Nashik Rural,Rural,National Highway,305,86,102,173,Over-speeding,Night (18:00-06:00),0.3344,0.5672,0.5046,Monsoon
2019,10,Maharashtra,Nashik,Nashik Rural,Rural,National Highway,219,55,61,148,Over-speeding,Day (06:00-18:00),0.2785,0.6758,0.4813,Post-Monsoon
2019,11,Maharashtra,Nashik,Nashik Rural,Rural,National Highway,217,66,75,136,Dangerous Overtaking,Day (06:00-18:00),0.3456,0.6267,0.5336,Post-Monsoon
2019,12,Maharashtra,Nashik,Nashik Rural,Rural,National Highway,231,66,77,154,Dangerous Overtaking,Day (06:00-18:00),0.3333,0.6667,0.5333,Winter
2019,1,Maharashtra,Nashik,Nashik City,City,Urban / City Road,54,14,16,38,Road Defect / Pothole,Day (06:00-18:00),0.2963,0.7037,0.5074,Winter
2019,2,Maharashtra,Nashik,Nashik City,City,Urban / City Road,62,16,18,40,Dangerous Overtaking,Day (06:00-18:00),0.2903,0.6452,0.4839,Winter
2019,3,Maharashtra,Nashik,Nashik City,City,Urban / City Road,55,14,18,37,Dangerous Overtaking,Day (06:00-18:00),0.3273,0.6727,0.5291,Summer
2019,4,Maharashtra,Nashik,Nashik City,City,Urban / City Road,62,17,19,39,Over-speeding,Night (18:00-06:00),0.3065,0.629,0.4952,Summer
2019,5,Maharashtra,Nashik,Nashik City,City,Urban / City Road,62,17,19,43,Over-speeding,Day (06:00-18:00),0.3065,0.6935,0.5145,Summer
2019,6,Maharashtra,Nashik,Nashik City,City,Urban / City Road,81,17,21,54,Adverse Weather / Monsoon,Night (18:00-06:00),0.2593,0.6667,0.4593,Monsoon
2019,7,Maharashtra,Nashik,Nashik City,City,Urban / City Road,78,20,20,58,Adverse Weather / Monsoon,Night (18:00-06:00),0.2564,0.7436,0.4795,Monsoon
2019,8,Maharashtra,Nashik,Nashik City,City,Urban / City Road,79,21,24,52,Adverse Weather / Monsoon,Night (18:00-06:00),0.3038,0.6582,0.5013,Monsoon
2019,9,Maharashtra,Nashik,Nashik City,City,Urban / City Road,81,19,25,53,Drunk Driving,Night (18:00-06:00),0.3086,0.6543,0.5049,Monsoon
2019,10,Maharashtra,Nashik,Nashik City,City,Urban / City Road,60,16,19,39,Over-speeding,Day (06:00-18:00),0.3167,0.65,0.5117,Post-Monsoon
2019,11,Maharashtra,Nashik,Nashik City,City,Urban / City Road,58,15,15,41,Over-speeding,Night (18:00-06:00),0.2586,0.7069,0.4707,Post-Monsoon
2019,12,Maharashtra,Nashik,Nashik City,City,Urban / City Road,54,15,15,39,Over-speeding,Day (06:00-18:00),0.2778,0.7222,0.4944,Winter
2019,1,Maharashtra,Solapur,Solapur Rural,Rural,National Highway,174,50,50,101,Over-speeding,Day (06:00-18:00),0.2874,0.5805,0.4615,Winter
2019,2,Maharashtra,Solapur,Solapur Rural,Rural,National Highway,178,51,57,121,Over-speeding,Day (06:00-18:00),0.3202,0.6798,0.5242,Winter
2019,3,Maharashtra,Solapur,Solapur Rural,Rural,National Highway,175,47,51,101,Over-speeding,Night (18:00-06:00),0.2914,0.5771,0.4646,Summer
2019,4,Maharashtra,Solapur,Solapur Rural,Rural,National Highway,176,47,58,103,Over-speeding,Day (06:00-18:00),0.3295,0.5852,0.5051,Summer
2019,5,Maharashtra,Solapur,Solapur Rural,Rural,National Highway,167,50,59,105,Road Defect / Pothole,Night (18:00-06:00),0.3533,0.6287,0.5419,Summer
2019,6,Maharashtra,Solapur,Solapur Rural,Rural,National Highway,220,62,75,138,Over-speeding,Night (18:00-06:00),0.3409,0.6273,0.5291,Monsoon
2019,7,Maharashtra,Solapur,Solapur Rural,Rural,National Highway,196,55,64,132,Adverse Weather / Monsoon,Day (06:00-18:00),0.3265,0.6735,0.5286,Monsoon
2019,8,Maharashtra,Solapur,Solapur Rural,Rural,National Highway,207,63,72,135,Over-speeding,Night (18:00-06:00),0.3478,0.6522,0.5435,Monsoon
2019,9,Maharashtra,Solapur,Solapur Rural,Rural,National Highway,223,61,63,149,Over-speeding,Night (18:00-06:00),0.2825,0.6682,0.483,Monsoon
2019,10,Maharashtra,Solapur,Solapur Rural,Rural,National Highway,170,42,50,113,Over-speeding,Night (18:00-06:00),0.2941,0.6647,0.4935,Post-Monsoon
2019,11,Maharashtra,Solapur,Solapur Rural,Rural,National Highway,180,46,56,113,Over-speeding,Day (06:00-18:00),0.3111,0.6278,0.4994,Post-Monsoon
2019,12,Maharashtra,Solapur,Solapur Rural,Rural,National Highway,180,53,53,119,Over-speeding,Day (06:00-18:00),0.2944,0.6611,0.4928,Winter
2019,1,Maharashtra,Solapur,Solapur City,City,Urban / City Road,30,6,7,23,Over-speeding,Day (06:00-18:00),0.2333,0.7667,0.4633,Winter
2019,2,Maharashtra,Solapur,Solapur City,City,Urban / City Road,33,7,7,22,Over-speeding,Night (18:00-06:00),0.2121,0.6667,0.4121,Winter
2019,3,Maharashtra,Solapur,Solapur City,City,Urban / City Road,34,8,10,24,Over-speeding,Day (06:00-18:00),0.2941,0.7059,0.5059,Summer
2019,4,Maharashtra,Solapur,Solapur City,City,Urban / City Road,33,8,9,22,Over-speeding,Night (18:00-06:00),0.2727,0.6667,0.4727,Summer
2019,5,Maharashtra,Solapur,Solapur City,City,Urban / City Road,32,8,10,22,Drunk Driving,Night (18:00-06:00),0.3125,0.6875,0.5188,Summer
2019,6,Maharashtra,Solapur,Solapur City,City,Urban / City Road,45,10,13,32,Over-speeding,Night (18:00-06:00),0.2889,0.7111,0.5022,Monsoon
2019,7,Maharashtra,Solapur,Solapur City,City,Urban / City Road,40,10,10,27,Adverse Weather / Monsoon,Night (18:00-06:00),0.25,0.675,0.4525,Monsoon
2019,8,Maharashtra,Solapur,Solapur City,City,Urban / City Road,41,10,12,28,Adverse Weather / Monsoon,Night (18:00-06:00),0.2927,0.6829,0.4976,Monsoon
2019,9,Maharashtra,Solapur,Solapur City,City,Urban / City Road,43,9,12,30,Over-speeding,Day (06:00-18:00),0.2791,0.6977,0.4884,Monsoon
2019,10,Maharashtra,Solapur,Solapur City,City,Urban / City Road,31,7,10,21,Over-speeding,Night (18:00-06:00),0.3226,0.6774,0.5258,Post-Monsoon
2019,11,Maharashtra,Solapur,Solapur City,City,Urban / City Road,32,6,8,23,Over-speeding,Night (18:00-06:00),0.25,0.7188,0.4656,Post-Monsoon
2019,12,Maharashtra,Solapur,Solapur City,City,Urban / City Road,32,6,7,25,Over-speeding,Day (06:00-18:00),0.2188,0.7812,0.4531,Winter
2019,1,Maharashtra,Ahmednagar,Ahmednagar,Rural,State Highway,218,69,78,140,Over-speeding,Day (06:00-18:00),0.3578,0.6422,0.5505,Winter
2019,2,Maharashtra,Ahmednagar,Ahmednagar,Rural,State Highway,214,59,70,144,Over-speeding,Day (06:00-18:00),0.3271,0.6729,0.529,Winter
2019,3,Maharashtra,Ahmednagar,Ahmednagar,Rural,State Highway,191,52,68,123,Over-speeding,Night (18:00-06:00),0.356,0.644,0.5492,Summer
2019,4,Maharashtra,Ahmednagar,Ahmednagar,Rural,State Highway,212,69,71,130,Over-speeding,Night (18:00-06:00),0.3349,0.6132,0.5189,Summer
2019,5,Maharashtra,Ahmednagar,Ahmednagar,Rural,State Highway,225,52,79,146,Over-speeding,Night (18:00-06:00),0.3511,0.6489,0.5458,Summer
2019,6,Maharashtra,Ahmednagar,Ahmednagar,Rural,State Highway,281,69,104,177,Road Defect / Pothole,Day (06:00-18:00),0.3701,0.6299,0.5591,Monsoon
2019,7,Maharashtra,Ahmednagar,Ahmednagar,Rural,State Highway,276,79,96,180,Adverse Weather / Monsoon,Day (06:00-18:00),0.3478,0.6522,0.5435,Monsoon
2019,8,Maharashtra,Ahmednagar,Ahmednagar,Rural,State Highway,277,89,103,174,Dangerous Overtaking,Day (06:00-18:00),0.3718,0.6282,0.5603,Monsoon
2019,9,Maharashtra,Ahmednagar,Ahmednagar,Rural,State Highway,265,82,87,161,Road Defect / Pothole,Night (18:00-06:00),0.3283,0.6075,0.5106,Monsoon
2019,10,Maharashtra,Ahmednagar,Ahmednagar,Rural,State Highway,212,57,70,142,Dangerous Overtaking,Day (06:00-18:00),0.3302,0.6698,0.5311,Post-Monsoon
2019,11,Maharashtra,Ahmednagar,Ahmednagar,Rural,State Highway,219,69,76,139,Dangerous Overtaking,Day (06:00-18:00),0.347,0.6347,0.5374,Post-Monsoon
2019,12,Maharashtra,Ahmednagar,Ahmednagar,Rural,State Highway,220,52,77,121,Over-speeding,Night (18:00-06:00),0.35,0.55,0.515,Winter
2019,1,Maharashtra,Thane,Thane Rural,Rural,National Highway,147,40,40,87,Road Defect / Pothole,Night (18:00-06:00),0.2721,0.5918,0.4497,Winter
2019,2,Maharashtra,Thane,Thane Rural,Rural,National Highway,143,39,45,85,Over-speeding,Night (18:00-06:00),0.3147,0.5944,0.493,Winter
2019,3,Maharashtra,Thane,Thane Rural,Rural,National Highway,143,45,52,90,Drunk Driving,Night (18:00-06:00),0.3636,0.6294,0.5524,Summer
2019,4,Maharashtra,Thane,Thane Rural,Rural,National Highway,144,39,42,83,Road Defect / Pothole,Night (18:00-06:00),0.2917,0.5764,0.4646,Summer
2019,5,Maharashtra,Thane,Thane Rural,Rural,National Highway,134,41,47,87,Over-speeding,Night (18:00-06:00),0.3507,0.6493,0.5455,Summer
2019,6,Maharashtra,Thane,Thane Rural,Rural,National Highway,190,52,64,126,Dangerous Overtaking,Day (06:00-18:00),0.3368,0.6632,0.5358,Monsoon
2019,7,Maharashtra,Thane,Thane Rural,Rural,National Highway,190,46,57,106,Adverse Weather / Monsoon,Night (18:00-06:00),0.3,0.5579,0.4674,Monsoon
2019,8,Maharashtra,Thane,Thane Rural,Rural,National Highway,167,44,53,114,Dangerous Overtaking,Day (06:00-18:00),0.3174,0.6826,0.5222,Monsoon
2019,9,Maharashtra,Thane,Thane Rural,Rural,National Highway,191,52,57,124,Over-speeding,Night (18:00-06:00),0.2984,0.6492,0.4932,Monsoon
2019,10,Maharashtra,Thane,Thane Rural,Rural,National Highway,148,35,51,97,Over-speeding,Day (06:00-18:00),0.3446,0.6554,0.5412,Post-Monsoon
2019,11,Maharashtra,Thane,Thane Rural,Rural,National Highway,137,39,51,86,Dangerous Overtaking,Day (06:00-18:00),0.3723,0.6277,0.5606,Post-Monsoon
2019,12,Maharashtra,Thane,Thane Rural,Rural,National Highway,123,35,40,83,Over-speeding,Night (18:00-06:00),0.3252,0.6748,0.5276,Winter
2019,1,Maharashtra,Thane,Thane City,City,Urban / City Road,97,27,28,69,Dangerous Overtaking,Day (06:00-18:00),0.2887,0.7113,0.5021,Winter
2019,2,Maharashtra,Thane,Thane City,City,Urban / City Road,92,22,25,66,Over-speeding,Day (06:00-18:00),0.2717,0.7174,0.487,Winter
2019,3,Maharashtra,Thane,Thane City,City,Urban / City Road,96,22,29,67,Over-speeding,Night (18:00-06:00),0.3021,0.6979,0.5115,Summer
2019,4,Maharashtra,Thane,Thane City,City,Urban / City Road,95,25,32,63,Adverse Weather / Monsoon,Night (18:00-06:00),0.3368,0.6632,0.5358,Summer
2019,5,Maharashtra,Thane,Thane City,City,Urban / City Road,100,26,28,72,Over-speeding,Day (06:00-18:00),0.28,0.72,0.496,Summer
2019,6,Maharashtra,Thane,Thane City,City,Urban / City Road,127,33,39,88,Over-speeding,Night (18:00-06:00),0.3071,0.6929,0.515,Monsoon
2019,7,Maharashtra,Thane,Thane City,City,Urban / City Road,134,34,36,98,Adverse Weather / Monsoon,Day (06:00-18:00),0.2687,0.7313,0.4881,Monsoon
2019,8,Maharashtra,Thane,Thane City,City,Urban / City Road,128,29,39,87,Over-speeding,Day (06:00-18:00),0.3047,0.6797,0.5086,Monsoon
2019,9,Maharashtra,Thane,Thane City,City,Urban / City Road,135,28,37,98,Dangerous Overtaking,Night (18:00-06:00),0.2741,0.7259,0.4919,Monsoon
2019,10,Maharashtra,Thane,Thane City,City,Urban / City Road,104,21,29,70,Dangerous Overtaking,Night (18:00-06:00),0.2788,0.6731,0.4808,Post-Monsoon
2019,11,Maharashtra,Thane,Thane City,City,Urban / City Road,97,22,26,67,Dangerous Overtaking,Day (06:00-18:00),0.268,0.6907,0.4753,Post-Monsoon
2019,12,Maharashtra,Thane,Thane City,City,Urban / City Road,99,25,34,65,Over-speeding,Day (06:00-18:00),0.3434,0.6566,0.5404,Winter
2019,1,Maharashtra,Mumbai,Mumbai Suburban,City,Urban / Expressway,241,26,29,212,Over-speeding,Night (18:00-06:00),0.1203,0.8797,0.3842,Winter
2019,2,Maharashtra,Mumbai,Mumbai Suburban,City,Urban / Expressway,275,28,33,242,Over-speeding,Day (06:00-18:00),0.12,0.88,0.384,Winter
2019,3,Maharashtra,Mumbai,Mumbai Suburban,City,Urban / Expressway,278,31,36,210,Over-speeding,Night (18:00-06:00),0.1295,0.7554,0.3561,Summer
2019,4,Maharashtra,Mumbai,Mumbai Suburban,City,Urban / Expressway,275,29,33,211,Drunk Driving,Day (06:00-18:00),0.12,0.7673,0.3502,Summer
2019,5,Maharashtra,Mumbai,Mumbai Suburban,City,Urban / Expressway,245,29,32,210,Over-speeding,Night (18:00-06:00),0.1306,0.8571,0.3878,Summer
2019,6,Maharashtra,Mumbai,Mumbai Suburban,City,Urban / Expressway,334,34,44,290,Over-speeding,Day (06:00-18:00),0.1317,0.8683,0.3922,Monsoon
2019,7,Maharashtra,Mumbai,Mumbai Suburban,City,Urban / Expressway,357,33,38,319,Adverse Weather / Monsoon,Day (06:00-18:00),0.1064,0.8936,0.3745,Monsoon
2019,8,Maharashtra,Mumbai,Mumbai Suburban,City,Urban / Expressway,346,39,46,289,Over-speeding,Night (18:00-06:00),0.1329,0.8353,0.3835,Monsoon
2019,9,Maharashtra,Mumbai,Mumbai Suburban,City,Urban / Expressway,356,34,49,304,Adverse Weather / Monsoon,Day (06:00-18:00),0.1376,0.8539,0.3938,Monsoon
2019,10,Maharashtra,Mumbai,Mumbai Suburban,City,Urban / Expressway,271,29,35,236,Over-speeding,Night (18:00-06:00),0.1292,0.8708,0.3904,Post-Monsoon
2019,11,Maharashtra,Mumbai,Mumbai Suburban,City,Urban / Expressway,264,26,29,235,Dangerous Overtaking,Day (06:00-18:00),0.1098,0.8902,0.3769,Post-Monsoon
2019,12,Maharashtra,Mumbai,Mumbai Suburban,City,Urban / Expressway,271,28,36,235,Over-speeding,Day (06:00-18:00),0.1328,0.8672,0.393,Winter
2019,1,Maharashtra,Mumbai,Mumbai City,City,Urban / City Road,170,21,21,149,Over-speeding,Night (18:00-06:00),0.1235,0.8765,0.3865,Winter
2019,2,Maharashtra,Mumbai,Mumbai City,City,Urban / City Road,176,22,23,153,Over-speeding,Night (18:00-06:00),0.1307,0.8693,0.3915,Winter
2019,3,Maharashtra,Mumbai,Mumbai City,City,Urban / City Road,179,17,21,158,Dangerous Overtaking,Day (06:00-18:00),0.1173,0.8827,0.3821,Summer
2019,4,Maharashtra,Mumbai,Mumbai City,City,Urban / City Road,185,17,24,143,Over-speeding,Night (18:00-06:00),0.1297,0.773,0.3616,Summer
2019,5,Maharashtra,Mumbai,Mumbai City,City,Urban / City Road,183,21,23,160,Over-speeding,Night (18:00-06:00),0.1257,0.8743,0.388,Summer
2019,6,Maharashtra,Mumbai,Mumbai City,City,Urban / City Road,225,23,33,192,Drunk Driving,Day (06:00-18:00),0.1467,0.8533,0.4027,Monsoon
2019,7,Maharashtra,Mumbai,Mumbai City,City,Urban / City Road,234,27,32,202,Adverse Weather / Monsoon,Day (06:00-18:00),0.1368,0.8632,0.3957,Monsoon
2019,8,Maharashtra,Mumbai,Mumbai City,City,Urban / City Road,226,27,27,199,Adverse Weather / Monsoon,Night (18:00-06:00),0.1195,0.8805,0.3836,Monsoon
2019,9,Maharashtra,Mumbai,Mumbai City,City,Urban / City Road,230,26,30,200,Over-speeding,Night (18:00-06:00),0.1304,0.8696,0.3913,Monsoon
2019,10,Maharashtra,Mumbai,Mumbai City,City,Urban / City Road,186,21,23,162,Dangerous Overtaking,Day (06:00-18:00),0.1237,0.871,0.3849,Post-Monsoon
2019,11,Maharashtra,Mumbai,Mumbai City,City,Urban / City Road,179,19,23,156,Adverse Weather / Monsoon,Night (18:00-06:00),0.1285,0.8715,0.3899,Post-Monsoon
2019,12,Maharashtra,Mumbai,Mumbai City,City,Urban / City Road,179,20,20,159,Over-speeding,Night (18:00-06:00),0.1117,0.8883,0.3782,Winter
2019,1,Maharashtra,Nagpur,Nagpur Rural,Rural,National Highway,147,41,46,90,Over-speeding,Day (06:00-18:00),0.3129,0.6122,0.4966,Winter
2019,2,Maharashtra,Nagpur,Nagpur Rural,Rural,National Highway,146,38,39,90,Over-speeding,Night (18:00-06:00),0.2671,0.6164,0.4521,Winter
2019,3,Maharashtra,Nagpur,Nagpur Rural,Rural,National Highway,135,42,44,91,Over-speeding,Day (06:00-18:00),0.3259,0.6741,0.5281,Summer
2019,4,Maharashtra,Nagpur,Nagpur Rural,Rural,National Highway,131,40,41,90,Adverse Weather / Monsoon,Day (06:00-18:00),0.313,0.687,0.5191,Summer
2019,5,Maharashtra,Nagpur,Nagpur Rural,Rural,National Highway,143,34,48,95,Over-speeding,Night (18:00-06:00),0.3357,0.6643,0.535,Summer
2019,6,Maharashtra,Nagpur,Nagpur Rural,Rural,National Highway,191,46,59,132,Over-speeding,Night (18:00-06:00),0.3089,0.6911,0.5162,Monsoon
2019,7,Maharashtra,Nagpur,Nagpur Rural,Rural,National Highway,195,48,65,130,Over-speeding,Day (06:00-18:00),0.3333,0.6667,0.5333,Monsoon
2019,8,Maharashtra,Nagpur,Nagpur Rural,Rural,National Highway,188,45,61,127,Adverse Weather / Monsoon,Day (06:00-18:00),0.3245,0.6755,0.5271,Monsoon
2019,9,Maharashtra,Nagpur,Nagpur Rural,Rural,National Highway,177,47,61,113,Adverse Weather / Monsoon,Night (18:00-06:00),0.3446,0.6384,0.5362,Monsoon
2019,10,Maharashtra,Nagpur,Nagpur Rural,Rural,National Highway,134,41,43,90,Over-speeding,Day (06:00-18:00),0.3209,0.6716,0.5224,Post-Monsoon
2019,11,Maharashtra,Nagpur,Nagpur Rural,Rural,National Highway,143,34,48,86,Over-speeding,Night (18:00-06:00),0.3357,0.6014,0.5161,Post-Monsoon
2019,12,Maharashtra,Nagpur,Nagpur Rural,Rural,National Highway,126,40,40,86,Dangerous Overtaking,Day (06:00-18:00),0.3175,0.6825,0.5222,Winter
2019,1,Maharashtra,Nagpur,Nagpur City,City,Urban / City Road,96,20,20,76,Drunk Driving,Day (06:00-18:00),0.2083,0.7917,0.4458,Winter
2019,2,Maharashtra,Nagpur,Nagpur City,City,Urban / City Road,97,17,20,77,Over-speeding,Day (06:00-18:00),0.2062,0.7938,0.4443,Winter
2019,3,Maharashtra,Nagpur,Nagpur City,City,Urban / City Road,92,17,19,73,Over-speeding,Night (18:00-06:00),0.2065,0.7935,0.4446,Summer
2019,4,Maharashtra,Nagpur,Nagpur City,City,Urban / City Road,99,17,21,70,Dangerous Overtaking,Day (06:00-18:00),0.2121,0.7071,0.4242,Summer
2019,5,Maharashtra,Nagpur,Nagpur City,City,Urban / City Road,95,19,21,70,Over-speeding,Night (18:00-06:00),0.2211,0.7368,0.4421,Summer
2019,6,Maharashtra,Nagpur,Nagpur City,City,Urban / City Road,129,25,25,94,Adverse Weather / Monsoon,Night (18:00-06:00),0.1938,0.7287,0.4124,Monsoon
2019,7,Maharashtra,Nagpur,Nagpur City,City,Urban / City Road,121,23,24,95,Dangerous Overtaking,Day (06:00-18:00),0.1983,0.7851,0.4339,Monsoon
2019,8,Maharashtra,Nagpur,Nagpur City,City,Urban / City Road,131,25,33,88,Over-speeding,Night (18:00-06:00),0.2519,0.6718,0.4534,Monsoon
2019,9,Maharashtra,Nagpur,Nagpur City,City,Urban / City Road,124,23,29,95,Dangerous Overtaking,Night (18:00-06:00),0.2339,0.7661,0.4637,Monsoon
2019,10,Maharashtra,Nagpur,Nagpur City,City,Urban / City Road,96,17,19,77,Adverse Weather / Monsoon,Night (18:00-06:00),0.1979,0.8021,0.4385,Post-Monsoon
2019,11,Maharashtra,Nagpur,Nagpur City,City,Urban / City Road,100,17,23,77,Over-speeding,Day (06:00-18:00),0.23,0.77,0.461,Post-Monsoon
2019,12,Maharashtra,Nagpur,Nagpur City,City,Urban / City Road,94,17,19,75,Over-speeding,Night (18:00-06:00),0.2021,0.7979,0.4415,Winter
2019,1,Maharashtra,Kolhapur,Kolhapur,Rural,National Highway,147,40,48,99,Dangerous Overtaking,Day (06:00-18:00),0.3265,0.6735,0.5286,Winter
2019,2,Maharashtra,Kolhapur,Kolhapur,Rural,National Highway,160,45,49,111,Dangerous Overtaking,Day (06:00-18:00),0.3062,0.6938,0.5144,Winter
2019,3,Maharashtra,Kolhapur,Kolhapur,Rural,National Highway,139,44,46,93,Over-speeding,Night (18:00-06:00),0.3309,0.6691,0.5317,Summer
2019,4,Maharashtra,Kolhapur,Kolhapur,Rural,National Highway,147,38,54,93,Dangerous Overtaking,Day (06:00-18:00),0.3673,0.6327,0.5571,Summer
2019,5,Maharashtra,Kolhapur,Kolhapur,Rural,National Highway,157,39,49,108,Drunk Driving,Night (18:00-06:00),0.3121,0.6879,0.5185,Summer
2019,6,Maharashtra,Kolhapur,Kolhapur,Rural,National Highway,190,54,67,123,Adverse Weather / Monsoon,Day (06:00-18:00),0.3526,0.6474,0.5468,Monsoon
2019,7,Maharashtra,Kolhapur,Kolhapur,Rural,National Highway,217,51,64,135,Adverse Weather / Monsoon,Night (18:00-06:00),0.2949,0.6221,0.4816,Monsoon
2019,8,Maharashtra,Kolhapur,Kolhapur,Rural,National Highway,205,62,69,127,Over-speeding,Night (18:00-06:00),0.3366,0.6195,0.5224,Monsoon
2019,9,Maharashtra,Kolhapur,Kolhapur,Rural,National Highway,217,56,56,145,Over-speeding,Day (06:00-18:00),0.2581,0.6682,0.4585,Monsoon
2019,10,Maharashtra,Kolhapur,Kolhapur,Rural,National Highway,164,43,43,98,Adverse Weather / Monsoon,Night (18:00-06:00),0.2622,0.5976,0.4415,Post-Monsoon
2019,11,Maharashtra,Kolhapur,Kolhapur,Rural,National Highway,165,47,49,109,Over-speeding,Night (18:00-06:00),0.297,0.6606,0.4952,Post-Monsoon
2019,12,Maharashtra,Kolhapur,Kolhapur,Rural,National Highway,145,39,51,94,Over-speeding,Night (18:00-06:00),0.3517,0.6483,0.5462,Winter
2019,1,Maharashtra,Satara,Satara,Rural,National Highway,145,36,51,94,Over-speeding,Night (18:00-06:00),0.3517,0.6483,0.5462,Winter
2019,2,Maharashtra,Satara,Satara,Rural,National Highway,149,46,49,100,Over-speeding,Day (06:00-18:00),0.3289,0.6711,0.5302,Winter
2019,3,Maharashtra,Satara,Satara,Rural,National Highway,156,41,41,98,Adverse Weather / Monsoon,Night (18:00-06:00),0.2628,0.6282,0.4513,Summer
2019,4,Maharashtra,Satara,Satara,Rural,National Highway,160,44,45,96,Over-speeding,Night (18:00-06:00),0.2812,0.6,0.4612,Summer
2019,5,Maharashtra,Satara,Satara,Rural,National Highway,156,44,54,96,Over-speeding,Night (18:00-06:00),0.3462,0.6154,0.5308,Summer
2019,6,Maharashtra,Satara,Satara,Rural,National Highway,181,52,55,123,Over-speeding,Day (06:00-18:00),0.3039,0.6796,0.5077,Monsoon
2019,7,Maharashtra,Satara,Satara,Rural,National Highway,180,53,53,127,Adverse Weather / Monsoon,Day (06:00-18:00),0.2944,0.7056,0.5061,Monsoon
2019,8,Maharashtra,Satara,Satara,Rural,National Highway,208,47,68,127,Adverse Weather / Monsoon,Day (06:00-18:00),0.3269,0.6106,0.5101,Monsoon
2019,9,Maharashtra,Satara,Satara,Rural,National Highway,195,56,56,122,Adverse Weather / Monsoon,Night (18:00-06:00),0.2872,0.6256,0.4749,Monsoon
2019,10,Maharashtra,Satara,Satara,Rural,National Highway,148,38,48,91,Over-speeding,Day (06:00-18:00),0.3243,0.6149,0.5088,Post-Monsoon
2019,11,Maharashtra,Satara,Satara,Rural,National Highway,153,36,45,107,Adverse Weather / Monsoon,Night (18:00-06:00),0.2941,0.6993,0.5039,Post-Monsoon
2019,12,Maharashtra,Satara,Satara,Rural,National Highway,159,40,43,103,Dangerous Overtaking,Day (06:00-18:00),0.2704,0.6478,0.4648,Winter
2019,1,Maharashtra,Jalgaon,Jalgaon,Rural,State Highway,133,33,38,84,Dangerous Overtaking,Night (18:00-06:00),0.2857,0.6316,0.4752,Winter
2019,2,Maharashtra,Jalgaon,Jalgaon,Rural,State Highway,124,33,46,78,Adverse Weather / Monsoon,Night (18:00-06:00),0.371,0.629,0.5597,Winter
2019,3,Maharashtra,Jalgaon,Jalgaon,Rural,State Highway,134,37,45,85,Over-speeding,Day (06:00-18:00),0.3358,0.6343,0.5261,Summer
2019,4,Maharashtra,Jalgaon,Jalgaon,Rural,State Highway,122,38,38,84,Over-speeding,Day (06:00-18:00),0.3115,0.6885,0.518,Summer
2019,5,Maharashtra,Jalgaon,Jalgaon,Rural,State Highway,129,36,36,84,Over-speeding,Night (18:00-06:00),0.2791,0.6512,0.4744,Summer
2019,6,Maharashtra,Jalgaon,Jalgaon,Rural,State Highway,175,49,52,112,Over-speeding,Night (18:00-06:00),0.2971,0.64,0.4891,Monsoon
2019,7,Maharashtra,Jalgaon,Jalgaon,Rural,State Highway,175,52,57,118,Adverse Weather / Monsoon,Night (18:00-06:00),0.3257,0.6743,0.528,Monsoon
2019,8,Maharashtra,Jalgaon,Jalgaon,Rural,State Highway,170,51,56,103,Adverse Weather / Monsoon,Day (06:00-18:00),0.3294,0.6059,0.5112,Monsoon
2019,9,Maharashtra,Jalgaon,Jalgaon,Rural,State Highway,175,45,48,116,Over-speeding,Night (18:00-06:00),0.2743,0.6629,0.4731,Monsoon
2019,10,Maharashtra,Jalgaon,Jalgaon,Rural,State Highway,133,30,41,80,Dangerous Overtaking,Night (18:00-06:00),0.3083,0.6015,0.4887,Post-Monsoon
2019,11,Maharashtra,Jalgaon,Jalgaon,Rural,State Highway,128,37,38,84,Drunk Driving,Day (06:00-18:00),0.2969,0.6562,0.4938,Post-Monsoon
2019,12,Maharashtra,Jalgaon,Jalgaon,Rural,State Highway,131,41,42,81,Dangerous Overtaking,Night (18:00-06:00),0.3206,0.6183,0.5061,Winter
2019,1,Maharashtra,Sangli,Sangli,Rural,State Highway,112,34,43,69,Over-speeding,Night (18:00-06:00),0.3839,0.6161,0.5688,Winter
2019,2,Maharashtra,Sangli,Sangli,Rural,State Highway,117,31,39,78,Over-speeding,Night (18:00-06:00),0.3333,0.6667,0.5333,Winter
2019,3,Maharashtra,Sangli,Sangli,Rural,State Highway,125,35,43,70,Drunk Driving,Day (06:00-18:00),0.344,0.56,0.512,Summer
2019,4,Maharashtra,Sangli,Sangli,Rural,State Highway,116,32,36,80,Dangerous Overtaking,Day (06:00-18:00),0.3103,0.6897,0.5172,Summer
2019,5,Maharashtra,Sangli,Sangli,Rural,State Highway,119,32,44,75,Over-speeding,Night (18:00-06:00),0.3697,0.6303,0.5588,Summer
2019,6,Maharashtra,Sangli,Sangli,Rural,State Highway,156,38,46,104,Dangerous Overtaking,Day (06:00-18:00),0.2949,0.6667,0.4949,Monsoon
2019,7,Maharashtra,Sangli,Sangli,Rural,State Highway,164,42,45,109,Adverse Weather / Monsoon,Day (06:00-18:00),0.2744,0.6646,0.4738,Monsoon
2019,8,Maharashtra,Sangli,Sangli,Rural,State Highway,165,42,57,108,Over-speeding,Day (06:00-18:00),0.3455,0.6545,0.5418,Monsoon
2019,9,Maharashtra,Sangli,Sangli,Rural,State Highway,155,48,48,100,Road Defect / Pothole,Day (06:00-18:00),0.3097,0.6452,0.5032,Monsoon
2019,10,Maharashtra,Sangli,Sangli,Rural,State Highway,122,35,41,81,Drunk Driving,Night (18:00-06:00),0.3361,0.6639,0.5352,Post-Monsoon
2019,11,Maharashtra,Sangli,Sangli,Rural,State Highway,111,33,33,78,Drunk Driving,Day (06:00-18:00),0.2973,0.7027,0.5081,Post-Monsoon
2019,12,Maharashtra,Sangli,Sangli,Rural,State Highway,109,34,34,75,Over-speeding,Day (06:00-18:00),0.3119,0.6881,0.5183,Winter
2019,1,Maharashtra,Nanded,Nanded,Rural,State Highway,112,28,37,75,Over-speeding,Day (06:00-18:00),0.3304,0.6696,0.5312,Winter
2019,2,Maharashtra,Nanded,Nanded,Rural,State Highway,101,29,31,70,Dangerous Overtaking,Day (06:00-18:00),0.3069,0.6931,0.5149,Winter
2019,3,Maharashtra,Nanded,Nanded,Rural,State Highway,110,33,40,64,Over-speeding,Day (06:00-18:00),0.3636,0.5818,0.5382,Summer
2019,4,Maharashtra,Nanded,Nanded,Rural,State Highway,112,27,41,71,Dangerous Overtaking,Night (18:00-06:00),0.3661,0.6339,0.5562,Summer
2019,5,Maharashtra,Nanded,Nanded,Rural,State Highway,108,29,30,71,Over-speeding,Day (06:00-18:00),0.2778,0.6574,0.475,Summer
2019,6,Maharashtra,Nanded,Nanded,Rural,State Highway,127,39,41,86,Dangerous Overtaking,Night (18:00-06:00),0.3228,0.6772,0.526,Monsoon
2019,7,Maharashtra,Nanded,Nanded,Rural,State Highway,148,36,43,86,Adverse Weather / Monsoon,Day (06:00-18:00),0.2905,0.5811,0.4649,Monsoon
2019,8,Maharashtra,Nanded,Nanded,Rural,State Highway,152,40,41,97,Adverse Weather / Monsoon,Night (18:00-06:00),0.2697,0.6382,0.4612,Monsoon
2019,9,Maharashtra,Nanded,Nanded,Rural,State Highway,151,35,51,100,Over-speeding,Night (18:00-06:00),0.3377,0.6623,0.5364,Monsoon
2019,10,Maharashtra,Nanded,Nanded,Rural,State Highway,111,30,37,74,Over-speeding,Day (06:00-18:00),0.3333,0.6667,0.5333,Post-Monsoon
2019,11,Maharashtra,Nanded,Nanded,Rural,State Highway,101,32,32,67,Road Defect / Pothole,Day (06:00-18:00),0.3168,0.6634,0.5158,Post-Monsoon
2019,12,Maharashtra,Nanded,Nanded,Rural,State Highway,110,32,39,71,Dangerous Overtaking,Night (18:00-06:00),0.3545,0.6455,0.5482,Winter
2019,1,Maharashtra,Amravati,Amravati Rural,Rural,National Highway,105,33,38,67,Over-speeding,Night (18:00-06:00),0.3619,0.6381,0.5533,Winter
2019,2,Maharashtra,Amravati,Amravati Rural,Rural,National Highway,94,27,29,65,Adverse Weather / Monsoon,Night (18:00-06:00),0.3085,0.6915,0.516,Winter
2019,3,Maharashtra,Amravati,Amravati Rural,Rural,National Highway,103,27,33,63,Road Defect / Pothole,Day (06:00-18:00),0.3204,0.6117,0.5039,Summer
2019,4,Maharashtra,Amravati,Amravati Rural,Rural,National Highway,106,28,34,68,Over-speeding,Night (18:00-06:00),0.3208,0.6415,0.5132,Summer
2019,5,Maharashtra,Amravati,Amravati Rural,Rural,National Highway,106,27,33,66,Adverse Weather / Monsoon,Day (06:00-18:00),0.3113,0.6226,0.4981,Summer
2019,6,Maharashtra,Amravati,Amravati Rural,Rural,National Highway,133,40,46,79,Dangerous Overtaking,Night (18:00-06:00),0.3459,0.594,0.5241,Monsoon
2019,7,Maharashtra,Amravati,Amravati Rural,Rural,National Highway,121,40,40,80,Adverse Weather / Monsoon,Day (06:00-18:00),0.3306,0.6612,0.5289,Monsoon
2019,8,Maharashtra,Amravati,Amravati Rural,Rural,National Highway,139,38,43,83,Dangerous Overtaking,Day (06:00-18:00),0.3094,0.5971,0.4885,Monsoon
2019,9,Maharashtra,Amravati,Amravati Rural,Rural,National Highway,142,40,41,83,Drunk Driving,Day (06:00-18:00),0.2887,0.5845,0.4641,Monsoon
2019,10,Maharashtra,Amravati,Amravati Rural,Rural,National Highway,108,26,33,60,Over-speeding,Day (06:00-18:00),0.3056,0.5556,0.4722,Post-Monsoon
2019,11,Maharashtra,Amravati,Amravati Rural,Rural,National Highway,99,28,37,62,Dangerous Overtaking,Night (18:00-06:00),0.3737,0.6263,0.5616,Post-Monsoon
2019,12,Maharashtra,Amravati,Amravati Rural,Rural,National Highway,98,25,30,68,Dangerous Overtaking,Day (06:00-18:00),0.3061,0.6939,0.5143,Winter
2019,1,Maharashtra,Amravati,Amravati City,City,Urban / City Road,37,9,11,26,Over-speeding,Day (06:00-18:00),0.2973,0.7027,0.5081,Winter
2019,2,Maharashtra,Amravati,Amravati City,City,Urban / City Road,35,9,9,26,Over-speeding,Day (06:00-18:00),0.2571,0.7429,0.48,Winter
2019,3,Maharashtra,Amravati,Amravati City,City,Urban / City Road,35,8,11,24,Over-speeding,Day (06:00-18:00),0.3143,0.6857,0.52,Summer
2019,4,Maharashtra,Amravati,Amravati City,City,Urban / City Road,37,7,11,26,Dangerous Overtaking,Night (18:00-06:00),0.2973,0.7027,0.5081,Summer
2019,5,Maharashtra,Amravati,Amravati City,City,Urban / City Road,35,9,10,25,Over-speeding,Day (06:00-18:00),0.2857,0.7143,0.5,Summer
2019,6,Maharashtra,Amravati,Amravati City,City,Urban / City Road,47,10,14,33,Road Defect / Pothole,Day (06:00-18:00),0.2979,0.7021,0.5085,Monsoon
2019,7,Maharashtra,Amravati,Amravati City,City,Urban / City Road,46,12,13,30,Adverse Weather / Monsoon,Night (18:00-06:00),0.2826,0.6522,0.4783,Monsoon
2019,8,Maharashtra,Amravati,Amravati City,City,Urban / City Road,47,12,13,34,Dangerous Overtaking,Night (18:00-06:00),0.2766,0.7234,0.4936,Monsoon
2019,9,Maharashtra,Amravati,Amravati City,City,Urban / City Road,47,10,14,33,Over-speeding,Night (18:00-06:00),0.2979,0.7021,0.5085,Monsoon
2019,10,Maharashtra,Amravati,Amravati City,City,Urban / City Road,33,10,11,22,Road Defect / Pothole,Day (06:00-18:00),0.3333,0.6667,0.5333,Post-Monsoon
2019,11,Maharashtra,Amravati,Amravati City,City,Urban / City Road,37,9,11,25,Adverse Weather / Monsoon,Day (06:00-18:00),0.2973,0.6757,0.5,Post-Monsoon
2019,12,Maharashtra,Amravati,Amravati City,City,Urban / City Road,36,9,11,25,Drunk Driving,Day (06:00-18:00),0.3056,0.6944,0.5139,Winter
2019,1,Maharashtra,Raigad,Raigad,Rural,National Highway,146,39,40,83,Over-speeding,Day (06:00-18:00),0.274,0.5685,0.4445,Winter
2019,2,Maharashtra,Raigad,Raigad,Rural,National Highway,139,37,48,91,Over-speeding,Day (06:00-18:00),0.3453,0.6547,0.5417,Winter
2019,3,Maharashtra,Raigad,Raigad,Rural,National Highway,134,39,39,95,Dangerous Overtaking,Day (06:00-18:00),0.291,0.709,0.5037,Summer
2019,4,Maharashtra,Raigad,Raigad,Rural,National Highway,142,39,50,92,Over-speeding,Day (06:00-18:00),0.3521,0.6479,0.5465,Summer
2019,5,Maharashtra,Raigad,Raigad,Rural,National Highway,137,40,44,93,Dangerous Overtaking,Night (18:00-06:00),0.3212,0.6788,0.5248,Summer
2019,6,Maharashtra,Raigad,Raigad,Rural,National Highway,192,58,63,110,Over-speeding,Day (06:00-18:00),0.3281,0.5729,0.5,Monsoon
2019,7,Maharashtra,Raigad,Raigad,Rural,National Highway,198,47,66,132,Adverse Weather / Monsoon,Day (06:00-18:00),0.3333,0.6667,0.5333,Monsoon
2019,8,Maharashtra,Raigad,Raigad,Rural,National Highway,175,47,59,116,Adverse Weather / Monsoon,Day (06:00-18:00),0.3371,0.6629,0.536,Monsoon
2019,9,Maharashtra,Raigad,Raigad,Rural,National Highway,177,54,61,116,Over-speeding,Day (06:00-18:00),0.3446,0.6554,0.5412,Monsoon
2019,10,Maharashtra,Raigad,Raigad,Rural,National Highway,140,35,47,93,Dangerous Overtaking,Day (06:00-18:00),0.3357,0.6643,0.535,Post-Monsoon
2019,11,Maharashtra,Raigad,Raigad,Rural,National Highway,139,42,42,92,Drunk Driving,Day (06:00-18:00),0.3022,0.6619,0.5007,Post-Monsoon
2019,12,Maharashtra,Raigad,Raigad,Rural,National Highway,141,44,47,94,Drunk Driving,Night (18:00-06:00),0.3333,0.6667,0.5333,Winter
2019,1,Maharashtra,Buldhana,Buldhana,Rural,National Highway,91,28,29,62,Drunk Driving,Night (18:00-06:00),0.3187,0.6813,0.5231,Winter
2019,2,Maharashtra,Buldhana,Buldhana,Rural,National Highway,92,29,29,60,Drunk Driving,Day (06:00-18:00),0.3152,0.6522,0.5109,Winter
2019,3,Maharashtra,Buldhana,Buldhana,Rural,National Highway,98,28,28,62,Dangerous Overtaking,Day (06:00-18:00),0.2857,0.6327,0.4755,Summer
2019,4,Maharashtra,Buldhana,Buldhana,Rural,National Highway,99,25,35,58,Over-speeding,Night (18:00-06:00),0.3535,0.5859,0.5293,Summer
2019,5,Maharashtra,Buldhana,Buldhana,Rural,National Highway,97,25,32,61,Dangerous Overtaking,Day (06:00-18:00),0.3299,0.6289,0.5186,Summer
2019,6,Maharashtra,Buldhana,Buldhana,Rural,National Highway,137,37,37,81,Over-speeding,Night (18:00-06:00),0.2701,0.5912,0.4474,Monsoon
2019,7,Maharashtra,Buldhana,Buldhana,Rural,National Highway,129,32,48,76,Adverse Weather / Monsoon,Day (06:00-18:00),0.3721,0.5891,0.5488,Monsoon
2019,8,Maharashtra,Buldhana,Buldhana,Rural,National Highway,115,37,37,78,Over-speeding,Day (06:00-18:00),0.3217,0.6783,0.5252,Monsoon
2019,9,Maharashtra,Buldhana,Buldhana,Rural,National Highway,130,31,42,88,Over-speeding,Day (06:00-18:00),0.3231,0.6769,0.5262,Monsoon
2019,10,Maharashtra,Buldhana,Buldhana,Rural,National Highway,102,27,33,61,Over-speeding,Night (18:00-06:00),0.3235,0.598,0.5029,Post-Monsoon
2019,11,Maharashtra,Buldhana,Buldhana,Rural,National Highway,104,28,33,66,Over-speeding,Day (06:00-18:00),0.3173,0.6346,0.5077,Post-Monsoon
2019,12,Maharashtra,Buldhana,Buldhana,Rural,National Highway,101,25,36,65,Over-speeding,Day (06:00-18:00),0.3564,0.6436,0.5495,Winter
2019,1,Maharashtra,Beed,Beed,Rural,State Highway,100,33,34,66,Dangerous Overtaking,Night (18:00-06:00),0.34,0.66,0.538,Winter
2019,2,Maharashtra,Beed,Beed,Rural,State Highway,112,29,32,64,Road Defect / Pothole,Night (18:00-06:00),0.2857,0.5714,0.4571,Winter
2019,3,Maharashtra,Beed,Beed,Rural,State Highway,108,30,38,70,Over-speeding,Night (18:00-06:00),0.3519,0.6481,0.5463,Summer
2019,4,Maharashtra,Beed,Beed,Rural,State Highway,109,33,38,71,Over-speeding,Day (06:00-18:00),0.3486,0.6514,0.544,Summer
2019,5,Maharashtra,Beed,Beed,Rural,State Highway,107,27,33,74,Dangerous Overtaking,Day (06:00-18:00),0.3084,0.6916,0.5159,Summer
2019,6,Maharashtra,Beed,Beed,Rural,State Highway,135,41,45,90,Adverse Weather / Monsoon,Day (06:00-18:00),0.3333,0.6667,0.5333,Monsoon
2019,7,Maharashtra,Beed,Beed,Rural,State Highway,149,36,51,98,Adverse Weather / Monsoon,Day (06:00-18:00),0.3423,0.6577,0.5396,Monsoon
2019,8,Maharashtra,Beed,Beed,Rural,State Highway,146,43,51,95,Over-speeding,Day (06:00-18:00),0.3493,0.6507,0.5445,Monsoon
2019,9,Maharashtra,Beed,Beed,Rural,State Highway,147,38,49,98,Dangerous Overtaking,Night (18:00-06:00),0.3333,0.6667,0.5333,Monsoon
2019,10,Maharashtra,Beed,Beed,Rural,State Highway,107,34,39,68,Dangerous Overtaking,Night (18:00-06:00),0.3645,0.6355,0.5551,Post-Monsoon
2019,11,Maharashtra,Beed,Beed,Rural,State Highway,98,29,35,63,Over-speeding,Day (06:00-18:00),0.3571,0.6429,0.55,Post-Monsoon
2019,12,Maharashtra,Beed,Beed,Rural,State Highway,100,31,31,69,Road Defect / Pothole,Day (06:00-18:00),0.31,0.69,0.517,Winter
2019,1,Maharashtra,Yavatmal,Yavatmal,Rural,State Highway,93,27,33,59,Dangerous Overtaking,Day (06:00-18:00),0.3548,0.6344,0.5452,Winter
2019,2,Maharashtra,Yavatmal,Yavatmal,Rural,State Highway,99,25,34,58,Drunk Driving,Day (06:00-18:00),0.3434,0.5859,0.5192,Winter
2019,3,Maharashtra,Yavatmal,Yavatmal,Rural,State Highway,103,24,37,66,Road Defect / Pothole,Day (06:00-18:00),0.3592,0.6408,0.5515,Summer
2019,4,Maharashtra,Yavatmal,Yavatmal,Rural,State Highway,89,26,29,59,Dangerous Overtaking,Day (06:00-18:00),0.3258,0.6629,0.5247,Summer
2019,5,Maharashtra,Yavatmal,Yavatmal,Rural,State Highway,102,31,37,65,Over-speeding,Night (18:00-06:00),0.3627,0.6373,0.5539,Summer
2019,6,Maharashtra,Yavatmal,Yavatmal,Rural,State Highway,132,33,42,90,Over-speeding,Day (06:00-18:00),0.3182,0.6818,0.5227,Monsoon
2019,7,Maharashtra,Yavatmal,Yavatmal,Rural,State Highway,130,40,42,88,Drunk Driving,Day (06:00-18:00),0.3231,0.6769,0.5262,Monsoon
2019,8,Maharashtra,Yavatmal,Yavatmal,Rural,State Highway,126,34,37,88,Adverse Weather / Monsoon,Day (06:00-18:00),0.2937,0.6984,0.5032,Monsoon
2019,9,Maharashtra,Yavatmal,Yavatmal,Rural,State Highway,129,40,40,89,Road Defect / Pothole,Day (06:00-18:00),0.3101,0.6899,0.5171,Monsoon
2019,10,Maharashtra,Yavatmal,Yavatmal,Rural,State Highway,101,28,33,68,Over-speeding,Day (06:00-18:00),0.3267,0.6733,0.5287,Post-Monsoon
2019,11,Maharashtra,Yavatmal,Yavatmal,Rural,State Highway,94,30,31,63,Over-speeding,Day (06:00-18:00),0.3298,0.6702,0.5309,Post-Monsoon
2019,12,Maharashtra,Yavatmal,Yavatmal,Rural,State Highway,104,31,35,69,Drunk Driving,Day (06:00-18:00),0.3365,0.6635,0.5356,Winter
2019,1,Maharashtra,Chandrapur,Chandrapur,Rural,National Highway,94,24,30,64,Over-speeding,Night (18:00-06:00),0.3191,0.6809,0.5234,Winter
2019,2,Maharashtra,Chandrapur,Chandrapur,Rural,National Highway,96,27,32,64,Dangerous Overtaking,Night (18:00-06:00),0.3333,0.6667,0.5333,Winter
2019,3,Maharashtra,Chandrapur,Chandrapur,Rural,National Highway,93,23,30,63,Over-speeding,Night (18:00-06:00),0.3226,0.6774,0.5258,Summer
2019,4,Maharashtra,Chandrapur,Chandrapur,Rural,National Highway,82,26,26,55,Over-speeding,Day (06:00-18:00),0.3171,0.6707,0.5183,Summer
2019,5,Maharashtra,Chandrapur,Chandrapur,Rural,National Highway,98,24,32,57,Over-speeding,Night (18:00-06:00),0.3265,0.5816,0.501,Summer
2019,6,Maharashtra,Chandrapur,Chandrapur,Rural,National Highway,122,30,36,72,Dangerous Overtaking,Night (18:00-06:00),0.2951,0.5902,0.4721,Monsoon
2019,7,Maharashtra,Chandrapur,Chandrapur,Rural,National Highway,120,29,34,86,Adverse Weather / Monsoon,Night (18:00-06:00),0.2833,0.7167,0.4983,Monsoon
2019,8,Maharashtra,Chandrapur,Chandrapur,Rural,National Highway,116,30,36,80,Adverse Weather / Monsoon,Day (06:00-18:00),0.3103,0.6897,0.5172,Monsoon
2019,9,Maharashtra,Chandrapur,Chandrapur,Rural,National Highway,120,37,45,75,Road Defect / Pothole,Night (18:00-06:00),0.375,0.625,0.5625,Monsoon
2019,10,Maharashtra,Chandrapur,Chandrapur,Rural,National Highway,95,28,33,62,Over-speeding,Day (06:00-18:00),0.3474,0.6526,0.5432,Post-Monsoon
2019,11,Maharashtra,Chandrapur,Chandrapur,Rural,National Highway,98,25,28,59,Over-speeding,Night (18:00-06:00),0.2857,0.602,0.4663,Post-Monsoon
2019,12,Maharashtra,Chandrapur,Chandrapur,Rural,National Highway,98,23,28,56,Adverse Weather / Monsoon,Night (18:00-06:00),0.2857,0.5714,0.4571,Winter
2019,1,Maharashtra,Latur,Latur,Rural,State Highway,90,27,31,59,Adverse Weather / Monsoon,Day (06:00-18:00),0.3444,0.6556,0.5411,Winter
2019,2,Maharashtra,Latur,Latur,Rural,State Highway,87,27,28,58,Drunk Driving,Night (18:00-06:00),0.3218,0.6667,0.5218,Winter
2019,3,Maharashtra,Latur,Latur,Rural,State Highway,88,28,28,60,Over-speeding,Day (06:00-18:00),0.3182,0.6818,0.5227,Summer
2019,4,Maharashtra,Latur,Latur,Rural,State Highway,82,26,30,52,Over-speeding,Night (18:00-06:00),0.3659,0.6341,0.5561,Summer
2019,5,Maharashtra,Latur,Latur,Rural,State Highway,87,25,28,55,Over-speeding,Day (06:00-18:00),0.3218,0.6322,0.5115,Summer
2019,6,Maharashtra,Latur,Latur,Rural,State Highway,117,33,41,76,Over-speeding,Day (06:00-18:00),0.3504,0.6496,0.5453,Monsoon
2019,7,Maharashtra,Latur,Latur,Rural,State Highway,114,34,34,80,Adverse Weather / Monsoon,Night (18:00-06:00),0.2982,0.7018,0.5088,Monsoon
2019,8,Maharashtra,Latur,Latur,Rural,State Highway,111,34,37,74,Over-speeding,Night (18:00-06:00),0.3333,0.6667,0.5333,Monsoon
2019,9,Maharashtra,Latur,Latur,Rural,State Highway,110,31,31,66,Dangerous Overtaking,Day (06:00-18:00),0.2818,0.6,0.4618,Monsoon
2019,10,Maharashtra,Latur,Latur,Rural,State Highway,91,23,27,51,Over-speeding,Night (18:00-06:00),0.2967,0.5604,0.4648,Post-Monsoon
2019,11,Maharashtra,Latur,Latur,Rural,State Highway,91,24,27,58,Adverse Weather / Monsoon,Night (18:00-06:00),0.2967,0.6374,0.4879,Post-Monsoon
2019,12,Maharashtra,Latur,Latur,Rural,State Highway,81,25,27,50,Dangerous Overtaking,Day (06:00-18:00),0.3333,0.6173,0.5185,Winter
2019,1,Maharashtra,Dhule,Dhule,Rural,National Highway,92,26,26,57,Dangerous Overtaking,Day (06:00-18:00),0.2826,0.6196,0.4685,Winter
2019,2,Maharashtra,Dhule,Dhule,Rural,National Highway,89,26,30,59,Dangerous Overtaking,Night (18:00-06:00),0.3371,0.6629,0.536,Winter
2019,3,Maharashtra,Dhule,Dhule,Rural,National Highway,85,26,32,53,Over-speeding,Day (06:00-18:00),0.3765,0.6235,0.5635,Summer
2019,4,Maharashtra,Dhule,Dhule,Rural,National Highway,92,28,31,58,Over-speeding,Day (06:00-18:00),0.337,0.6304,0.5261,Summer
2019,5,Maharashtra,Dhule,Dhule,Rural,National Highway,84,22,29,54,Dangerous Overtaking,Night (18:00-06:00),0.3452,0.6429,0.5381,Summer
2019,6,Maharashtra,Dhule,Dhule,Rural,National Highway,126,35,44,74,Dangerous Overtaking,Night (18:00-06:00),0.3492,0.5873,0.5254,Monsoon
2019,7,Maharashtra,Dhule,Dhule,Rural,National Highway,112,37,38,74,Adverse Weather / Monsoon,Day (06:00-18:00),0.3393,0.6607,0.5375,Monsoon
2019,8,Maharashtra,Dhule,Dhule,Rural,National Highway,111,29,37,68,Drunk Driving,Day (06:00-18:00),0.3333,0.6126,0.5171,Monsoon
2019,9,Maharashtra,Dhule,Dhule,Rural,National Highway,118,31,44,74,Adverse Weather / Monsoon,Night (18:00-06:00),0.3729,0.6271,0.561,Monsoon
2019,10,Maharashtra,Dhule,Dhule,Rural,National Highway,89,25,32,57,Over-speeding,Day (06:00-18:00),0.3596,0.6404,0.5517,Post-Monsoon
2019,11,Maharashtra,Dhule,Dhule,Rural,National Highway,91,25,29,60,Drunk Driving,Day (06:00-18:00),0.3187,0.6593,0.5165,Post-Monsoon
2019,12,Maharashtra,Dhule,Dhule,Rural,National Highway,89,26,26,59,Road Defect / Pothole,Day (06:00-18:00),0.2921,0.6629,0.491,Winter
2019,1,Maharashtra,Jalna,Jalna,Rural,State Highway,80,23,27,53,Adverse Weather / Monsoon,Day (06:00-18:00),0.3375,0.6625,0.5362,Winter
2019,2,Maharashtra,Jalna,Jalna,Rural,State Highway,90,24,31,59,Over-speeding,Day (06:00-18:00),0.3444,0.6556,0.5411,Winter
2019,3,Maharashtra,Jalna,Jalna,Rural,State Highway,77,25,25,52,Over-speeding,Day (06:00-18:00),0.3247,0.6753,0.5273,Summer
2019,4,Maharashtra,Jalna,Jalna,Rural,State Highway,90,21,32,58,Road Defect / Pothole,Day (06:00-18:00),0.3556,0.6444,0.5489,Summer
2019,5,Maharashtra,Jalna,Jalna,Rural,State Highway,92,24,25,53,Dangerous Overtaking,Night (18:00-06:00),0.2717,0.5761,0.4446,Summer
2019,6,Maharashtra,Jalna,Jalna,Rural,State Highway,114,30,40,74,Over-speeding,Night (18:00-06:00),0.3509,0.6491,0.5456,Monsoon
2019,7,Maharashtra,Jalna,Jalna,Rural,State Highway,114,29,36,68,Over-speeding,Night (18:00-06:00),0.3158,0.5965,0.4947,Monsoon
2019,8,Maharashtra,Jalna,Jalna,Rural,State Highway,117,29,38,79,Dangerous Overtaking,Night (18:00-06:00),0.3248,0.6752,0.5274,Monsoon
2019,9,Maharashtra,Jalna,Jalna,Rural,State Highway,112,32,33,73,Over-speeding,Night (18:00-06:00),0.2946,0.6518,0.4902,Monsoon
2019,10,Maharashtra,Jalna,Jalna,Rural,State Highway,90,25,30,55,Dangerous Overtaking,Day (06:00-18:00),0.3333,0.6111,0.5167,Post-Monsoon
2019,11,Maharashtra,Jalna,Jalna,Rural,State Highway,84,27,29,55,Over-speeding,Night (18:00-06:00),0.3452,0.6548,0.5417,Post-Monsoon
2019,12,Maharashtra,Jalna,Jalna,Rural,State Highway,81,22,27,54,Drunk Driving,Day (06:00-18:00),0.3333,0.6667,0.5333,Winter
2019,1,Maharashtra,Parbhani,Parbhani,Rural,State Highway,76,22,27,49,Over-speeding,Day (06:00-18:00),0.3553,0.6447,0.5487,Winter
2019,2,Maharashtra,Parbhani,Parbhani,Rural,State Highway,77,17,26,42,Over-speeding,Night (18:00-06:00),0.3377,0.5455,0.5013,Winter
2019,3,Maharashtra,Parbhani,Parbhani,Rural,State Highway,71,18,24,47,Drunk Driving,Day (06:00-18:00),0.338,0.662,0.5366,Summer
2019,4,Maharashtra,Parbhani,Parbhani,Rural,State Highway,74,18,27,46,Over-speeding,Night (18:00-06:00),0.3649,0.6216,0.5514,Summer
2019,5,Maharashtra,Parbhani,Parbhani,Rural,State Highway,71,22,25,45,Adverse Weather / Monsoon,Day (06:00-18:00),0.3521,0.6338,0.5423,Summer
2019,6,Maharashtra,Parbhani,Parbhani,Rural,State Highway,92,29,34,58,Adverse Weather / Monsoon,Night (18:00-06:00),0.3696,0.6304,0.5587,Monsoon
2019,7,Maharashtra,Parbhani,Parbhani,Rural,State Highway,93,24,36,57,Adverse Weather / Monsoon,Night (18:00-06:00),0.3871,0.6129,0.571,Monsoon
2019,8,Maharashtra,Parbhani,Parbhani,Rural,State Highway,86,27,31,55,Adverse Weather / Monsoon,Day (06:00-18:00),0.3605,0.6395,0.5523,Monsoon
2019,9,Maharashtra,Parbhani,Parbhani,Rural,State Highway,100,30,31,62,Dangerous Overtaking,Day (06:00-18:00),0.31,0.62,0.496,Monsoon
2019,10,Maharashtra,Parbhani,Parbhani,Rural,State Highway,75,18,24,41,Dangerous Overtaking,Day (06:00-18:00),0.32,0.5467,0.484,Post-Monsoon
2019,11,Maharashtra,Parbhani,Parbhani,Rural,State Highway,75,18,27,48,Over-speeding,Night (18:00-06:00),0.36,0.64,0.552,Post-Monsoon
2019,12,Maharashtra,Parbhani,Parbhani,Rural,State Highway,74,21,24,44,Over-speeding,Night (18:00-06:00),0.3243,0.5946,0.5027,Winter
2019,1,Maharashtra,Akola,Akola,Rural,National Highway,74,21,24,50,Over-speeding,Day (06:00-18:00),0.3243,0.6757,0.527,Winter
2019,2,Maharashtra,Akola,Akola,Rural,National Highway,75,18,27,45,Over-speeding,Day (06:00-18:00),0.36,0.6,0.54,Winter
2019,3,Maharashtra,Akola,Akola,Rural,National Highway,75,22,27,48,Over-speeding,Night (18:00-06:00),0.36,0.64,0.552,Summer
2019,4,Maharashtra,Akola,Akola,Rural,National Highway,72,22,28,44,Dangerous Overtaking,Day (06:00-18:00),0.3889,0.6111,0.5722,Summer
2019,5,Maharashtra,Akola,Akola,Rural,National Highway,75,19,22,51,Over-speeding,Night (18:00-06:00),0.2933,0.68,0.4973,Summer
2019,6,Maharashtra,Akola,Akola,Rural,National Highway,96,29,34,62,Over-speeding,Day (06:00-18:00),0.3542,0.6458,0.5479,Monsoon
2019,7,Maharashtra,Akola,Akola,Rural,National Highway,99,29,31,68,Adverse Weather / Monsoon,Night (18:00-06:00),0.3131,0.6869,0.5192,Monsoon
2019,8,Maharashtra,Akola,Akola,Rural,National Highway,98,30,30,64,Dangerous Overtaking,Day (06:00-18:00),0.3061,0.6531,0.502,Monsoon
2019,9,Maharashtra,Akola,Akola,Rural,National Highway,97,28,36,61,Road Defect / Pothole,Day (06:00-18:00),0.3711,0.6289,0.5598,Monsoon
2019,10,Maharashtra,Akola,Akola,Rural,National Highway,72,21,21,51,Over-speeding,Night (18:00-06:00),0.2917,0.7083,0.5042,Post-Monsoon
2019,11,Maharashtra,Akola,Akola,Rural,National Highway,78,23,28,50,Over-speeding,Night (18:00-06:00),0.359,0.641,0.5513,Post-Monsoon
2019,12,Maharashtra,Akola,Akola,Rural,National Highway,75,23,23,45,Adverse Weather / Monsoon,Day (06:00-18:00),0.3067,0.6,0.4867,Winter
2019,1,Maharashtra,Dharashiv,Dharashiv (Osmanabad),Rural,National Highway,78,19,26,47,Over-speeding,Day (06:00-18:00),0.3333,0.6026,0.5141,Winter
2019,2,Maharashtra,Dharashiv,Dharashiv (Osmanabad),Rural,National Highway,74,20,26,48,Dangerous Overtaking,Day (06:00-18:00),0.3514,0.6486,0.5459,Winter
2019,3,Maharashtra,Dharashiv,Dharashiv (Osmanabad),Rural,National Highway,81,23,28,51,Adverse Weather / Monsoon,Day (06:00-18:00),0.3457,0.6296,0.5346,Summer
2019,4,Maharashtra,Dharashiv,Dharashiv (Osmanabad),Rural,National Highway,69,24,24,45,Dangerous Overtaking,Night (18:00-06:00),0.3478,0.6522,0.5435,Summer
2019,5,Maharashtra,Dharashiv,Dharashiv (Osmanabad),Rural,National Highway,81,19,26,53,Dangerous Overtaking,Day (06:00-18:00),0.321,0.6543,0.5173,Summer
2019,6,Maharashtra,Dharashiv,Dharashiv (Osmanabad),Rural,National Highway,108,30,38,70,Adverse Weather / Monsoon,Day (06:00-18:00),0.3519,0.6481,0.5463,Monsoon
2019,7,Maharashtra,Dharashiv,Dharashiv (Osmanabad),Rural,National Highway,99,27,33,64,Adverse Weather / Monsoon,Night (18:00-06:00),0.3333,0.6465,0.5273,Monsoon
2019,8,Maharashtra,Dharashiv,Dharashiv (Osmanabad),Rural,National Highway,102,30,35,67,Dangerous Overtaking,Day (06:00-18:00),0.3431,0.6569,0.5402,Monsoon
2019,9,Maharashtra,Dharashiv,Dharashiv (Osmanabad),Rural,National Highway,100,28,33,67,Road Defect / Pothole,Night (18:00-06:00),0.33,0.67,0.531,Monsoon
2019,10,Maharashtra,Dharashiv,Dharashiv (Osmanabad),Rural,National Highway,79,23,26,45,Over-speeding,Day (06:00-18:00),0.3291,0.5696,0.5,Post-Monsoon
2019,11,Maharashtra,Dharashiv,Dharashiv (Osmanabad),Rural,National Highway,75,19,22,47,Road Defect / Pothole,Day (06:00-18:00),0.2933,0.6267,0.4813,Post-Monsoon
2019,12,Maharashtra,Dharashiv,Dharashiv (Osmanabad),Rural,National Highway,75,22,23,47,Over-speeding,Day (06:00-18:00),0.3067,0.6267,0.4947,Winter
2019,1,Maharashtra,Nandurbar,Nandurbar,Rural,State Highway,52,16,17,34,Over-speeding,Day (06:00-18:00),0.3269,0.6538,0.5231,Winter
2019,2,Maharashtra,Nandurbar,Nandurbar,Rural,State Highway,62,17,21,36,Adverse Weather / Monsoon,Day (06:00-18:00),0.3387,0.5806,0.5129,Winter
2019,3,Maharashtra,Nandurbar,Nandurbar,Rural,State Highway,58,15,21,37,Over-speeding,Night (18:00-06:00),0.3621,0.6379,0.5534,Summer
2019,4,Maharashtra,Nandurbar,Nandurbar,Rural,State Highway,58,20,21,35,Over-speeding,Day (06:00-18:00),0.3621,0.6034,0.5431,Summer
2019,5,Maharashtra,Nandurbar,Nandurbar,Rural,State Highway,60,19,20,40,Dangerous Overtaking,Day (06:00-18:00),0.3333,0.6667,0.5333,Summer
2019,6,Maharashtra,Nandurbar,Nandurbar,Rural,State Highway,82,25,30,45,Dangerous Overtaking,Day (06:00-18:00),0.3659,0.5488,0.5305,Monsoon
2019,7,Maharashtra,Nandurbar,Nandurbar,Rural,State Highway,75,23,23,52,Over-speeding,Day (06:00-18:00),0.3067,0.6933,0.5147,Monsoon
2019,8,Maharashtra,Nandurbar,Nandurbar,Rural,State Highway,77,22,24,53,Over-speeding,Day (06:00-18:00),0.3117,0.6883,0.5182,Monsoon
2019,9,Maharashtra,Nandurbar,Nandurbar,Rural,State Highway,83,24,28,49,Dangerous Overtaking,Day (06:00-18:00),0.3373,0.5904,0.5145,Monsoon
2019,10,Maharashtra,Nandurbar,Nandurbar,Rural,State Highway,64,18,23,41,Dangerous Overtaking,Day (06:00-18:00),0.3594,0.6406,0.5516,Post-Monsoon
2019,11,Maharashtra,Nandurbar,Nandurbar,Rural,State Highway,63,17,18,35,Over-speeding,Day (06:00-18:00),0.2857,0.5556,0.4524,Post-Monsoon
2019,12,Maharashtra,Nandurbar,Nandurbar,Rural,State Highway,56,17,20,35,Over-speeding,Day (06:00-18:00),0.3571,0.625,0.5446,Winter
2019,1,Maharashtra,Ratnagiri,Ratnagiri,Rural,National Highway,77,21,26,51,Dangerous Overtaking,Day (06:00-18:00),0.3377,0.6623,0.5364,Winter
2019,2,Maharashtra,Ratnagiri,Ratnagiri,Rural,National Highway,75,19,22,51,Over-speeding,Night (18:00-06:00),0.2933,0.68,0.4973,Winter
2019,3,Maharashtra,Ratnagiri,Ratnagiri,Rural,National Highway,77,23,27,47,Over-speeding,Night (18:00-06:00),0.3506,0.6104,0.5338,Summer
2019,4,Maharashtra,Ratnagiri,Ratnagiri,Rural,National Highway,75,21,25,50,Over-speeding,Day (06:00-18:00),0.3333,0.6667,0.5333,Summer
2019,5,Maharashtra,Ratnagiri,Ratnagiri,Rural,National Highway,71,21,21,47,Over-speeding,Day (06:00-18:00),0.2958,0.662,0.4944,Summer
2019,6,Maharashtra,Ratnagiri,Ratnagiri,Rural,National Highway,98,25,33,58,Over-speeding,Day (06:00-18:00),0.3367,0.5918,0.5143,Monsoon
2019,7,Maharashtra,Ratnagiri,Ratnagiri,Rural,National Highway,98,25,33,60,Adverse Weather / Monsoon,Night (18:00-06:00),0.3367,0.6122,0.5204,Monsoon
2019,8,Maharashtra,Ratnagiri,Ratnagiri,Rural,National Highway,95,23,32,63,Road Defect / Pothole,Day (06:00-18:00),0.3368,0.6632,0.5358,Monsoon
2019,9,Maharashtra,Ratnagiri,Ratnagiri,Rural,National Highway,88,24,31,57,Drunk Driving,Day (06:00-18:00),0.3523,0.6477,0.5466,Monsoon
2019,10,Maharashtra,Ratnagiri,Ratnagiri,Rural,National Highway,79,18,27,52,Over-speeding,Night (18:00-06:00),0.3418,0.6582,0.5392,Post-Monsoon
2019,11,Maharashtra,Ratnagiri,Ratnagiri,Rural,National Highway,74,23,26,46,Road Defect / Pothole,Day (06:00-18:00),0.3514,0.6216,0.5378,Post-Monsoon
2019,12,Maharashtra,Ratnagiri,Ratnagiri,Rural,National Highway,71,20,23,45,Dangerous Overtaking,Day (06:00-18:00),0.3239,0.6338,0.5141,Winter
2019,1,Maharashtra,Gondia,Gondia,Rural,State Highway,57,15,20,34,Over-speeding,Day (06:00-18:00),0.3509,0.5965,0.5298,Winter
2019,2,Maharashtra,Gondia,Gondia,Rural,State Highway,57,14,18,39,Dangerous Overtaking,Day (06:00-18:00),0.3158,0.6842,0.5211,Winter
2019,3,Maharashtra,Gondia,Gondia,Rural,State Highway,55,15,17,37,Over-speeding,Day (06:00-18:00),0.3091,0.6727,0.5109,Summer
2019,4,Maharashtra,Gondia,Gondia,Rural,State Highway,60,16,21,36,Dangerous Overtaking,Day (06:00-18:00),0.35,0.6,0.53,Summer
2019,5,Maharashtra,Gondia,Gondia,Rural,State Highway,53,15,16,36,Over-speeding,Night (18:00-06:00),0.3019,0.6792,0.5057,Summer
2019,6,Maharashtra,Gondia,Gondia,Rural,State Highway,77,21,26,50,Over-speeding,Night (18:00-06:00),0.3377,0.6494,0.5325,Monsoon
2019,7,Maharashtra,Gondia,Gondia,Rural,State Highway,77,19,27,50,Adverse Weather / Monsoon,Day (06:00-18:00),0.3506,0.6494,0.5455,Monsoon
2019,8,Maharashtra,Gondia,Gondia,Rural,State Highway,78,23,24,48,Over-speeding,Day (06:00-18:00),0.3077,0.6154,0.4923,Monsoon
2019,9,Maharashtra,Gondia,Gondia,Rural,State Highway,75,20,24,47,Dangerous Overtaking,Night (18:00-06:00),0.32,0.6267,0.508,Monsoon
2019,10,Maharashtra,Gondia,Gondia,Rural,State Highway,60,17,18,38,Dangerous Overtaking,Night (18:00-06:00),0.3,0.6333,0.49,Post-Monsoon
2019,11,Maharashtra,Gondia,Gondia,Rural,State Highway,51,16,16,35,Drunk Driving,Night (18:00-06:00),0.3137,0.6863,0.5196,Post-Monsoon
2019,12,Maharashtra,Gondia,Gondia,Rural,State Highway,57,15,21,36,Dangerous Overtaking,Night (18:00-06:00),0.3684,0.6316,0.5579,Winter
2019,1,Maharashtra,Wardha,Wardha,Rural,National Highway,68,20,22,46,Dangerous Overtaking,Day (06:00-18:00),0.3235,0.6765,0.5265,Winter
2019,2,Maharashtra,Wardha,Wardha,Rural,National Highway,64,21,22,42,Over-speeding,Night (18:00-06:00),0.3438,0.6562,0.5406,Winter
2019,3,Maharashtra,Wardha,Wardha,Rural,National Highway,73,20,26,47,Over-speeding,Day (06:00-18:00),0.3562,0.6438,0.5493,Summer
2019,4,Maharashtra,Wardha,Wardha,Rural,National Highway,70,21,25,41,Drunk Driving,Night (18:00-06:00),0.3571,0.5857,0.5329,Summer
2019,5,Maharashtra,Wardha,Wardha,Rural,National Highway,69,21,24,45,Over-speeding,Day (06:00-18:00),0.3478,0.6522,0.5435,Summer
2019,6,Maharashtra,Wardha,Wardha,Rural,National Highway,82,25,29,53,Over-speeding,Day (06:00-18:00),0.3537,0.6463,0.5476,Monsoon
2019,7,Maharashtra,Wardha,Wardha,Rural,National Highway,97,22,34,63,Over-speeding,Day (06:00-18:00),0.3505,0.6495,0.5454,Monsoon
2019,8,Maharashtra,Wardha,Wardha,Rural,National Highway,88,27,32,53,Adverse Weather / Monsoon,Day (06:00-18:00),0.3636,0.6023,0.5443,Monsoon
2019,9,Maharashtra,Wardha,Wardha,Rural,National Highway,91,28,28,63,Over-speeding,Night (18:00-06:00),0.3077,0.6923,0.5154,Monsoon
2019,10,Maharashtra,Wardha,Wardha,Rural,National Highway,67,18,22,45,Road Defect / Pothole,Night (18:00-06:00),0.3284,0.6716,0.5299,Post-Monsoon
2019,11,Maharashtra,Wardha,Wardha,Rural,National Highway,71,17,23,48,Over-speeding,Day (06:00-18:00),0.3239,0.6761,0.5268,Post-Monsoon
2019,12,Maharashtra,Wardha,Wardha,Rural,National Highway,69,17,23,46,Over-speeding,Night (18:00-06:00),0.3333,0.6667,0.5333,Winter
2019,1,Maharashtra,Bhandara,Bhandara,Rural,National Highway,60,17,21,37,Over-speeding,Night (18:00-06:00),0.35,0.6167,0.535,Winter
2019,2,Maharashtra,Bhandara,Bhandara,Rural,National Highway,54,15,19,35,Dangerous Overtaking,Day (06:00-18:00),0.3519,0.6481,0.5463,Winter
2019,3,Maharashtra,Bhandara,Bhandara,Rural,National Highway,59,14,18,37,Over-speeding,Day (06:00-18:00),0.3051,0.6271,0.4932,Summer
2019,4,Maharashtra,Bhandara,Bhandara,Rural,National Highway,59,17,17,34,Over-speeding,Night (18:00-06:00),0.2881,0.5763,0.461,Summer
2019,5,Maharashtra,Bhandara,Bhandara,Rural,National Highway,55,16,17,36,Drunk Driving,Day (06:00-18:00),0.3091,0.6545,0.5055,Summer
2019,6,Maharashtra,Bhandara,Bhandara,Rural,National Highway,82,21,29,53,Over-speeding,Night (18:00-06:00),0.3537,0.6463,0.5476,Monsoon
2019,7,Maharashtra,Bhandara,Bhandara,Rural,National Highway,75,21,27,48,Adverse Weather / Monsoon,Day (06:00-18:00),0.36,0.64,0.552,Monsoon
2019,8,Maharashtra,Bhandara,Bhandara,Rural,National Highway,81,23,27,54,Adverse Weather / Monsoon,Night (18:00-06:00),0.3333,0.6667,0.5333,Monsoon
2019,9,Maharashtra,Bhandara,Bhandara,Rural,National Highway,72,22,22,50,Over-speeding,Day (06:00-18:00),0.3056,0.6944,0.5139,Monsoon
2019,10,Maharashtra,Bhandara,Bhandara,Rural,National Highway,62,16,19,37,Over-speeding,Day (06:00-18:00),0.3065,0.5968,0.4855,Post-Monsoon
2019,11,Maharashtra,Bhandara,Bhandara,Rural,National Highway,55,17,17,37,Drunk Driving,Night (18:00-06:00),0.3091,0.6727,0.5109,Post-Monsoon
2019,12,Maharashtra,Bhandara,Bhandara,Rural,National Highway,60,16,20,40,Over-speeding,Night (18:00-06:00),0.3333,0.6667,0.5333,Winter
2019,1,Maharashtra,Washim,Washim,Rural,State Highway,53,13,17,35,Dangerous Overtaking,Day (06:00-18:00),0.3208,0.6604,0.5189,Winter
2019,2,Maharashtra,Washim,Washim,Rural,State Highway,53,16,17,32,Adverse Weather / Monsoon,Day (06:00-18:00),0.3208,0.6038,0.5019,Winter
2019,3,Maharashtra,Washim,Washim,Rural,State Highway,51,13,15,34,Over-speeding,Night (18:00-06:00),0.2941,0.6667,0.4941,Summer
2019,4,Maharashtra,Washim,Washim,Rural,State Highway,48,14,17,31,Over-speeding,Day (06:00-18:00),0.3542,0.6458,0.5479,Summer
2019,5,Maharashtra,Washim,Washim,Rural,State Highway,52,15,17,35,Over-speeding,Day (06:00-18:00),0.3269,0.6731,0.5288,Summer
2019,6,Maharashtra,Washim,Washim,Rural,State Highway,75,20,24,43,Drunk Driving,Night (18:00-06:00),0.32,0.5733,0.492,Monsoon
2019,7,Maharashtra,Washim,Washim,Rural,State Highway,69,17,27,41,Adverse Weather / Monsoon,Day (06:00-18:00),0.3913,0.5942,0.5696,Monsoon
2019,8,Maharashtra,Washim,Washim,Rural,State Highway,67,18,20,47,Over-speeding,Day (06:00-18:00),0.2985,0.7015,0.509,Monsoon
2019,9,Maharashtra,Washim,Washim,Rural,State Highway,71,20,22,49,Drunk Driving,Day (06:00-18:00),0.3099,0.6901,0.5169,Monsoon
2019,10,Maharashtra,Washim,Washim,Rural,State Highway,56,16,19,34,Over-speeding,Day (06:00-18:00),0.3393,0.6071,0.5214,Post-Monsoon
2019,11,Maharashtra,Washim,Washim,Rural,State Highway,50,14,16,34,Dangerous Overtaking,Day (06:00-18:00),0.32,0.68,0.524,Post-Monsoon
2019,12,Maharashtra,Washim,Washim,Rural,State Highway,56,17,20,36,Road Defect / Pothole,Day (06:00-18:00),0.3571,0.6429,0.55,Winter
2019,1,Maharashtra,Hingoli,Hingoli,Rural,State Highway,47,12,13,27,Over-speeding,Day (06:00-18:00),0.2766,0.5745,0.4489,Winter
2019,2,Maharashtra,Hingoli,Hingoli,Rural,State Highway,45,13,16,27,Drunk Driving,Night (18:00-06:00),0.3556,0.6,0.5356,Winter
2019,3,Maharashtra,Hingoli,Hingoli,Rural,State Highway,44,12,16,28,Adverse Weather / Monsoon,Day (06:00-18:00),0.3636,0.6364,0.5545,Summer
2019,4,Maharashtra,Hingoli,Hingoli,Rural,State Highway,43,13,16,26,Over-speeding,Day (06:00-18:00),0.3721,0.6047,0.5535,Summer
2019,5,Maharashtra,Hingoli,Hingoli,Rural,State Highway,46,11,15,31,Over-speeding,Day (06:00-18:00),0.3261,0.6739,0.5283,Summer
2019,6,Maharashtra,Hingoli,Hingoli,Rural,State Highway,57,14,20,36,Drunk Driving,Day (06:00-18:00),0.3509,0.6316,0.5404,Monsoon
2019,7,Maharashtra,Hingoli,Hingoli,Rural,State Highway,58,14,19,35,Over-speeding,Day (06:00-18:00),0.3276,0.6034,0.5086,Monsoon
2019,8,Maharashtra,Hingoli,Hingoli,Rural,State Highway,62,18,22,40,Adverse Weather / Monsoon,Day (06:00-18:00),0.3548,0.6452,0.5484,Monsoon
2019,9,Maharashtra,Hingoli,Hingoli,Rural,State Highway,63,17,22,41,Dangerous Overtaking,Day (06:00-18:00),0.3492,0.6508,0.5444,Monsoon
2019,10,Maharashtra,Hingoli,Hingoli,Rural,State Highway,44,11,15,29,Road Defect / Pothole,Day (06:00-18:00),0.3409,0.6591,0.5386,Post-Monsoon
2019,11,Maharashtra,Hingoli,Hingoli,Rural,State Highway,48,14,17,31,Over-speeding,Night (18:00-06:00),0.3542,0.6458,0.5479,Post-Monsoon
2019,12,Maharashtra,Hingoli,Hingoli,Rural,State Highway,46,12,13,30,Over-speeding,Night (18:00-06:00),0.2826,0.6522,0.4783,Winter
2019,1,Maharashtra,Gadchiroli,Gadchiroli,Rural,State Highway,42,12,13,28,Over-speeding,Day (06:00-18:00),0.3095,0.6667,0.5095,Winter
2019,2,Maharashtra,Gadchiroli,Gadchiroli,Rural,State Highway,38,13,13,25,Dangerous Overtaking,Day (06:00-18:00),0.3421,0.6579,0.5395,Winter
2019,3,Maharashtra,Gadchiroli,Gadchiroli,Rural,State Highway,39,12,15,24,Over-speeding,Day (06:00-18:00),0.3846,0.6154,0.5692,Summer
2019,4,Maharashtra,Gadchiroli,Gadchiroli,Rural,State Highway,40,10,15,25,Over-speeding,Night (18:00-06:00),0.375,0.625,0.5625,Summer
2019,5,Maharashtra,Gadchiroli,Gadchiroli,Rural,State Highway,44,12,12,26,Over-speeding,Night (18:00-06:00),0.2727,0.5909,0.45,Summer
2019,6,Maharashtra,Gadchiroli,Gadchiroli,Rural,State Highway,58,16,21,34,Drunk Driving,Day (06:00-18:00),0.3621,0.5862,0.5379,Monsoon
2019,7,Maharashtra,Gadchiroli,Gadchiroli,Rural,State Highway,54,16,18,33,Adverse Weather / Monsoon,Day (06:00-18:00),0.3333,0.6111,0.5167,Monsoon
2019,8,Maharashtra,Gadchiroli,Gadchiroli,Rural,State Highway,53,13,17,31,Adverse Weather / Monsoon,Day (06:00-18:00),0.3208,0.5849,0.4962,Monsoon
2019,9,Maharashtra,Gadchiroli,Gadchiroli,Rural,State Highway,58,15,19,35,Over-speeding,Night (18:00-06:00),0.3276,0.6034,0.5086,Monsoon
2019,10,Maharashtra,Gadchiroli,Gadchiroli,Rural,State Highway,42,13,13,29,Adverse Weather / Monsoon,Day (06:00-18:00),0.3095,0.6905,0.5167,Post-Monsoon
2019,11,Maharashtra,Gadchiroli,Gadchiroli,Rural,State Highway,43,12,14,25,Dangerous Overtaking,Day (06:00-18:00),0.3256,0.5814,0.5,Post-Monsoon
2019,12,Maharashtra,Gadchiroli,Gadchiroli,Rural,State Highway,39,11,15,24,Over-speeding,Night (18:00-06:00),0.3846,0.6154,0.5692,Winter
2019,1,Maharashtra,Sindhudurg,Sindhudurg,Rural,National Highway,50,14,16,34,Over-speeding,Night (18:00-06:00),0.32,0.68,0.524,Winter
2019,2,Maharashtra,Sindhudurg,Sindhudurg,Rural,National Highway,51,12,17,34,Over-speeding,Day (06:00-18:00),0.3333,0.6667,0.5333,Winter
2019,3,Maharashtra,Sindhudurg,Sindhudurg,Rural,National Highway,47,12,14,33,Over-speeding,Day (06:00-18:00),0.2979,0.7021,0.5085,Summer
2019,4,Maharashtra,Sindhudurg,Sindhudurg,Rural,National Highway,48,14,14,30,Over-speeding,Day (06:00-18:00),0.2917,0.625,0.4792,Summer
2019,5,Maharashtra,Sindhudurg,Sindhudurg,Rural,National Highway,49,14,14,35,Over-speeding,Night (18:00-06:00),0.2857,0.7143,0.5,Summer
2019,6,Maharashtra,Sindhudurg,Sindhudurg,Rural,National Highway,66,17,24,40,Over-speeding,Night (18:00-06:00),0.3636,0.6061,0.5455,Monsoon
2019,7,Maharashtra,Sindhudurg,Sindhudurg,Rural,National Highway,67,17,19,45,Adverse Weather / Monsoon,Night (18:00-06:00),0.2836,0.6716,0.4851,Monsoon
2019,8,Maharashtra,Sindhudurg,Sindhudurg,Rural,National Highway,62,18,22,38,Adverse Weather / Monsoon,Day (06:00-18:00),0.3548,0.6129,0.5387,Monsoon
2019,9,Maharashtra,Sindhudurg,Sindhudurg,Rural,National Highway,67,20,22,38,Over-speeding,Night (18:00-06:00),0.3284,0.5672,0.4985,Monsoon
2019,10,Maharashtra,Sindhudurg,Sindhudurg,Rural,National Highway,46,14,17,29,Over-speeding,Day (06:00-18:00),0.3696,0.6304,0.5587,Post-Monsoon
2019,11,Maharashtra,Sindhudurg,Sindhudurg,Rural,National Highway,51,14,18,33,Dangerous Overtaking,Day (06:00-18:00),0.3529,0.6471,0.5471,Post-Monsoon
2019,12,Maharashtra,Sindhudurg,Sindhudurg,Rural,National Highway,52,14,17,34,Over-speeding,Night (18:00-06:00),0.3269,0.6538,0.5231,Winter
2019,1,Maharashtra,Palghar,Palghar,Rural,National Highway,117,30,35,82,Adverse Weather / Monsoon,Night (18:00-06:00),0.2991,0.7009,0.5094,Winter
2019,2,Maharashtra,Palghar,Palghar,Rural,National Highway,116,36,37,74,Over-speeding,Day (06:00-18:00),0.319,0.6379,0.5103,Winter
2019,3,Maharashtra,Palghar,Palghar,Rural,National Highway,117,31,39,67,Drunk Driving,Day (06:00-18:00),0.3333,0.5726,0.5051,Summer
2019,4,Maharashtra,Palghar,Palghar,Rural,National Highway,115,31,42,71,Dangerous Overtaking,Night (18:00-06:00),0.3652,0.6174,0.5504,Summer
2019,5,Maharashtra,Palghar,Palghar,Rural,National Highway,117,28,42,75,Dangerous Overtaking,Night (18:00-06:00),0.359,0.641,0.5513,Summer
2019,6,Maharashtra,Palghar,Palghar,Rural,National Highway,148,43,52,96,Over-speeding,Night (18:00-06:00),0.3514,0.6486,0.5459,Monsoon
2019,7,Maharashtra,Palghar,Palghar,Rural,National Highway,150,39,45,105,Adverse Weather / Monsoon,Day (06:00-18:00),0.3,0.7,0.51,Monsoon
2019,8,Maharashtra,Palghar,Palghar,Rural,National Highway,155,46,49,106,Adverse Weather / Monsoon,Day (06:00-18:00),0.3161,0.6839,0.5213,Monsoon
2019,9,Maharashtra,Palghar,Palghar,Rural,National Highway,147,39,45,95,Dangerous Overtaking,Day (06:00-18:00),0.3061,0.6463,0.5,Monsoon
2019,10,Maharashtra,Palghar,Palghar,Rural,National Highway,116,28,35,79,Over-speeding,Day (06:00-18:00),0.3017,0.681,0.506,Post-Monsoon
2019,11,Maharashtra,Palghar,Palghar,Rural,National Highway,115,28,35,73,Adverse Weather / Monsoon,Night (18:00-06:00),0.3043,0.6348,0.4948,Post-Monsoon
2019,12,Maharashtra,Palghar,Palghar,Rural,National Highway,115,29,38,73,Drunk Driving,Day (06:00-18:00),0.3304,0.6348,0.5209,Winter
2020,1,Maharashtra,Pune,Pune Rural,Rural,National Highway,235,59,64,171,Over-speeding,Day (06:00-18:00),0.2723,0.7277,0.4906,Winter
2020,2,Maharashtra,Pune,Pune Rural,Rural,National Highway,231,53,78,153,Dangerous Overtaking,Night (18:00-06:00),0.3377,0.6623,0.5364,Winter
2020,3,Maharashtra,Pune,Pune Rural,Rural,National Highway,221,58,65,148,Over-speeding,Day (06:00-18:00),0.2941,0.6697,0.495,Summer
2020,4,Maharashtra,Pune,Pune Rural,Rural,National Highway,234,63,64,170,Dangerous Overtaking,Day (06:00-18:00),0.2735,0.7265,0.4915,Summer
2020,5,Maharashtra,Pune,Pune Rural,Rural,National Highway,220,56,77,143,Dangerous Overtaking,Night (18:00-06:00),0.35,0.65,0.545,Summer
2020,6,Maharashtra,Pune,Pune Rural,Rural,National Highway,307,67,83,224,Over-speeding,Night (18:00-06:00),0.2704,0.7296,0.4893,Monsoon
2020,7,Maharashtra,Pune,Pune Rural,Rural,National Highway,307,74,93,196,Adverse Weather / Monsoon,Night (18:00-06:00),0.3029,0.6384,0.4945,Monsoon
2020,8,Maharashtra,Pune,Pune Rural,Rural,National Highway,295,80,80,215,Adverse Weather / Monsoon,Night (18:00-06:00),0.2712,0.7288,0.4898,Monsoon
2020,9,Maharashtra,Pune,Pune Rural,Rural,National Highway,307,76,95,185,Dangerous Overtaking,Day (06:00-18:00),0.3094,0.6026,0.4902,Monsoon
2020,10,Maharashtra,Pune,Pune Rural,Rural,National Highway,244,58,78,166,Over-speeding,Night (18:00-06:00),0.3197,0.6803,0.5238,Post-Monsoon
2020,11,Maharashtra,Pune,Pune Rural,Rural,National Highway,245,51,60,154,Over-speeding,Night (18:00-06:00),0.2449,0.6286,0.4335,Post-Monsoon
2020,12,Maharashtra,Pune,Pune Rural,Rural,National Highway,243,55,67,154,Dangerous Overtaking,Day (06:00-18:00),0.2757,0.6337,0.4658,Winter
2020,1,Maharashtra,Pune,Pune City,City,Urban / City Road,85,20,23,58,Dangerous Overtaking,Day (06:00-18:00),0.2706,0.6824,0.4753,Winter
2020,2,Maharashtra,Pune,Pune City,City,Urban / City Road,81,20,25,56,Over-speeding,Day (06:00-18:00),0.3086,0.6914,0.516,Winter
2020,3,Maharashtra,Pune,Pune City,City,Urban / City Road,81,16,20,61,Dangerous Overtaking,Night (18:00-06:00),0.2469,0.7531,0.4728,Summer
2020,4,Maharashtra,Pune,Pune City,City,Urban / City Road,87,19,19,66,Drunk Driving,Night (18:00-06:00),0.2184,0.7586,0.446,Summer
2020,5,Maharashtra,Pune,Pune City,City,Urban / City Road,91,17,22,63,Dangerous Overtaking,Night (18:00-06:00),0.2418,0.6923,0.4495,Summer
2020,6,Maharashtra,Pune,Pune City,City,Urban / City Road,113,24,25,88,Dangerous Overtaking,Day (06:00-18:00),0.2212,0.7788,0.4549,Monsoon
2020,7,Maharashtra,Pune,Pune City,City,Urban / City Road,112,28,28,84,Adverse Weather / Monsoon,Night (18:00-06:00),0.25,0.75,0.475,Monsoon
2020,8,Maharashtra,Pune,Pune City,City,Urban / City Road,111,24,31,80,Adverse Weather / Monsoon,Day (06:00-18:00),0.2793,0.7207,0.4955,Monsoon
2020,9,Maharashtra,Pune,Pune City,City,Urban / City Road,117,24,27,73,Over-speeding,Day (06:00-18:00),0.2308,0.6239,0.4179,Monsoon
2020,10,Maharashtra,Pune,Pune City,City,Urban / City Road,79,21,22,57,Drunk Driving,Day (06:00-18:00),0.2785,0.7215,0.4949,Post-Monsoon
2020,11,Maharashtra,Pune,Pune City,City,Urban / City Road,86,17,20,57,Over-speeding,Day (06:00-18:00),0.2326,0.6628,0.4314,Post-Monsoon
2020,12,Maharashtra,Pune,Pune City,City,Urban / City Road,89,21,25,64,Over-speeding,Day (06:00-18:00),0.2809,0.7191,0.4966,Winter
2020,1,Maharashtra,Nashik,Nashik Rural,Rural,National Highway,176,53,55,121,Over-speeding,Day (06:00-18:00),0.3125,0.6875,0.5187,Winter
2020,2,Maharashtra,Nashik,Nashik Rural,Rural,National Highway,195,50,65,130,Road Defect / Pothole,Day (06:00-18:00),0.3333,0.6667,0.5333,Winter
2020,3,Maharashtra,Nashik,Nashik Rural,Rural,National Highway,189,60,60,129,Over-speeding,Day (06:00-18:00),0.3175,0.6825,0.5222,Summer
2020,4,Maharashtra,Nashik,Nashik Rural,Rural,National Highway,189,48,60,129,Dangerous Overtaking,Night (18:00-06:00),0.3175,0.6825,0.5222,Summer
2020,5,Maharashtra,Nashik,Nashik Rural,Rural,National Highway,193,52,64,123,Over-speeding,Night (18:00-06:00),0.3316,0.6373,0.5228,Summer
2020,6,Maharashtra,Nashik,Nashik Rural,Rural,National Highway,229,64,83,146,Over-speeding,Day (06:00-18:00),0.3624,0.6376,0.5537,Monsoon
2020,7,Maharashtra,Nashik,Nashik Rural,Rural,National Highway,247,69,84,147,Over-speeding,Day (06:00-18:00),0.3401,0.5951,0.5186,Monsoon
2020,8,Maharashtra,Nashik,Nashik Rural,Rural,National Highway,255,66,72,146,Adverse Weather / Monsoon,Night (18:00-06:00),0.2824,0.5725,0.4541,Monsoon
2020,9,Maharashtra,Nashik,Nashik Rural,Rural,National Highway,225,67,68,150,Over-speeding,Night (18:00-06:00),0.3022,0.6667,0.5022,Monsoon
2020,10,Maharashtra,Nashik,Nashik Rural,Rural,National Highway,184,51,61,118,Over-speeding,Night (18:00-06:00),0.3315,0.6413,0.5239,Post-Monsoon
2020,11,Maharashtra,Nashik,Nashik Rural,Rural,National Highway,187,53,54,118,Adverse Weather / Monsoon,Night (18:00-06:00),0.2888,0.631,0.4781,Post-Monsoon
2020,12,Maharashtra,Nashik,Nashik Rural,Rural,National Highway,181,53,53,111,Over-speeding,Day (06:00-18:00),0.2928,0.6133,0.4768,Winter
2020,1,Maharashtra,Nashik,Nashik City,City,Urban / City Road,50,12,13,36,Over-speeding,Day (06:00-18:00),0.26,0.72,0.476,Winter
2020,2,Maharashtra,Nashik,Nashik City,City,Urban / City Road,47,12,12,31,Over-speeding,Day (06:00-18:00),0.2553,0.6596,0.4532,Winter
2020,3,Maharashtra,Nashik,Nashik City,City,Urban / City Road,49,11,15,30,Dangerous Overtaking,Day (06:00-18:00),0.3061,0.6122,0.4898,Summer
2020,4,Maharashtra,Nashik,Nashik City,City,Urban / City Road,51,14,16,34,Over-speeding,Night (18:00-06:00),0.3137,0.6667,0.5137,Summer
2020,5,Maharashtra,Nashik,Nashik City,City,Urban / City Road,49,13,13,36,Over-speeding,Day (06:00-18:00),0.2653,0.7347,0.4857,Summer
2020,6,Maharashtra,Nashik,Nashik City,City,Urban / City Road,63,18,21,42,Over-speeding,Night (18:00-06:00),0.3333,0.6667,0.5333,Monsoon
2020,7,Maharashtra,Nashik,Nashik City,City,Urban / City Road,62,19,19,41,Dangerous Overtaking,Day (06:00-18:00),0.3065,0.6613,0.5048,Monsoon
2020,8,Maharashtra,Nashik,Nashik City,City,Urban / City Road,67,18,18,45,Over-speeding,Day (06:00-18:00),0.2687,0.6716,0.4701,Monsoon
2020,9,Maharashtra,Nashik,Nashik City,City,Urban / City Road,62,16,16,44,Dangerous Overtaking,Night (18:00-06:00),0.2581,0.7097,0.471,Monsoon
2020,10,Maharashtra,Nashik,Nashik City,City,Urban / City Road,50,11,12,35,Over-speeding,Day (06:00-18:00),0.24,0.7,0.45,Post-Monsoon
2020,11,Maharashtra,Nashik,Nashik City,City,Urban / City Road,51,13,15,31,Drunk Driving,Night (18:00-06:00),0.2941,0.6078,0.4765,Post-Monsoon
2020,12,Maharashtra,Nashik,Nashik City,City,Urban / City Road,51,13,15,34,Over-speeding,Night (18:00-06:00),0.2941,0.6667,0.4941,Winter
2020,1,Maharashtra,Solapur,Solapur Rural,Rural,National Highway,142,36,49,87,Adverse Weather / Monsoon,Night (18:00-06:00),0.3451,0.6127,0.5289,Winter
2020,2,Maharashtra,Solapur,Solapur Rural,Rural,National Highway,150,41,50,95,Adverse Weather / Monsoon,Day (06:00-18:00),0.3333,0.6333,0.5233,Winter
2020,3,Maharashtra,Solapur,Solapur Rural,Rural,National Highway,142,40,41,96,Over-speeding,Day (06:00-18:00),0.2887,0.6761,0.4915,Summer
2020,4,Maharashtra,Solapur,Solapur Rural,Rural,National Highway,134,37,43,91,Adverse Weather / Monsoon,Day (06:00-18:00),0.3209,0.6791,0.5246,Summer
2020,5,Maharashtra,Solapur,Solapur Rural,Rural,National Highway,130,40,40,90,Drunk Driving,Night (18:00-06:00),0.3077,0.6923,0.5154,Summer
2020,6,Maharashtra,Solapur,Solapur Rural,Rural,National Highway,193,56,56,116,Adverse Weather / Monsoon,Night (18:00-06:00),0.2902,0.601,0.4705,Monsoon
2020,7,Maharashtra,Solapur,Solapur Rural,Rural,National Highway,182,48,56,126,Adverse Weather / Monsoon,Day (06:00-18:00),0.3077,0.6923,0.5154,Monsoon
2020,8,Maharashtra,Solapur,Solapur Rural,Rural,National Highway,194,57,66,128,Over-speeding,Night (18:00-06:00),0.3402,0.6598,0.5381,Monsoon
2020,9,Maharashtra,Solapur,Solapur Rural,Rural,National Highway,177,46,59,115,Over-speeding,Night (18:00-06:00),0.3333,0.6497,0.5282,Monsoon
2020,10,Maharashtra,Solapur,Solapur Rural,Rural,National Highway,142,35,47,95,Over-speeding,Night (18:00-06:00),0.331,0.669,0.5317,Post-Monsoon
2020,11,Maharashtra,Solapur,Solapur Rural,Rural,National Highway,149,44,44,101,Drunk Driving,Night (18:00-06:00),0.2953,0.6779,0.4987,Post-Monsoon
2020,12,Maharashtra,Solapur,Solapur Rural,Rural,National Highway,132,35,47,85,Road Defect / Pothole,Day (06:00-18:00),0.3561,0.6439,0.5492,Winter
2020,1,Maharashtra,Solapur,Solapur City,City,Urban / City Road,29,7,8,21,Over-speeding,Day (06:00-18:00),0.2759,0.7241,0.4931,Winter
2020,2,Maharashtra,Solapur,Solapur City,City,Urban / City Road,26,5,6,18,Drunk Driving,Day (06:00-18:00),0.2308,0.6923,0.4385,Winter
2020,3,Maharashtra,Solapur,Solapur City,City,Urban / City Road,25,6,7,17,Drunk Driving,Night (18:00-06:00),0.28,0.68,0.484,Summer
2020,4,Maharashtra,Solapur,Solapur City,City,Urban / City Road,27,6,6,19,Dangerous Overtaking,Night (18:00-06:00),0.2222,0.7037,0.4333,Summer
2020,5,Maharashtra,Solapur,Solapur City,City,Urban / City Road,28,6,7,21,Drunk Driving,Day (06:00-18:00),0.25,0.75,0.475,Summer
2020,6,Maharashtra,Solapur,Solapur City,City,Urban / City Road,36,7,9,25,Adverse Weather / Monsoon,Night (18:00-06:00),0.25,0.6944,0.4583,Monsoon
2020,7,Maharashtra,Solapur,Solapur City,City,Urban / City Road,36,7,9,27,Adverse Weather / Monsoon,Night (18:00-06:00),0.25,0.75,0.475,Monsoon
2020,8,Maharashtra,Solapur,Solapur City,City,Urban / City Road,36,7,10,25,Adverse Weather / Monsoon,Day (06:00-18:00),0.2778,0.6944,0.4861,Monsoon
2020,9,Maharashtra,Solapur,Solapur City,City,Urban / City Road,37,8,8,26,Dangerous Overtaking,Night (18:00-06:00),0.2162,0.7027,0.427,Monsoon
2020,10,Maharashtra,Solapur,Solapur City,City,Urban / City Road,25,6,6,19,Over-speeding,Night (18:00-06:00),0.24,0.76,0.468,Post-Monsoon
2020,11,Maharashtra,Solapur,Solapur City,City,Urban / City Road,26,7,8,18,Over-speeding,Night (18:00-06:00),0.3077,0.6923,0.5154,Post-Monsoon
2020,12,Maharashtra,Solapur,Solapur City,City,Urban / City Road,28,7,8,20,Road Defect / Pothole,Day (06:00-18:00),0.2857,0.7143,0.5,Winter
2020,1,Maharashtra,Ahmednagar,Ahmednagar,Rural,State Highway,169,45,56,113,Over-speeding,Night (18:00-06:00),0.3314,0.6686,0.532,Winter
2020,2,Maharashtra,Ahmednagar,Ahmednagar,Rural,State Highway,172,48,59,102,Over-speeding,Day (06:00-18:00),0.343,0.593,0.5209,Winter
2020,3,Maharashtra,Ahmednagar,Ahmednagar,Rural,State Highway,180,56,60,120,Dangerous Overtaking,Day (06:00-18:00),0.3333,0.6667,0.5333,Summer
2020,4,Maharashtra,Ahmednagar,Ahmednagar,Rural,State Highway,182,46,64,117,Over-speeding,Night (18:00-06:00),0.3516,0.6429,0.5445,Summer
2020,5,Maharashtra,Ahmednagar,Ahmednagar,Rural,State Highway,186,50,50,114,Road Defect / Pothole,Day (06:00-18:00),0.2688,0.6129,0.4527,Summer
2020,6,Maharashtra,Ahmednagar,Ahmednagar,Rural,State Highway,238,63,66,134,Road Defect / Pothole,Night (18:00-06:00),0.2773,0.563,0.4462,Monsoon
2020,7,Maharashtra,Ahmednagar,Ahmednagar,Rural,State Highway,239,58,86,144,Over-speeding,Day (06:00-18:00),0.3598,0.6025,0.5406,Monsoon
2020,8,Maharashtra,Ahmednagar,Ahmednagar,Rural,State Highway,222,59,71,137,Adverse Weather / Monsoon,Night (18:00-06:00),0.3198,0.6171,0.505,Monsoon
2020,9,Maharashtra,Ahmednagar,Ahmednagar,Rural,State Highway,244,62,75,156,Over-speeding,Day (06:00-18:00),0.3074,0.6393,0.4992,Monsoon
2020,10,Maharashtra,Ahmednagar,Ahmednagar,Rural,State Highway,160,47,51,108,Dangerous Overtaking,Day (06:00-18:00),0.3188,0.675,0.5212,Post-Monsoon
2020,11,Maharashtra,Ahmednagar,Ahmednagar,Rural,State Highway,171,45,63,108,Adverse Weather / Monsoon,Day (06:00-18:00),0.3684,0.6316,0.5579,Post-Monsoon
2020,12,Maharashtra,Ahmednagar,Ahmednagar,Rural,State Highway,171,48,58,113,Drunk Driving,Day (06:00-18:00),0.3392,0.6608,0.5374,Winter
2020,1,Maharashtra,Thane,Thane Rural,Rural,National Highway,115,30,38,77,Over-speeding,Day (06:00-18:00),0.3304,0.6696,0.5313,Winter
2020,2,Maharashtra,Thane,Thane Rural,Rural,National Highway,116,31,37,79,Over-speeding,Day (06:00-18:00),0.319,0.681,0.5233,Winter
2020,3,Maharashtra,Thane,Thane Rural,Rural,National Highway,117,34,40,77,Drunk Driving,Night (18:00-06:00),0.3419,0.6581,0.5393,Summer
2020,4,Maharashtra,Thane,Thane Rural,Rural,National Highway,120,36,38,82,Adverse Weather / Monsoon,Day (06:00-18:00),0.3167,0.6833,0.5217,Summer
2020,5,Maharashtra,Thane,Thane Rural,Rural,National Highway,113,36,38,75,Over-speeding,Night (18:00-06:00),0.3363,0.6637,0.5354,Summer
2020,6,Maharashtra,Thane,Thane Rural,Rural,National Highway,150,42,55,95,Over-speeding,Night (18:00-06:00),0.3667,0.6333,0.5567,Monsoon
2020,7,Maharashtra,Thane,Thane Rural,Rural,National Highway,137,45,45,92,Adverse Weather / Monsoon,Day (06:00-18:00),0.3285,0.6715,0.5299,Monsoon
2020,8,Maharashtra,Thane,Thane Rural,Rural,National Highway,152,44,46,96,Dangerous Overtaking,Day (06:00-18:00),0.3026,0.6316,0.4921,Monsoon
2020,9,Maharashtra,Thane,Thane Rural,Rural,National Highway,138,40,46,92,Drunk Driving,Day (06:00-18:00),0.3333,0.6667,0.5333,Monsoon
2020,10,Maharashtra,Thane,Thane Rural,Rural,National Highway,122,34,43,69,Over-speeding,Night (18:00-06:00),0.3525,0.5656,0.5221,Post-Monsoon
2020,11,Maharashtra,Thane,Thane Rural,Rural,National Highway,113,33,33,80,Drunk Driving,Day (06:00-18:00),0.292,0.708,0.5044,Post-Monsoon
2020,12,Maharashtra,Thane,Thane Rural,Rural,National Highway,116,30,34,80,Over-speeding,Day (06:00-18:00),0.2931,0.6897,0.5,Winter
2020,1,Maharashtra,Thane,Thane City,City,Urban / City Road,86,22,27,59,Drunk Driving,Day (06:00-18:00),0.314,0.686,0.5198,Winter
2020,2,Maharashtra,Thane,Thane City,City,Urban / City Road,82,18,24,58,Adverse Weather / Monsoon,Day (06:00-18:00),0.2927,0.7073,0.5049,Winter
2020,3,Maharashtra,Thane,Thane City,City,Urban / City Road,85,19,23,62,Over-speeding,Day (06:00-18:00),0.2706,0.7294,0.4894,Summer
2020,4,Maharashtra,Thane,Thane City,City,Urban / City Road,87,20,22,57,Dangerous Overtaking,Night (18:00-06:00),0.2529,0.6552,0.4494,Summer
2020,5,Maharashtra,Thane,Thane City,City,Urban / City Road,87,22,24,54,Over-speeding,Day (06:00-18:00),0.2759,0.6207,0.4621,Summer
2020,6,Maharashtra,Thane,Thane City,City,Urban / City Road,115,27,33,82,Over-speeding,Day (06:00-18:00),0.287,0.713,0.5009,Monsoon
2020,7,Maharashtra,Thane,Thane City,City,Urban / City Road,103,27,28,75,Drunk Driving,Day (06:00-18:00),0.2718,0.7282,0.4903,Monsoon
2020,8,Maharashtra,Thane,Thane City,City,Urban / City Road,109,23,30,79,Adverse Weather / Monsoon,Day (06:00-18:00),0.2752,0.7248,0.4927,Monsoon
2020,9,Maharashtra,Thane,Thane City,City,Urban / City Road,105,29,31,74,Drunk Driving,Day (06:00-18:00),0.2952,0.7048,0.5067,Monsoon
2020,10,Maharashtra,Thane,Thane City,City,Urban / City Road,87,21,23,59,Adverse Weather / Monsoon,Day (06:00-18:00),0.2644,0.6782,0.4678,Post-Monsoon
2020,11,Maharashtra,Thane,Thane City,City,Urban / City Road,79,21,21,58,Drunk Driving,Day (06:00-18:00),0.2658,0.7342,0.4861,Post-Monsoon
2020,12,Maharashtra,Thane,Thane City,City,Urban / City Road,81,21,21,60,Adverse Weather / Monsoon,Day (06:00-18:00),0.2593,0.7407,0.4815,Winter
2020,1,Maharashtra,Mumbai,Mumbai Suburban,City,Urban / Expressway,227,23,29,198,Adverse Weather / Monsoon,Night (18:00-06:00),0.1278,0.8722,0.3894,Winter
2020,2,Maharashtra,Mumbai,Mumbai Suburban,City,Urban / Expressway,227,22,25,202,Over-speeding,Night (18:00-06:00),0.1101,0.8899,0.3771,Winter
2020,3,Maharashtra,Mumbai,Mumbai Suburban,City,Urban / Expressway,221,28,28,178,Over-speeding,Day (06:00-18:00),0.1267,0.8054,0.3683,Summer
2020,4,Maharashtra,Mumbai,Mumbai Suburban,City,Urban / Expressway,222,23,25,197,Adverse Weather / Monsoon,Day (06:00-18:00),0.1126,0.8874,0.3788,Summer
2020,5,Maharashtra,Mumbai,Mumbai Suburban,City,Urban / Expressway,207,21,31,170,Over-speeding,Night (18:00-06:00),0.1498,0.8213,0.3961,Summer
2020,6,Maharashtra,Mumbai,Mumbai Suburban,City,Urban / Expressway,285,31,41,244,Over-speeding,Day (06:00-18:00),0.1439,0.8561,0.4007,Monsoon
2020,7,Maharashtra,Mumbai,Mumbai Suburban,City,Urban / Expressway,288,34,39,247,Adverse Weather / Monsoon,Night (18:00-06:00),0.1354,0.8576,0.3927,Monsoon
2020,8,Maharashtra,Mumbai,Mumbai Suburban,City,Urban / Expressway,282,29,31,251,Adverse Weather / Monsoon,Night (18:00-06:00),0.1099,0.8901,0.377,Monsoon
2020,9,Maharashtra,Mumbai,Mumbai Suburban,City,Urban / Expressway,301,30,40,253,Over-speeding,Day (06:00-18:00),0.1329,0.8405,0.385,Monsoon
2020,10,Maharashtra,Mumbai,Mumbai Suburban,City,Urban / Expressway,223,24,26,197,Over-speeding,Night (18:00-06:00),0.1166,0.8834,0.3816,Post-Monsoon
2020,11,Maharashtra,Mumbai,Mumbai Suburban,City,Urban / Expressway,214,24,26,178,Dangerous Overtaking,Day (06:00-18:00),0.1215,0.8318,0.371,Post-Monsoon
2020,12,Maharashtra,Mumbai,Mumbai Suburban,City,Urban / Expressway,224,24,24,200,Over-speeding,Night (18:00-06:00),0.1071,0.8929,0.375,Winter
2020,1,Maharashtra,Mumbai,Mumbai City,City,Urban / City Road,148,18,21,126,Dangerous Overtaking,Night (18:00-06:00),0.1419,0.8514,0.3973,Winter
2020,2,Maharashtra,Mumbai,Mumbai City,City,Urban / City Road,151,14,18,133,Drunk Driving,Day (06:00-18:00),0.1192,0.8808,0.3834,Winter
2020,3,Maharashtra,Mumbai,Mumbai City,City,Urban / City Road,156,14,19,137,Over-speeding,Day (06:00-18:00),0.1218,0.8782,0.3853,Summer
2020,4,Maharashtra,Mumbai,Mumbai City,City,Urban / City Road,149,14,20,129,Over-speeding,Day (06:00-18:00),0.1342,0.8658,0.394,Summer
2020,5,Maharashtra,Mumbai,Mumbai City,City,Urban / City Road,155,15,19,136,Drunk Driving,Night (18:00-06:00),0.1226,0.8774,0.3858,Summer
2020,6,Maharashtra,Mumbai,Mumbai City,City,Urban / City Road,187,21,28,159,Over-speeding,Day (06:00-18:00),0.1497,0.8503,0.4048,Monsoon
2020,7,Maharashtra,Mumbai,Mumbai City,City,Urban / City Road,196,20,24,168,Adverse Weather / Monsoon,Day (06:00-18:00),0.1224,0.8571,0.3796,Monsoon
2020,8,Maharashtra,Mumbai,Mumbai City,City,Urban / City Road,201,21,27,159,Adverse Weather / Monsoon,Day (06:00-18:00),0.1343,0.791,0.3716,Monsoon
2020,9,Maharashtra,Mumbai,Mumbai City,City,Urban / City Road,185,21,22,163,Drunk Driving,Day (06:00-18:00),0.1189,0.8811,0.3832,Monsoon
2020,10,Maharashtra,Mumbai,Mumbai City,City,Urban / City Road,143,18,21,122,Over-speeding,Day (06:00-18:00),0.1469,0.8531,0.4028,Post-Monsoon
2020,11,Maharashtra,Mumbai,Mumbai City,City,Urban / City Road,156,17,17,129,Over-speeding,Day (06:00-18:00),0.109,0.8269,0.3571,Post-Monsoon
2020,12,Maharashtra,Mumbai,Mumbai City,City,Urban / City Road,147,15,18,129,Road Defect / Pothole,Day (06:00-18:00),0.1224,0.8776,0.3857,Winter
2020,1,Maharashtra,Nagpur,Nagpur Rural,Rural,National Highway,120,32,33,71,Dangerous Overtaking,Night (18:00-06:00),0.275,0.5917,0.4525,Winter
2020,2,Maharashtra,Nagpur,Nagpur Rural,Rural,National Highway,119,32,33,77,Over-speeding,Night (18:00-06:00),0.2773,0.6471,0.4714,Winter
2020,3,Maharashtra,Nagpur,Nagpur Rural,Rural,National Highway,122,32,40,73,Over-speeding,Day (06:00-18:00),0.3279,0.5984,0.5074,Summer
2020,4,Maharashtra,Nagpur,Nagpur Rural,Rural,National Highway,113,35,40,70,Over-speeding,Day (06:00-18:00),0.354,0.6195,0.5398,Summer
2020,5,Maharashtra,Nagpur,Nagpur Rural,Rural,National Highway,117,29,42,75,Over-speeding,Night (18:00-06:00),0.359,0.641,0.5513,Summer
2020,6,Maharashtra,Nagpur,Nagpur Rural,Rural,National Highway,153,44,46,105,Road Defect / Pothole,Day (06:00-18:00),0.3007,0.6863,0.5065,Monsoon
2020,7,Maharashtra,Nagpur,Nagpur Rural,Rural,National Highway,163,49,57,104,Adverse Weather / Monsoon,Night (18:00-06:00),0.3497,0.638,0.5411,Monsoon
2020,8,Maharashtra,Nagpur,Nagpur Rural,Rural,National Highway,158,43,53,105,Drunk Driving,Night (18:00-06:00),0.3354,0.6646,0.5348,Monsoon
2020,9,Maharashtra,Nagpur,Nagpur Rural,Rural,National Highway,154,43,56,98,Adverse Weather / Monsoon,Day (06:00-18:00),0.3636,0.6364,0.5545,Monsoon
2020,10,Maharashtra,Nagpur,Nagpur Rural,Rural,National Highway,123,33,38,74,Dangerous Overtaking,Day (06:00-18:00),0.3089,0.6016,0.4894,Post-Monsoon
2020,11,Maharashtra,Nagpur,Nagpur Rural,Rural,National Highway,120,28,36,84,Road Defect / Pothole,Day (06:00-18:00),0.3,0.7,0.51,Post-Monsoon
2020,12,Maharashtra,Nagpur,Nagpur Rural,Rural,National Highway,120,35,37,81,Adverse Weather / Monsoon,Day (06:00-18:00),0.3083,0.675,0.5108,Winter
2020,1,Maharashtra,Nagpur,Nagpur City,City,Urban / City Road,82,17,17,54,Dangerous Overtaking,Night (18:00-06:00),0.2073,0.6585,0.4049,Winter
2020,2,Maharashtra,Nagpur,Nagpur City,City,Urban / City Road,81,16,16,56,Dangerous Overtaking,Day (06:00-18:00),0.1975,0.6914,0.4049,Winter
2020,3,Maharashtra,Nagpur,Nagpur City,City,Urban / City Road,75,15,18,56,Over-speeding,Day (06:00-18:00),0.24,0.7467,0.464,Summer
2020,4,Maharashtra,Nagpur,Nagpur City,City,Urban / City Road,82,14,20,58,Over-speeding,Day (06:00-18:00),0.2439,0.7073,0.4561,Summer
2020,5,Maharashtra,Nagpur,Nagpur City,City,Urban / City Road,80,14,19,57,Over-speeding,Night (18:00-06:00),0.2375,0.7125,0.4512,Summer
2020,6,Maharashtra,Nagpur,Nagpur City,City,Urban / City Road,112,19,21,84,Adverse Weather / Monsoon,Day (06:00-18:00),0.1875,0.75,0.4125,Monsoon
2020,7,Maharashtra,Nagpur,Nagpur City,City,Urban / City Road,98,21,21,77,Adverse Weather / Monsoon,Day (06:00-18:00),0.2143,0.7857,0.45,Monsoon
2020,8,Maharashtra,Nagpur,Nagpur City,City,Urban / City Road,108,18,23,80,Adverse Weather / Monsoon,Day (06:00-18:00),0.213,0.7407,0.4352,Monsoon
2020,9,Maharashtra,Nagpur,Nagpur City,City,Urban / City Road,110,19,25,85,Over-speeding,Day (06:00-18:00),0.2273,0.7727,0.4591,Monsoon
2020,10,Maharashtra,Nagpur,Nagpur City,City,Urban / City Road,81,17,18,63,Over-speeding,Day (06:00-18:00),0.2222,0.7778,0.4556,Post-Monsoon
2020,11,Maharashtra,Nagpur,Nagpur City,City,Urban / City Road,83,14,21,59,Over-speeding,Night (18:00-06:00),0.253,0.7108,0.4663,Post-Monsoon
2020,12,Maharashtra,Nagpur,Nagpur City,City,Urban / City Road,71,17,17,54,Over-speeding,Day (06:00-18:00),0.2394,0.7606,0.4676,Winter
2020,1,Maharashtra,Kolhapur,Kolhapur,Rural,National Highway,122,36,40,79,Dangerous Overtaking,Night (18:00-06:00),0.3279,0.6475,0.5221,Winter
2020,2,Maharashtra,Kolhapur,Kolhapur,Rural,National Highway,133,32,37,81,Over-speeding,Day (06:00-18:00),0.2782,0.609,0.4609,Winter
2020,3,Maharashtra,Kolhapur,Kolhapur,Rural,National Highway,131,31,36,83,Dangerous Overtaking,Day (06:00-18:00),0.2748,0.6336,0.4649,Summer
2020,4,Maharashtra,Kolhapur,Kolhapur,Rural,National Highway,131,39,39,92,Over-speeding,Day (06:00-18:00),0.2977,0.7023,0.5084,Summer
2020,5,Maharashtra,Kolhapur,Kolhapur,Rural,National Highway,129,38,38,91,Dangerous Overtaking,Night (18:00-06:00),0.2946,0.7054,0.5062,Summer
2020,6,Maharashtra,Kolhapur,Kolhapur,Rural,National Highway,163,49,49,109,Dangerous Overtaking,Day (06:00-18:00),0.3006,0.6687,0.5012,Monsoon
2020,7,Maharashtra,Kolhapur,Kolhapur,Rural,National Highway,186,42,63,123,Adverse Weather / Monsoon,Night (18:00-06:00),0.3387,0.6613,0.5371,Monsoon
2020,8,Maharashtra,Kolhapur,Kolhapur,Rural,National Highway,172,44,61,111,Adverse Weather / Monsoon,Day (06:00-18:00),0.3547,0.6453,0.5483,Monsoon
2020,9,Maharashtra,Kolhapur,Kolhapur,Rural,National Highway,161,52,56,105,Adverse Weather / Monsoon,Night (18:00-06:00),0.3478,0.6522,0.5435,Monsoon
2020,10,Maharashtra,Kolhapur,Kolhapur,Rural,National Highway,135,39,42,77,Drunk Driving,Day (06:00-18:00),0.3111,0.5704,0.4822,Post-Monsoon
2020,11,Maharashtra,Kolhapur,Kolhapur,Rural,National Highway,136,33,48,80,Drunk Driving,Day (06:00-18:00),0.3529,0.5882,0.5294,Post-Monsoon
2020,12,Maharashtra,Kolhapur,Kolhapur,Rural,National Highway,136,32,37,93,Dangerous Overtaking,Night (18:00-06:00),0.2721,0.6838,0.4772,Winter
2020,1,Maharashtra,Satara,Satara,Rural,National Highway,125,35,42,83,Dangerous Overtaking,Day (06:00-18:00),0.336,0.664,0.5352,Winter
2020,2,Maharashtra,Satara,Satara,Rural,National Highway,120,37,37,77,Dangerous Overtaking,Day (06:00-18:00),0.3083,0.6417,0.5008,Winter
2020,3,Maharashtra,Satara,Satara,Rural,National Highway,124,32,43,75,Over-speeding,Night (18:00-06:00),0.3468,0.6048,0.5282,Summer
2020,4,Maharashtra,Satara,Satara,Rural,National Highway,130,34,34,79,Over-speeding,Night (18:00-06:00),0.2615,0.6077,0.4438,Summer
2020,5,Maharashtra,Satara,Satara,Rural,National Highway,117,29,39,75,Over-speeding,Day (06:00-18:00),0.3333,0.641,0.5256,Summer
2020,6,Maharashtra,Satara,Satara,Rural,National Highway,164,46,51,101,Over-speeding,Night (18:00-06:00),0.311,0.6159,0.4957,Monsoon
2020,7,Maharashtra,Satara,Satara,Rural,National Highway,175,45,45,109,Adverse Weather / Monsoon,Day (06:00-18:00),0.2571,0.6229,0.444,Monsoon
2020,8,Maharashtra,Satara,Satara,Rural,National Highway,171,43,54,117,Over-speeding,Night (18:00-06:00),0.3158,0.6842,0.5211,Monsoon
2020,9,Maharashtra,Satara,Satara,Rural,National Highway,169,48,53,116,Drunk Driving,Night (18:00-06:00),0.3136,0.6864,0.5195,Monsoon
2020,10,Maharashtra,Satara,Satara,Rural,National Highway,126,32,45,74,Over-speeding,Day (06:00-18:00),0.3571,0.5873,0.5333,Post-Monsoon
2020,11,Maharashtra,Satara,Satara,Rural,National Highway,125,35,41,74,Dangerous Overtaking,Day (06:00-18:00),0.328,0.592,0.5056,Post-Monsoon
2020,12,Maharashtra,Satara,Satara,Rural,National Highway,125,33,40,76,Over-speeding,Night (18:00-06:00),0.32,0.608,0.5024,Winter
2020,1,Maharashtra,Jalgaon,Jalgaon,Rural,State Highway,113,26,36,69,Dangerous Overtaking,Night (18:00-06:00),0.3186,0.6106,0.5018,Winter
2020,2,Maharashtra,Jalgaon,Jalgaon,Rural,State Highway,97,29,29,68,Over-speeding,Day (06:00-18:00),0.299,0.701,0.5093,Winter
2020,3,Maharashtra,Jalgaon,Jalgaon,Rural,State Highway,109,34,38,71,Over-speeding,Day (06:00-18:00),0.3486,0.6514,0.544,Summer
2020,4,Maharashtra,Jalgaon,Jalgaon,Rural,State Highway,106,31,33,69,Over-speeding,Day (06:00-18:00),0.3113,0.6509,0.5066,Summer
2020,5,Maharashtra,Jalgaon,Jalgaon,Rural,State Highway,107,27,30,77,Over-speeding,Day (06:00-18:00),0.2804,0.7196,0.4963,Summer
2020,6,Maharashtra,Jalgaon,Jalgaon,Rural,State Highway,150,40,52,98,Over-speeding,Day (06:00-18:00),0.3467,0.6533,0.5427,Monsoon
2020,7,Maharashtra,Jalgaon,Jalgaon,Rural,State Highway,137,41,48,89,Adverse Weather / Monsoon,Day (06:00-18:00),0.3504,0.6496,0.5453,Monsoon
2020,8,Maharashtra,Jalgaon,Jalgaon,Rural,State Highway,145,42,48,97,Adverse Weather / Monsoon,Night (18:00-06:00),0.331,0.669,0.5317,Monsoon
2020,9,Maharashtra,Jalgaon,Jalgaon,Rural,State Highway,141,34,41,88,Over-speeding,Night (18:00-06:00),0.2908,0.6241,0.478,Monsoon
2020,10,Maharashtra,Jalgaon,Jalgaon,Rural,State Highway,112,27,31,77,Over-speeding,Day (06:00-18:00),0.2768,0.6875,0.483,Post-Monsoon
2020,11,Maharashtra,Jalgaon,Jalgaon,Rural,State Highway,106,26,35,64,Over-speeding,Night (18:00-06:00),0.3302,0.6038,0.5113,Post-Monsoon
2020,12,Maharashtra,Jalgaon,Jalgaon,Rural,State Highway,107,31,32,75,Over-speeding,Day (06:00-18:00),0.2991,0.7009,0.5093,Winter
2020,1,Maharashtra,Sangli,Sangli,Rural,State Highway,99,26,29,65,Adverse Weather / Monsoon,Night (18:00-06:00),0.2929,0.6566,0.4899,Winter
2020,2,Maharashtra,Sangli,Sangli,Rural,State Highway,99,26,34,65,Over-speeding,Day (06:00-18:00),0.3434,0.6566,0.5404,Winter
2020,3,Maharashtra,Sangli,Sangli,Rural,State Highway,101,26,32,69,Over-speeding,Day (06:00-18:00),0.3168,0.6832,0.5218,Summer
2020,4,Maharashtra,Sangli,Sangli,Rural,State Highway,95,29,34,61,Dangerous Overtaking,Day (06:00-18:00),0.3579,0.6421,0.5505,Summer
2020,5,Maharashtra,Sangli,Sangli,Rural,State Highway,100,27,31,69,Over-speeding,Day (06:00-18:00),0.31,0.69,0.517,Summer
2020,6,Maharashtra,Sangli,Sangli,Rural,State Highway,128,35,48,76,Over-speeding,Day (06:00-18:00),0.375,0.5938,0.5531,Monsoon
2020,7,Maharashtra,Sangli,Sangli,Rural,State Highway,127,41,44,83,Adverse Weather / Monsoon,Day (06:00-18:00),0.3465,0.6535,0.5425,Monsoon
2020,8,Maharashtra,Sangli,Sangli,Rural,State Highway,135,35,41,86,Adverse Weather / Monsoon,Day (06:00-18:00),0.3037,0.637,0.4948,Monsoon
2020,9,Maharashtra,Sangli,Sangli,Rural,State Highway,138,37,47,91,Over-speeding,Day (06:00-18:00),0.3406,0.6594,0.5384,Monsoon
2020,10,Maharashtra,Sangli,Sangli,Rural,State Highway,97,26,33,62,Over-speeding,Day (06:00-18:00),0.3402,0.6392,0.532,Post-Monsoon
2020,11,Maharashtra,Sangli,Sangli,Rural,State Highway,92,25,34,58,Dangerous Overtaking,Night (18:00-06:00),0.3696,0.6304,0.5587,Post-Monsoon
2020,12,Maharashtra,Sangli,Sangli,Rural,State Highway,103,26,33,67,Over-speeding,Day (06:00-18:00),0.3204,0.6505,0.5155,Winter
2020,1,Maharashtra,Nanded,Nanded,Rural,State Highway,91,25,34,57,Over-speeding,Day (06:00-18:00),0.3736,0.6264,0.5615,Winter
2020,2,Maharashtra,Nanded,Nanded,Rural,State Highway,95,22,31,64,Drunk Driving,Night (18:00-06:00),0.3263,0.6737,0.5284,Winter
2020,3,Maharashtra,Nanded,Nanded,Rural,State Highway,95,25,26,61,Drunk Driving,Night (18:00-06:00),0.2737,0.6421,0.4663,Summer
2020,4,Maharashtra,Nanded,Nanded,Rural,State Highway,98,22,34,64,Road Defect / Pothole,Day (06:00-18:00),0.3469,0.6531,0.5429,Summer
2020,5,Maharashtra,Nanded,Nanded,Rural,State Highway,93,25,26,59,Dangerous Overtaking,Night (18:00-06:00),0.2796,0.6344,0.4699,Summer
2020,6,Maharashtra,Nanded,Nanded,Rural,State Highway,124,36,39,85,Over-speeding,Night (18:00-06:00),0.3145,0.6855,0.5202,Monsoon
2020,7,Maharashtra,Nanded,Nanded,Rural,State Highway,115,31,43,72,Adverse Weather / Monsoon,Day (06:00-18:00),0.3739,0.6261,0.5617,Monsoon
2020,8,Maharashtra,Nanded,Nanded,Rural,State Highway,116,37,40,76,Adverse Weather / Monsoon,Day (06:00-18:00),0.3448,0.6552,0.5414,Monsoon
2020,9,Maharashtra,Nanded,Nanded,Rural,State Highway,125,34,43,75,Drunk Driving,Day (06:00-18:00),0.344,0.6,0.524,Monsoon
2020,10,Maharashtra,Nanded,Nanded,Rural,State Highway,95,27,31,60,Over-speeding,Night (18:00-06:00),0.3263,0.6316,0.5158,Post-Monsoon
2020,11,Maharashtra,Nanded,Nanded,Rural,State Highway,92,23,31,61,Dangerous Overtaking,Day (06:00-18:00),0.337,0.663,0.5359,Post-Monsoon
2020,12,Maharashtra,Nanded,Nanded,Rural,State Highway,90,27,31,59,Over-speeding,Night (18:00-06:00),0.3444,0.6556,0.5411,Winter
2020,1,Maharashtra,Amravati,Amravati Rural,Rural,National Highway,78,22,27,51,Over-speeding,Day (06:00-18:00),0.3462,0.6538,0.5423,Winter
2020,2,Maharashtra,Amravati,Amravati Rural,Rural,National Highway,81,24,27,54,Over-speeding,Night (18:00-06:00),0.3333,0.6667,0.5333,Winter
2020,3,Maharashtra,Amravati,Amravati Rural,Rural,National Highway,78,21,28,50,Dangerous Overtaking,Day (06:00-18:00),0.359,0.641,0.5513,Summer
2020,4,Maharashtra,Amravati,Amravati Rural,Rural,National Highway,89,27,28,50,Over-speeding,Day (06:00-18:00),0.3146,0.5618,0.4831,Summer
2020,5,Maharashtra,Amravati,Amravati Rural,Rural,National Highway,78,25,28,50,Adverse Weather / Monsoon,Night (18:00-06:00),0.359,0.641,0.5513,Summer
2020,6,Maharashtra,Amravati,Amravati Rural,Rural,National Highway,104,28,32,66,Over-speeding,Day (06:00-18:00),0.3077,0.6346,0.4981,Monsoon
2020,7,Maharashtra,Amravati,Amravati Rural,Rural,National Highway,109,35,35,74,Adverse Weather / Monsoon,Day (06:00-18:00),0.3211,0.6789,0.5248,Monsoon
2020,8,Maharashtra,Amravati,Amravati Rural,Rural,National Highway,110,27,32,74,Adverse Weather / Monsoon,Day (06:00-18:00),0.2909,0.6727,0.4927,Monsoon
2020,9,Maharashtra,Amravati,Amravati Rural,Rural,National Highway,107,30,31,67,Over-speeding,Night (18:00-06:00),0.2897,0.6262,0.4776,Monsoon
2020,10,Maharashtra,Amravati,Amravati Rural,Rural,National Highway,84,23,30,53,Over-speeding,Day (06:00-18:00),0.3571,0.631,0.5464,Post-Monsoon
2020,11,Maharashtra,Amravati,Amravati Rural,Rural,National Highway,85,25,30,55,Over-speeding,Night (18:00-06:00),0.3529,0.6471,0.5471,Post-Monsoon
2020,12,Maharashtra,Amravati,Amravati Rural,Rural,National Highway,84,23,26,58,Road Defect / Pothole,Day (06:00-18:00),0.3095,0.6905,0.5167,Winter
2020,1,Maharashtra,Amravati,Amravati City,City,Urban / City Road,31,7,9,20,Over-speeding,Night (18:00-06:00),0.2903,0.6452,0.4839,Winter
2020,2,Maharashtra,Amravati,Amravati City,City,Urban / City Road,30,7,9,21,Over-speeding,Day (06:00-18:00),0.3,0.7,0.51,Winter
2020,3,Maharashtra,Amravati,Amravati City,City,Urban / City Road,30,8,9,18,Dangerous Overtaking,Day (06:00-18:00),0.3,0.6,0.48,Summer
2020,4,Maharashtra,Amravati,Amravati City,City,Urban / City Road,29,7,9,20,Road Defect / Pothole,Day (06:00-18:00),0.3103,0.6897,0.5172,Summer
2020,5,Maharashtra,Amravati,Amravati City,City,Urban / City Road,30,6,8,19,Adverse Weather / Monsoon,Night (18:00-06:00),0.2667,0.6333,0.4567,Summer
2020,6,Maharashtra,Amravati,Amravati City,City,Urban / City Road,41,9,13,26,Dangerous Overtaking,Day (06:00-18:00),0.3171,0.6341,0.5073,Monsoon
2020,7,Maharashtra,Amravati,Amravati City,City,Urban / City Road,38,10,11,27,Adverse Weather / Monsoon,Day (06:00-18:00),0.2895,0.7105,0.5026,Monsoon
2020,8,Maharashtra,Amravati,Amravati City,City,Urban / City Road,38,10,10,24,Adverse Weather / Monsoon,Day (06:00-18:00),0.2632,0.6316,0.4526,Monsoon
2020,9,Maharashtra,Amravati,Amravati City,City,Urban / City Road,40,10,12,28,Dangerous Overtaking,Night (18:00-06:00),0.3,0.7,0.51,Monsoon
2020,10,Maharashtra,Amravati,Amravati City,City,Urban / City Road,28,7,8,20,Dangerous Overtaking,Day (06:00-18:00),0.2857,0.7143,0.5,Post-Monsoon
2020,11,Maharashtra,Amravati,Amravati City,City,Urban / City Road,27,7,7,19,Dangerous Overtaking,Day (06:00-18:00),0.2593,0.7037,0.4704,Post-Monsoon
2020,12,Maharashtra,Amravati,Amravati City,City,Urban / City Road,30,6,10,20,Over-speeding,Night (18:00-06:00),0.3333,0.6667,0.5333,Winter
2020,1,Maharashtra,Raigad,Raigad,Rural,National Highway,120,33,37,83,Over-speeding,Day (06:00-18:00),0.3083,0.6917,0.5158,Winter
2020,2,Maharashtra,Raigad,Raigad,Rural,National Highway,123,36,39,79,Drunk Driving,Day (06:00-18:00),0.3171,0.6423,0.5098,Winter
2020,3,Maharashtra,Raigad,Raigad,Rural,National Highway,121,33,42,72,Over-speeding,Day (06:00-18:00),0.3471,0.595,0.5256,Summer
2020,4,Maharashtra,Raigad,Raigad,Rural,National Highway,114,33,35,79,Over-speeding,Night (18:00-06:00),0.307,0.693,0.5149,Summer
2020,5,Maharashtra,Raigad,Raigad,Rural,National Highway,111,29,33,78,Over-speeding,Day (06:00-18:00),0.2973,0.7027,0.5081,Summer
2020,6,Maharashtra,Raigad,Raigad,Rural,National Highway,159,36,54,105,Dangerous Overtaking,Night (18:00-06:00),0.3396,0.6604,0.5377,Monsoon
2020,7,Maharashtra,Raigad,Raigad,Rural,National Highway,164,38,42,109,Adverse Weather / Monsoon,Night (18:00-06:00),0.2561,0.6646,0.4555,Monsoon
2020,8,Maharashtra,Raigad,Raigad,Rural,National Highway,162,49,56,106,Adverse Weather / Monsoon,Day (06:00-18:00),0.3457,0.6543,0.542,Monsoon
2020,9,Maharashtra,Raigad,Raigad,Rural,National Highway,151,40,55,96,Over-speeding,Night (18:00-06:00),0.3642,0.6358,0.555,Monsoon
2020,10,Maharashtra,Raigad,Raigad,Rural,National Highway,121,30,40,81,Drunk Driving,Day (06:00-18:00),0.3306,0.6694,0.5314,Post-Monsoon
2020,11,Maharashtra,Raigad,Raigad,Rural,National Highway,114,34,34,80,Adverse Weather / Monsoon,Day (06:00-18:00),0.2982,0.7018,0.5088,Post-Monsoon
2020,12,Maharashtra,Raigad,Raigad,Rural,National Highway,125,34,41,84,Over-speeding,Day (06:00-18:00),0.328,0.672,0.5296,Winter
2020,1,Maharashtra,Buldhana,Buldhana,Rural,National Highway,82,23,28,49,Over-speeding,Day (06:00-18:00),0.3415,0.5976,0.5207,Winter
2020,2,Maharashtra,Buldhana,Buldhana,Rural,National Highway,78,24,28,50,Over-speeding,Day (06:00-18:00),0.359,0.641,0.5513,Winter
2020,3,Maharashtra,Buldhana,Buldhana,Rural,National Highway,80,26,29,51,Drunk Driving,Night (18:00-06:00),0.3625,0.6375,0.5538,Summer
2020,4,Maharashtra,Buldhana,Buldhana,Rural,National Highway,85,24,24,51,Over-speeding,Day (06:00-18:00),0.2824,0.6,0.4624,Summer
2020,5,Maharashtra,Buldhana,Buldhana,Rural,National Highway,79,21,23,51,Drunk Driving,Night (18:00-06:00),0.2911,0.6456,0.4848,Summer
2020,6,Maharashtra,Buldhana,Buldhana,Rural,National Highway,112,33,39,73,Over-speeding,Night (18:00-06:00),0.3482,0.6518,0.5438,Monsoon
2020,7,Maharashtra,Buldhana,Buldhana,Rural,National Highway,113,28,37,69,Adverse Weather / Monsoon,Day (06:00-18:00),0.3274,0.6106,0.5106,Monsoon
2020,8,Maharashtra,Buldhana,Buldhana,Rural,National Highway,102,33,38,64,Road Defect / Pothole,Night (18:00-06:00),0.3725,0.6275,0.5608,Monsoon
2020,9,Maharashtra,Buldhana,Buldhana,Rural,National Highway,109,34,38,67,Adverse Weather / Monsoon,Day (06:00-18:00),0.3486,0.6147,0.533,Monsoon
2020,10,Maharashtra,Buldhana,Buldhana,Rural,National Highway,82,24,29,50,Adverse Weather / Monsoon,Day (06:00-18:00),0.3537,0.6098,0.5366,Post-Monsoon
2020,11,Maharashtra,Buldhana,Buldhana,Rural,National Highway,84,23,28,56,Over-speeding,Day (06:00-18:00),0.3333,0.6667,0.5333,Post-Monsoon
2020,12,Maharashtra,Buldhana,Buldhana,Rural,National Highway,85,21,27,55,Over-speeding,Night (18:00-06:00),0.3176,0.6471,0.5118,Winter
2020,1,Maharashtra,Beed,Beed,Rural,State Highway,92,28,32,60,Over-speeding,Night (18:00-06:00),0.3478,0.6522,0.5435,Winter
2020,2,Maharashtra,Beed,Beed,Rural,State Highway,92,24,31,61,Dangerous Overtaking,Day (06:00-18:00),0.337,0.663,0.5359,Winter
2020,3,Maharashtra,Beed,Beed,Rural,State Highway,95,22,33,62,Dangerous Overtaking,Night (18:00-06:00),0.3474,0.6526,0.5432,Summer
2020,4,Maharashtra,Beed,Beed,Rural,State Highway,82,27,27,55,Drunk Driving,Day (06:00-18:00),0.3293,0.6707,0.5305,Summer
2020,5,Maharashtra,Beed,Beed,Rural,State Highway,88,25,25,63,Over-speeding,Day (06:00-18:00),0.2841,0.7159,0.4989,Summer
2020,6,Maharashtra,Beed,Beed,Rural,State Highway,120,33,39,81,Over-speeding,Day (06:00-18:00),0.325,0.675,0.5275,Monsoon
2020,7,Maharashtra,Beed,Beed,Rural,State Highway,113,31,44,69,Adverse Weather / Monsoon,Day (06:00-18:00),0.3894,0.6106,0.5726,Monsoon
2020,8,Maharashtra,Beed,Beed,Rural,State Highway,122,30,42,80,Adverse Weather / Monsoon,Day (06:00-18:00),0.3443,0.6557,0.541,Monsoon
2020,9,Maharashtra,Beed,Beed,Rural,State Highway,113,33,41,72,Dangerous Overtaking,Night (18:00-06:00),0.3628,0.6372,0.554,Monsoon
2020,10,Maharashtra,Beed,Beed,Rural,State Highway,85,24,33,52,Over-speeding,Day (06:00-18:00),0.3882,0.6118,0.5718,Post-Monsoon
2020,11,Maharashtra,Beed,Beed,Rural,State Highway,86,25,25,61,Dangerous Overtaking,Day (06:00-18:00),0.2907,0.7093,0.5035,Post-Monsoon
2020,12,Maharashtra,Beed,Beed,Rural,State Highway,87,25,25,62,Over-speeding,Day (06:00-18:00),0.2874,0.7126,0.5011,Winter
2020,1,Maharashtra,Yavatmal,Yavatmal,Rural,State Highway,81,22,26,55,Dangerous Overtaking,Day (06:00-18:00),0.321,0.679,0.5247,Winter
2020,2,Maharashtra,Yavatmal,Yavatmal,Rural,State Highway,79,21,31,48,Over-speeding,Day (06:00-18:00),0.3924,0.6076,0.5747,Winter
2020,3,Maharashtra,Yavatmal,Yavatmal,Rural,State Highway,83,22,30,53,Dangerous Overtaking,Day (06:00-18:00),0.3614,0.6386,0.553,Summer
2020,4,Maharashtra,Yavatmal,Yavatmal,Rural,State Highway,86,20,30,56,Over-speeding,Night (18:00-06:00),0.3488,0.6512,0.5442,Summer
2020,5,Maharashtra,Yavatmal,Yavatmal,Rural,State Highway,82,25,31,51,Over-speeding,Night (18:00-06:00),0.378,0.622,0.5646,Summer
2020,6,Maharashtra,Yavatmal,Yavatmal,Rural,State Highway,113,32,32,68,Over-speeding,Day (06:00-18:00),0.2832,0.6018,0.4637,Monsoon
2020,7,Maharashtra,Yavatmal,Yavatmal,Rural,State Highway,114,29,39,75,Over-speeding,Day (06:00-18:00),0.3421,0.6579,0.5395,Monsoon
2020,8,Maharashtra,Yavatmal,Yavatmal,Rural,State Highway,102,28,31,71,Adverse Weather / Monsoon,Day (06:00-18:00),0.3039,0.6961,0.5127,Monsoon
2020,9,Maharashtra,Yavatmal,Yavatmal,Rural,State Highway,114,31,40,68,Over-speeding,Night (18:00-06:00),0.3509,0.5965,0.5298,Monsoon
2020,10,Maharashtra,Yavatmal,Yavatmal,Rural,State Highway,77,22,26,51,Over-speeding,Night (18:00-06:00),0.3377,0.6623,0.5364,Post-Monsoon
2020,11,Maharashtra,Yavatmal,Yavatmal,Rural,State Highway,77,21,28,49,Adverse Weather / Monsoon,Day (06:00-18:00),0.3636,0.6364,0.5545,Post-Monsoon
2020,12,Maharashtra,Yavatmal,Yavatmal,Rural,State Highway,86,20,28,58,Over-speeding,Night (18:00-06:00),0.3256,0.6744,0.5279,Winter
2020,1,Maharashtra,Chandrapur,Chandrapur,Rural,National Highway,78,18,28,50,Drunk Driving,Night (18:00-06:00),0.359,0.641,0.5513,Winter
2020,2,Maharashtra,Chandrapur,Chandrapur,Rural,National Highway,81,24,28,47,Over-speeding,Day (06:00-18:00),0.3457,0.5802,0.5198,Winter
2020,3,Maharashtra,Chandrapur,Chandrapur,Rural,National Highway,73,22,25,47,Dangerous Overtaking,Day (06:00-18:00),0.3425,0.6438,0.5356,Summer
2020,4,Maharashtra,Chandrapur,Chandrapur,Rural,National Highway,77,23,25,52,Dangerous Overtaking,Day (06:00-18:00),0.3247,0.6753,0.5273,Summer
2020,5,Maharashtra,Chandrapur,Chandrapur,Rural,National Highway,76,21,22,49,Over-speeding,Day (06:00-18:00),0.2895,0.6447,0.4829,Summer
2020,6,Maharashtra,Chandrapur,Chandrapur,Rural,National Highway,108,27,38,60,Over-speeding,Day (06:00-18:00),0.3519,0.5556,0.5185,Monsoon
2020,7,Maharashtra,Chandrapur,Chandrapur,Rural,National Highway,108,30,30,61,Road Defect / Pothole,Night (18:00-06:00),0.2778,0.5648,0.4472,Monsoon
2020,8,Maharashtra,Chandrapur,Chandrapur,Rural,National Highway,96,26,35,61,Adverse Weather / Monsoon,Night (18:00-06:00),0.3646,0.6354,0.5552,Monsoon
2020,9,Maharashtra,Chandrapur,Chandrapur,Rural,National Highway,102,25,36,64,Over-speeding,Night (18:00-06:00),0.3529,0.6275,0.5412,Monsoon
2020,10,Maharashtra,Chandrapur,Chandrapur,Rural,National Highway,76,22,23,53,Over-speeding,Day (06:00-18:00),0.3026,0.6974,0.5118,Post-Monsoon
2020,11,Maharashtra,Chandrapur,Chandrapur,Rural,National Highway,74,20,23,51,Dangerous Overtaking,Night (18:00-06:00),0.3108,0.6892,0.5176,Post-Monsoon
2020,12,Maharashtra,Chandrapur,Chandrapur,Rural,National Highway,78,20,28,50,Drunk Driving,Day (06:00-18:00),0.359,0.641,0.5513,Winter
2020,1,Maharashtra,Latur,Latur,Rural,State Highway,74,19,26,48,Over-speeding,Night (18:00-06:00),0.3514,0.6486,0.5459,Winter
2020,2,Maharashtra,Latur,Latur,Rural,State Highway,67,20,20,44,Over-speeding,Day (06:00-18:00),0.2985,0.6567,0.4955,Winter
2020,3,Maharashtra,Latur,Latur,Rural,State Highway,72,18,22,50,Over-speeding,Day (06:00-18:00),0.3056,0.6944,0.5139,Summer
2020,4,Maharashtra,Latur,Latur,Rural,State Highway,65,22,22,43,Road Defect / Pothole,Day (06:00-18:00),0.3385,0.6615,0.5369,Summer
2020,5,Maharashtra,Latur,Latur,Rural,State Highway,73,22,24,47,Over-speeding,Day (06:00-18:00),0.3288,0.6438,0.5219,Summer
2020,6,Maharashtra,Latur,Latur,Rural,State Highway,94,25,35,59,Drunk Driving,Day (06:00-18:00),0.3723,0.6277,0.5606,Monsoon
2020,7,Maharashtra,Latur,Latur,Rural,State Highway,100,27,33,65,Over-speeding,Day (06:00-18:00),0.33,0.65,0.525,Monsoon
2020,8,Maharashtra,Latur,Latur,Rural,State Highway,93,30,33,60,Adverse Weather / Monsoon,Day (06:00-18:00),0.3548,0.6452,0.5484,Monsoon
2020,9,Maharashtra,Latur,Latur,Rural,State Highway,91,29,29,61,Drunk Driving,Night (18:00-06:00),0.3187,0.6703,0.5198,Monsoon
2020,10,Maharashtra,Latur,Latur,Rural,State Highway,68,22,23,45,Drunk Driving,Night (18:00-06:00),0.3382,0.6618,0.5368,Post-Monsoon
2020,11,Maharashtra,Latur,Latur,Rural,State Highway,74,22,25,49,Over-speeding,Day (06:00-18:00),0.3378,0.6622,0.5365,Post-Monsoon
2020,12,Maharashtra,Latur,Latur,Rural,State Highway,73,20,25,48,Over-speeding,Night (18:00-06:00),0.3425,0.6575,0.5397,Winter
2020,1,Maharashtra,Dhule,Dhule,Rural,National Highway,72,22,27,45,Over-speeding,Night (18:00-06:00),0.375,0.625,0.5625,Winter
2020,2,Maharashtra,Dhule,Dhule,Rural,National Highway,73,23,23,50,Road Defect / Pothole,Day (06:00-18:00),0.3151,0.6849,0.5205,Winter
2020,3,Maharashtra,Dhule,Dhule,Rural,National Highway,78,22,28,50,Over-speeding,Day (06:00-18:00),0.359,0.641,0.5513,Summer
2020,4,Maharashtra,Dhule,Dhule,Rural,National Highway,67,18,22,44,Road Defect / Pothole,Day (06:00-18:00),0.3284,0.6567,0.5254,Summer
2020,5,Maharashtra,Dhule,Dhule,Rural,National Highway,75,22,27,45,Dangerous Overtaking,Night (18:00-06:00),0.36,0.6,0.54,Summer
2020,6,Maharashtra,Dhule,Dhule,Rural,National Highway,100,32,35,64,Over-speeding,Night (18:00-06:00),0.35,0.64,0.542,Monsoon
2020,7,Maharashtra,Dhule,Dhule,Rural,National Highway,97,25,36,61,Adverse Weather / Monsoon,Day (06:00-18:00),0.3711,0.6289,0.5598,Monsoon
2020,8,Maharashtra,Dhule,Dhule,Rural,National Highway,104,27,36,68,Adverse Weather / Monsoon,Night (18:00-06:00),0.3462,0.6538,0.5423,Monsoon
2020,9,Maharashtra,Dhule,Dhule,Rural,National Highway,98,25,32,66,Over-speeding,Night (18:00-06:00),0.3265,0.6735,0.5286,Monsoon
2020,10,Maharashtra,Dhule,Dhule,Rural,National Highway,69,18,23,46,Dangerous Overtaking,Night (18:00-06:00),0.3333,0.6667,0.5333,Post-Monsoon
2020,11,Maharashtra,Dhule,Dhule,Rural,National Highway,75,24,24,50,Adverse Weather / Monsoon,Day (06:00-18:00),0.32,0.6667,0.52,Post-Monsoon
2020,12,Maharashtra,Dhule,Dhule,Rural,National Highway,69,21,21,44,Over-speeding,Day (06:00-18:00),0.3043,0.6377,0.4957,Winter
2020,1,Maharashtra,Jalna,Jalna,Rural,State Highway,72,19,25,46,Dangerous Overtaking,Night (18:00-06:00),0.3472,0.6389,0.5389,Winter
2020,2,Maharashtra,Jalna,Jalna,Rural,State Highway,75,22,27,48,Over-speeding,Night (18:00-06:00),0.36,0.64,0.552,Winter
2020,3,Maharashtra,Jalna,Jalna,Rural,State Highway,73,21,25,47,Over-speeding,Day (06:00-18:00),0.3425,0.6438,0.5356,Summer
2020,4,Maharashtra,Jalna,Jalna,Rural,State Highway,69,19,26,43,Over-speeding,Night (18:00-06:00),0.3768,0.6232,0.5638,Summer
2020,5,Maharashtra,Jalna,Jalna,Rural,State Highway,70,21,22,45,Adverse Weather / Monsoon,Night (18:00-06:00),0.3143,0.6429,0.5071,Summer
2020,6,Maharashtra,Jalna,Jalna,Rural,State Highway,93,29,30,56,Over-speeding,Day (06:00-18:00),0.3226,0.6022,0.5032,Monsoon
2020,7,Maharashtra,Jalna,Jalna,Rural,State Highway,101,27,27,64,Over-speeding,Night (18:00-06:00),0.2673,0.6337,0.4574,Monsoon
2020,8,Maharashtra,Jalna,Jalna,Rural,State Highway,94,25,33,61,Over-speeding,Day (06:00-18:00),0.3511,0.6489,0.5457,Monsoon
2020,9,Maharashtra,Jalna,Jalna,Rural,State Highway,99,25,29,62,Drunk Driving,Day (06:00-18:00),0.2929,0.6263,0.4808,Monsoon
2020,10,Maharashtra,Jalna,Jalna,Rural,State Highway,72,18,21,43,Drunk Driving,Day (06:00-18:00),0.2917,0.5972,0.4708,Post-Monsoon
2020,11,Maharashtra,Jalna,Jalna,Rural,State Highway,69,23,24,45,Over-speeding,Day (06:00-18:00),0.3478,0.6522,0.5435,Post-Monsoon
2020,12,Maharashtra,Jalna,Jalna,Rural,State Highway,70,21,25,45,Over-speeding,Day (06:00-18:00),0.3571,0.6429,0.55,Winter
2020,1,Maharashtra,Parbhani,Parbhani,Rural,State Highway,60,18,18,42,Road Defect / Pothole,Night (18:00-06:00),0.3,0.7,0.51,Winter
2020,2,Maharashtra,Parbhani,Parbhani,Rural,State Highway,60,16,21,39,Over-speeding,Day (06:00-18:00),0.35,0.65,0.545,Winter
2020,3,Maharashtra,Parbhani,Parbhani,Rural,State Highway,61,16,19,42,Over-speeding,Day (06:00-18:00),0.3115,0.6885,0.518,Summer
2020,4,Maharashtra,Parbhani,Parbhani,Rural,State Highway,63,17,21,36,Over-speeding,Night (18:00-06:00),0.3333,0.5714,0.5048,Summer
2020,5,Maharashtra,Parbhani,Parbhani,Rural,State Highway,59,15,20,35,Road Defect / Pothole,Day (06:00-18:00),0.339,0.5932,0.5169,Summer
2020,6,Maharashtra,Parbhani,Parbhani,Rural,State Highway,78,23,23,55,Dangerous Overtaking,Day (06:00-18:00),0.2949,0.7051,0.5064,Monsoon
2020,7,Maharashtra,Parbhani,Parbhani,Rural,State Highway,83,22,29,54,Adverse Weather / Monsoon,Night (18:00-06:00),0.3494,0.6506,0.5446,Monsoon
2020,8,Maharashtra,Parbhani,Parbhani,Rural,State Highway,80,20,25,55,Adverse Weather / Monsoon,Day (06:00-18:00),0.3125,0.6875,0.5188,Monsoon
2020,9,Maharashtra,Parbhani,Parbhani,Rural,State Highway,77,22,29,48,Dangerous Overtaking,Day (06:00-18:00),0.3766,0.6234,0.5636,Monsoon
2020,10,Maharashtra,Parbhani,Parbhani,Rural,State Highway,62,15,20,42,Over-speeding,Day (06:00-18:00),0.3226,0.6774,0.5258,Post-Monsoon
2020,11,Maharashtra,Parbhani,Parbhani,Rural,State Highway,61,17,22,39,Over-speeding,Day (06:00-18:00),0.3607,0.6393,0.5525,Post-Monsoon
2020,12,Maharashtra,Parbhani,Parbhani,Rural,State Highway,58,19,22,35,Over-speeding,Night (18:00-06:00),0.3793,0.6034,0.5603,Winter
2020,1,Maharashtra,Akola,Akola,Rural,National Highway,66,16,23,43,Drunk Driving,Night (18:00-06:00),0.3485,0.6515,0.5439,Winter
2020,2,Maharashtra,Akola,Akola,Rural,National Highway,63,20,20,38,Over-speeding,Night (18:00-06:00),0.3175,0.6032,0.4984,Winter
2020,3,Maharashtra,Akola,Akola,Rural,National Highway,65,16,23,42,Dangerous Overtaking,Day (06:00-18:00),0.3538,0.6462,0.5477,Summer
2020,4,Maharashtra,Akola,Akola,Rural,National Highway,62,16,19,43,Dangerous Overtaking,Night (18:00-06:00),0.3065,0.6935,0.5145,Summer
2020,5,Maharashtra,Akola,Akola,Rural,National Highway,66,19,20,39,Adverse Weather / Monsoon,Day (06:00-18:00),0.303,0.5909,0.4803,Summer
2020,6,Maharashtra,Akola,Akola,Rural,National Highway,87,22,25,55,Over-speeding,Night (18:00-06:00),0.2874,0.6322,0.477,Monsoon
2020,7,Maharashtra,Akola,Akola,Rural,National Highway,79,21,29,48,Adverse Weather / Monsoon,Day (06:00-18:00),0.3671,0.6076,0.5494,Monsoon
2020,8,Maharashtra,Akola,Akola,Rural,National Highway,80,20,27,53,Adverse Weather / Monsoon,Night (18:00-06:00),0.3375,0.6625,0.5362,Monsoon
2020,9,Maharashtra,Akola,Akola,Rural,National Highway,82,24,27,51,Over-speeding,Day (06:00-18:00),0.3293,0.622,0.5159,Monsoon
2020,10,Maharashtra,Akola,Akola,Rural,National Highway,63,15,22,39,Road Defect / Pothole,Day (06:00-18:00),0.3492,0.619,0.5349,Post-Monsoon
2020,11,Maharashtra,Akola,Akola,Rural,National Highway,63,19,23,40,Drunk Driving,Night (18:00-06:00),0.3651,0.6349,0.5556,Post-Monsoon
2020,12,Maharashtra,Akola,Akola,Rural,National Highway,64,17,21,43,Dangerous Overtaking,Day (06:00-18:00),0.3281,0.6719,0.5297,Winter
2020,1,Maharashtra,Dharashiv,Dharashiv (Osmanabad),Rural,National Highway,68,16,21,42,Over-speeding,Night (18:00-06:00),0.3088,0.6176,0.4941,Winter
2020,2,Maharashtra,Dharashiv,Dharashiv (Osmanabad),Rural,National Highway,62,18,24,38,Road Defect / Pothole,Day (06:00-18:00),0.3871,0.6129,0.571,Winter
2020,3,Maharashtra,Dharashiv,Dharashiv (Osmanabad),Rural,National Highway,61,20,21,40,Over-speeding,Day (06:00-18:00),0.3443,0.6557,0.541,Summer
2020,4,Maharashtra,Dharashiv,Dharashiv (Osmanabad),Rural,National Highway,62,18,23,39,Over-speeding,Day (06:00-18:00),0.371,0.629,0.5597,Summer
2020,5,Maharashtra,Dharashiv,Dharashiv (Osmanabad),Rural,National Highway,69,20,20,41,Over-speeding,Night (18:00-06:00),0.2899,0.5942,0.4681,Summer
2020,6,Maharashtra,Dharashiv,Dharashiv (Osmanabad),Rural,National Highway,82,27,30,50,Over-speeding,Night (18:00-06:00),0.3659,0.6098,0.5488,Monsoon
2020,7,Maharashtra,Dharashiv,Dharashiv (Osmanabad),Rural,National Highway,79,21,26,49,Drunk Driving,Day (06:00-18:00),0.3291,0.6203,0.5152,Monsoon
2020,8,Maharashtra,Dharashiv,Dharashiv (Osmanabad),Rural,National Highway,86,21,28,58,Adverse Weather / Monsoon,Night (18:00-06:00),0.3256,0.6744,0.5279,Monsoon
2020,9,Maharashtra,Dharashiv,Dharashiv (Osmanabad),Rural,National Highway,82,24,28,53,Adverse Weather / Monsoon,Night (18:00-06:00),0.3415,0.6463,0.5354,Monsoon
2020,10,Maharashtra,Dharashiv,Dharashiv (Osmanabad),Rural,National Highway,67,21,22,45,Over-speeding,Day (06:00-18:00),0.3284,0.6716,0.5299,Post-Monsoon
2020,11,Maharashtra,Dharashiv,Dharashiv (Osmanabad),Rural,National Highway,66,16,24,42,Over-speeding,Day (06:00-18:00),0.3636,0.6364,0.5545,Post-Monsoon
2020,12,Maharashtra,Dharashiv,Dharashiv (Osmanabad),Rural,National Highway,67,16,25,42,Over-speeding,Day (06:00-18:00),0.3731,0.6269,0.5612,Winter
2020,1,Maharashtra,Nandurbar,Nandurbar,Rural,State Highway,48,13,17,31,Over-speeding,Day (06:00-18:00),0.3542,0.6458,0.5479,Winter
2020,2,Maharashtra,Nandurbar,Nandurbar,Rural,State Highway,53,14,19,32,Adverse Weather / Monsoon,Day (06:00-18:00),0.3585,0.6038,0.5396,Winter
2020,3,Maharashtra,Nandurbar,Nandurbar,Rural,State Highway,52,13,19,30,Road Defect / Pothole,Day (06:00-18:00),0.3654,0.5769,0.5385,Summer
2020,4,Maharashtra,Nandurbar,Nandurbar,Rural,State Highway,49,14,16,33,Dangerous Overtaking,Night (18:00-06:00),0.3265,0.6735,0.5286,Summer
2020,5,Maharashtra,Nandurbar,Nandurbar,Rural,State Highway,48,14,17,31,Over-speeding,Night (18:00-06:00),0.3542,0.6458,0.5479,Summer
2020,6,Maharashtra,Nandurbar,Nandurbar,Rural,State Highway,69,19,22,40,Over-speeding,Night (18:00-06:00),0.3188,0.5797,0.4928,Monsoon
2020,7,Maharashtra,Nandurbar,Nandurbar,Rural,State Highway,66,19,25,41,Drunk Driving,Day (06:00-18:00),0.3788,0.6212,0.5652,Monsoon
2020,8,Maharashtra,Nandurbar,Nandurbar,Rural,State Highway,64,20,22,42,Adverse Weather / Monsoon,Day (06:00-18:00),0.3438,0.6562,0.5406,Monsoon
2020,9,Maharashtra,Nandurbar,Nandurbar,Rural,State Highway,68,17,20,42,Over-speeding,Day (06:00-18:00),0.2941,0.6176,0.4794,Monsoon
2020,10,Maharashtra,Nandurbar,Nandurbar,Rural,State Highway,52,14,17,35,Dangerous Overtaking,Night (18:00-06:00),0.3269,0.6731,0.5288,Post-Monsoon
2020,11,Maharashtra,Nandurbar,Nandurbar,Rural,State Highway,49,16,17,32,Dangerous Overtaking,Day (06:00-18:00),0.3469,0.6531,0.5429,Post-Monsoon
2020,12,Maharashtra,Nandurbar,Nandurbar,Rural,State Highway,51,14,17,34,Over-speeding,Night (18:00-06:00),0.3333,0.6667,0.5333,Winter
2020,1,Maharashtra,Ratnagiri,Ratnagiri,Rural,National Highway,66,16,19,43,Road Defect / Pothole,Day (06:00-18:00),0.2879,0.6515,0.4833,Winter
2020,2,Maharashtra,Ratnagiri,Ratnagiri,Rural,National Highway,58,18,20,38,Dangerous Overtaking,Day (06:00-18:00),0.3448,0.6552,0.5414,Winter
2020,3,Maharashtra,Ratnagiri,Ratnagiri,Rural,National Highway,58,16,19,39,Over-speeding,Day (06:00-18:00),0.3276,0.6724,0.5293,Summer
2020,4,Maharashtra,Ratnagiri,Ratnagiri,Rural,National Highway,59,19,19,40,Over-speeding,Day (06:00-18:00),0.322,0.678,0.5254,Summer
2020,5,Maharashtra,Ratnagiri,Ratnagiri,Rural,National Highway,66,18,19,42,Dangerous Overtaking,Day (06:00-18:00),0.2879,0.6364,0.4788,Summer
2020,6,Maharashtra,Ratnagiri,Ratnagiri,Rural,National Highway,82,23,23,55,Over-speeding,Night (18:00-06:00),0.2805,0.6707,0.4817,Monsoon
2020,7,Maharashtra,Ratnagiri,Ratnagiri,Rural,National Highway,79,22,29,50,Adverse Weather / Monsoon,Day (06:00-18:00),0.3671,0.6329,0.557,Monsoon
2020,8,Maharashtra,Ratnagiri,Ratnagiri,Rural,National Highway,78,23,25,53,Over-speeding,Day (06:00-18:00),0.3205,0.6795,0.5244,Monsoon
2020,9,Maharashtra,Ratnagiri,Ratnagiri,Rural,National Highway,76,24,26,50,Over-speeding,Day (06:00-18:00),0.3421,0.6579,0.5395,Monsoon
2020,10,Maharashtra,Ratnagiri,Ratnagiri,Rural,National Highway,66,18,23,38,Over-speeding,Day (06:00-18:00),0.3485,0.5758,0.5212,Post-Monsoon
2020,11,Maharashtra,Ratnagiri,Ratnagiri,Rural,National Highway,63,18,20,43,Drunk Driving,Day (06:00-18:00),0.3175,0.6825,0.5222,Post-Monsoon
2020,12,Maharashtra,Ratnagiri,Ratnagiri,Rural,National Highway,63,15,19,42,Over-speeding,Day (06:00-18:00),0.3016,0.6667,0.5016,Winter
2020,1,Maharashtra,Gondia,Gondia,Rural,State Highway,45,14,16,29,Drunk Driving,Day (06:00-18:00),0.3556,0.6444,0.5489,Winter
2020,2,Maharashtra,Gondia,Gondia,Rural,State Highway,50,14,17,33,Over-speeding,Night (18:00-06:00),0.34,0.66,0.538,Winter
2020,3,Maharashtra,Gondia,Gondia,Rural,State Highway,49,12,18,31,Dangerous Overtaking,Day (06:00-18:00),0.3673,0.6327,0.5571,Summer
2020,4,Maharashtra,Gondia,Gondia,Rural,State Highway,47,13,15,32,Dangerous Overtaking,Night (18:00-06:00),0.3191,0.6809,0.5234,Summer
2020,5,Maharashtra,Gondia,Gondia,Rural,State Highway,46,12,13,30,Over-speeding,Day (06:00-18:00),0.2826,0.6522,0.4783,Summer
2020,6,Maharashtra,Gondia,Gondia,Rural,State Highway,60,16,19,39,Over-speeding,Night (18:00-06:00),0.3167,0.65,0.5117,Monsoon
2020,7,Maharashtra,Gondia,Gondia,Rural,State Highway,64,15,22,41,Adverse Weather / Monsoon,Day (06:00-18:00),0.3438,0.6406,0.5359,Monsoon
2020,8,Maharashtra,Gondia,Gondia,Rural,State Highway,63,17,23,40,Adverse Weather / Monsoon,Day (06:00-18:00),0.3651,0.6349,0.5556,Monsoon
2020,9,Maharashtra,Gondia,Gondia,Rural,State Highway,61,17,18,38,Over-speeding,Day (06:00-18:00),0.2951,0.623,0.482,Monsoon
2020,10,Maharashtra,Gondia,Gondia,Rural,State Highway,47,12,17,27,Over-speeding,Night (18:00-06:00),0.3617,0.5745,0.534,Post-Monsoon
2020,11,Maharashtra,Gondia,Gondia,Rural,State Highway,46,11,15,31,Adverse Weather / Monsoon,Night (18:00-06:00),0.3261,0.6739,0.5283,Post-Monsoon
2020,12,Maharashtra,Gondia,Gondia,Rural,State Highway,47,11,14,27,Over-speeding,Day (06:00-18:00),0.2979,0.5745,0.4702,Winter
2020,1,Maharashtra,Wardha,Wardha,Rural,National Highway,56,18,18,38,Drunk Driving,Night (18:00-06:00),0.3214,0.6786,0.525,Winter
2020,2,Maharashtra,Wardha,Wardha,Rural,National Highway,58,15,20,38,Over-speeding,Night (18:00-06:00),0.3448,0.6552,0.5414,Winter
2020,3,Maharashtra,Wardha,Wardha,Rural,National Highway,53,18,18,33,Dangerous Overtaking,Night (18:00-06:00),0.3396,0.6226,0.5264,Summer
2020,4,Maharashtra,Wardha,Wardha,Rural,National Highway,60,19,22,34,Drunk Driving,Night (18:00-06:00),0.3667,0.5667,0.5367,Summer
2020,5,Maharashtra,Wardha,Wardha,Rural,National Highway,58,17,17,41,Adverse Weather / Monsoon,Day (06:00-18:00),0.2931,0.7069,0.5052,Summer
2020,6,Maharashtra,Wardha,Wardha,Rural,National Highway,75,23,24,51,Over-speeding,Day (06:00-18:00),0.32,0.68,0.524,Monsoon
2020,7,Maharashtra,Wardha,Wardha,Rural,National Highway,75,24,25,50,Adverse Weather / Monsoon,Day (06:00-18:00),0.3333,0.6667,0.5333,Monsoon
2020,8,Maharashtra,Wardha,Wardha,Rural,National Highway,80,21,24,47,Adverse Weather / Monsoon,Night (18:00-06:00),0.3,0.5875,0.4762,Monsoon
2020,9,Maharashtra,Wardha,Wardha,Rural,National Highway,73,19,23,50,Over-speeding,Night (18:00-06:00),0.3151,0.6849,0.5205,Monsoon
2020,10,Maharashtra,Wardha,Wardha,Rural,National Highway,60,16,21,37,Over-speeding,Night (18:00-06:00),0.35,0.6167,0.535,Post-Monsoon
2020,11,Maharashtra,Wardha,Wardha,Rural,National Highway,59,16,17,40,Adverse Weather / Monsoon,Day (06:00-18:00),0.2881,0.678,0.4915,Post-Monsoon
2020,12,Maharashtra,Wardha,Wardha,Rural,National Highway,57,14,17,40,Drunk Driving,Night (18:00-06:00),0.2982,0.7018,0.5088,Winter
2020,1,Maharashtra,Bhandara,Bhandara,Rural,National Highway,48,13,18,30,Over-speeding,Day (06:00-18:00),0.375,0.625,0.5625,Winter
2020,2,Maharashtra,Bhandara,Bhandara,Rural,National Highway,50,12,17,29,Over-speeding,Day (06:00-18:00),0.34,0.58,0.514,Winter
2020,3,Maharashtra,Bhandara,Bhandara,Rural,National Highway,48,12,18,28,Dangerous Overtaking,Night (18:00-06:00),0.375,0.5833,0.55,Summer
2020,4,Maharashtra,Bhandara,Bhandara,Rural,National Highway,46,14,15,30,Over-speeding,Night (18:00-06:00),0.3261,0.6522,0.5217,Summer
2020,5,Maharashtra,Bhandara,Bhandara,Rural,National Highway,49,15,17,32,Over-speeding,Day (06:00-18:00),0.3469,0.6531,0.5429,Summer
2020,6,Maharashtra,Bhandara,Bhandara,Rural,National Highway,63,19,19,44,Road Defect / Pothole,Night (18:00-06:00),0.3016,0.6984,0.5111,Monsoon
2020,7,Maharashtra,Bhandara,Bhandara,Rural,National Highway,61,19,19,42,Adverse Weather / Monsoon,Night (18:00-06:00),0.3115,0.6885,0.518,Monsoon
2020,8,Maharashtra,Bhandara,Bhandara,Rural,National Highway,67,19,19,44,Adverse Weather / Monsoon,Day (06:00-18:00),0.2836,0.6567,0.4806,Monsoon
2020,9,Maharashtra,Bhandara,Bhandara,Rural,National Highway,68,18,18,38,Dangerous Overtaking,Day (06:00-18:00),0.2647,0.5588,0.4324,Monsoon
2020,10,Maharashtra,Bhandara,Bhandara,Rural,National Highway,45,15,16,29,Over-speeding,Night (18:00-06:00),0.3556,0.6444,0.5489,Post-Monsoon
2020,11,Maharashtra,Bhandara,Bhandara,Rural,National Highway,50,12,18,32,Over-speeding,Day (06:00-18:00),0.36,0.64,0.552,Post-Monsoon
2020,12,Maharashtra,Bhandara,Bhandara,Rural,National Highway,49,15,17,30,Over-speeding,Day (06:00-18:00),0.3469,0.6122,0.5306,Winter
2020,1,Maharashtra,Washim,Washim,Rural,State Highway,48,12,14,28,Dangerous Overtaking,Day (06:00-18:00),0.2917,0.5833,0.4667,Winter
2020,2,Maharashtra,Washim,Washim,Rural,State Highway,47,14,14,26,Dangerous Overtaking,Night (18:00-06:00),0.2979,0.5532,0.4638,Winter
2020,3,Maharashtra,Washim,Washim,Rural,State Highway,48,12,17,31,Dangerous Overtaking,Day (06:00-18:00),0.3542,0.6458,0.5479,Summer
2020,4,Maharashtra,Washim,Washim,Rural,State Highway,41,11,14,27,Over-speeding,Day (06:00-18:00),0.3415,0.6585,0.539,Summer
2020,5,Maharashtra,Washim,Washim,Rural,State Highway,46,11,13,29,Over-speeding,Day (06:00-18:00),0.2826,0.6304,0.4717,Summer
2020,6,Maharashtra,Washim,Washim,Rural,State Highway,58,18,22,36,Dangerous Overtaking,Day (06:00-18:00),0.3793,0.6207,0.5655,Monsoon
2020,7,Maharashtra,Washim,Washim,Rural,State Highway,59,17,21,36,Adverse Weather / Monsoon,Night (18:00-06:00),0.3559,0.6102,0.539,Monsoon
2020,8,Maharashtra,Washim,Washim,Rural,State Highway,58,19,22,35,Adverse Weather / Monsoon,Night (18:00-06:00),0.3793,0.6034,0.5603,Monsoon
2020,9,Maharashtra,Washim,Washim,Rural,State Highway,63,15,21,40,Over-speeding,Night (18:00-06:00),0.3333,0.6349,0.5238,Monsoon
2020,10,Maharashtra,Washim,Washim,Rural,State Highway,47,13,14,28,Over-speeding,Day (06:00-18:00),0.2979,0.5957,0.4766,Post-Monsoon
2020,11,Maharashtra,Washim,Washim,Rural,State Highway,46,14,17,27,Adverse Weather / Monsoon,Night (18:00-06:00),0.3696,0.587,0.5457,Post-Monsoon
2020,12,Maharashtra,Washim,Washim,Rural,State Highway,44,11,13,31,Dangerous Overtaking,Night (18:00-06:00),0.2955,0.7045,0.5068,Winter
2020,1,Maharashtra,Hingoli,Hingoli,Rural,State Highway,36,9,13,23,Dangerous Overtaking,Day (06:00-18:00),0.3611,0.6389,0.5528,Winter
2020,2,Maharashtra,Hingoli,Hingoli,Rural,State Highway,39,11,11,24,Dangerous Overtaking,Day (06:00-18:00),0.2821,0.6154,0.4667,Winter
2020,3,Maharashtra,Hingoli,Hingoli,Rural,State Highway,40,10,14,26,Road Defect / Pothole,Day (06:00-18:00),0.35,0.65,0.545,Summer
2020,4,Maharashtra,Hingoli,Hingoli,Rural,State Highway,39,12,13,26,Over-speeding,Night (18:00-06:00),0.3333,0.6667,0.5333,Summer
2020,5,Maharashtra,Hingoli,Hingoli,Rural,State Highway,36,12,14,22,Over-speeding,Day (06:00-18:00),0.3889,0.6111,0.5722,Summer
2020,6,Maharashtra,Hingoli,Hingoli,Rural,State Highway,47,13,18,29,Over-speeding,Night (18:00-06:00),0.383,0.617,0.5681,Monsoon
2020,7,Maharashtra,Hingoli,Hingoli,Rural,State Highway,51,12,16,35,Drunk Driving,Day (06:00-18:00),0.3137,0.6863,0.5196,Monsoon
2020,8,Maharashtra,Hingoli,Hingoli,Rural,State Highway,48,14,14,34,Adverse Weather / Monsoon,Day (06:00-18:00),0.2917,0.7083,0.5042,Monsoon
2020,9,Maharashtra,Hingoli,Hingoli,Rural,State Highway,50,12,17,31,Dangerous Overtaking,Day (06:00-18:00),0.34,0.62,0.526,Monsoon
2020,10,Maharashtra,Hingoli,Hingoli,Rural,State Highway,36,12,12,24,Drunk Driving,Day (06:00-18:00),0.3333,0.6667,0.5333,Post-Monsoon
2020,11,Maharashtra,Hingoli,Hingoli,Rural,State Highway,39,12,13,24,Dangerous Overtaking,Night (18:00-06:00),0.3333,0.6154,0.5179,Post-Monsoon
2020,12,Maharashtra,Hingoli,Hingoli,Rural,State Highway,36,9,11,22,Adverse Weather / Monsoon,Day (06:00-18:00),0.3056,0.6111,0.4889,Winter
2020,1,Maharashtra,Gadchiroli,Gadchiroli,Rural,State Highway,35,9,13,22,Over-speeding,Night (18:00-06:00),0.3714,0.6286,0.56,Winter
2020,2,Maharashtra,Gadchiroli,Gadchiroli,Rural,State Highway,36,9,13,23,Over-speeding,Day (06:00-18:00),0.3611,0.6389,0.5528,Winter
2020,3,Maharashtra,Gadchiroli,Gadchiroli,Rural,State Highway,34,10,12,22,Over-speeding,Day (06:00-18:00),0.3529,0.6471,0.5471,Summer
2020,4,Maharashtra,Gadchiroli,Gadchiroli,Rural,State Highway,35,10,11,21,Drunk Driving,Night (18:00-06:00),0.3143,0.6,0.4943,Summer
2020,5,Maharashtra,Gadchiroli,Gadchiroli,Rural,State Highway,35,10,11,24,Over-speeding,Day (06:00-18:00),0.3143,0.6857,0.52,Summer
2020,6,Maharashtra,Gadchiroli,Gadchiroli,Rural,State Highway,48,13,16,29,Over-speeding,Night (18:00-06:00),0.3333,0.6042,0.5146,Monsoon
2020,7,Maharashtra,Gadchiroli,Gadchiroli,Rural,State Highway,47,13,18,29,Adverse Weather / Monsoon,Night (18:00-06:00),0.383,0.617,0.5681,Monsoon
2020,8,Maharashtra,Gadchiroli,Gadchiroli,Rural,State Highway,45,13,16,29,Adverse Weather / Monsoon,Day (06:00-18:00),0.3556,0.6444,0.5489,Monsoon
2020,9,Maharashtra,Gadchiroli,Gadchiroli,Rural,State Highway,48,15,15,29,Dangerous Overtaking,Day (06:00-18:00),0.3125,0.6042,0.4938,Monsoon
2020,10,Maharashtra,Gadchiroli,Gadchiroli,Rural,State Highway,34,9,11,23,Over-speeding,Night (18:00-06:00),0.3235,0.6765,0.5265,Post-Monsoon
2020,11,Maharashtra,Gadchiroli,Gadchiroli,Rural,State Highway,35,9,11,24,Dangerous Overtaking,Day (06:00-18:00),0.3143,0.6857,0.52,Post-Monsoon
2020,12,Maharashtra,Gadchiroli,Gadchiroli,Rural,State Highway,34,10,10,23,Over-speeding,Night (18:00-06:00),0.2941,0.6765,0.4971,Winter
2020,1,Maharashtra,Sindhudurg,Sindhudurg,Rural,National Highway,43,10,16,27,Over-speeding,Night (18:00-06:00),0.3721,0.6279,0.5605,Winter
2020,2,Maharashtra,Sindhudurg,Sindhudurg,Rural,National Highway,43,11,14,29,Over-speeding,Day (06:00-18:00),0.3256,0.6744,0.5279,Winter
2020,3,Maharashtra,Sindhudurg,Sindhudurg,Rural,National Highway,44,11,16,28,Dangerous Overtaking,Day (06:00-18:00),0.3636,0.6364,0.5545,Summer
2020,4,Maharashtra,Sindhudurg,Sindhudurg,Rural,National Highway,38,11,13,25,Over-speeding,Night (18:00-06:00),0.3421,0.6579,0.5395,Summer
2020,5,Maharashtra,Sindhudurg,Sindhudurg,Rural,National Highway,44,11,13,24,Dangerous Overtaking,Night (18:00-06:00),0.2955,0.5455,0.4591,Summer
2020,6,Maharashtra,Sindhudurg,Sindhudurg,Rural,National Highway,52,16,16,36,Over-speeding,Night (18:00-06:00),0.3077,0.6923,0.5154,Monsoon
2020,7,Maharashtra,Sindhudurg,Sindhudurg,Rural,National Highway,54,16,17,37,Adverse Weather / Monsoon,Day (06:00-18:00),0.3148,0.6852,0.5204,Monsoon
2020,8,Maharashtra,Sindhudurg,Sindhudurg,Rural,National Highway,56,16,18,38,Adverse Weather / Monsoon,Night (18:00-06:00),0.3214,0.6786,0.525,Monsoon
2020,9,Maharashtra,Sindhudurg,Sindhudurg,Rural,National Highway,56,16,16,37,Over-speeding,Night (18:00-06:00),0.2857,0.6607,0.4839,Monsoon
2020,10,Maharashtra,Sindhudurg,Sindhudurg,Rural,National Highway,39,11,12,27,Dangerous Overtaking,Day (06:00-18:00),0.3077,0.6923,0.5154,Post-Monsoon
2020,11,Maharashtra,Sindhudurg,Sindhudurg,Rural,National Highway,44,10,12,24,Dangerous Overtaking,Night (18:00-06:00),0.2727,0.5455,0.4364,Post-Monsoon
2020,12,Maharashtra,Sindhudurg,Sindhudurg,Rural,National Highway,42,9,15,27,Over-speeding,Day (06:00-18:00),0.3571,0.6429,0.55,Winter
2020,1,Maharashtra,Palghar,Palghar,Rural,National Highway,98,27,32,66,Over-speeding,Day (06:00-18:00),0.3265,0.6735,0.5286,Winter
2020,2,Maharashtra,Palghar,Palghar,Rural,National Highway,96,28,28,64,Over-speeding,Night (18:00-06:00),0.2917,0.6667,0.4917,Winter
2020,3,Maharashtra,Palghar,Palghar,Rural,National Highway,93,27,27,59,Drunk Driving,Night (18:00-06:00),0.2903,0.6344,0.4806,Summer
2020,4,Maharashtra,Palghar,Palghar,Rural,National Highway,102,26,31,65,Over-speeding,Day (06:00-18:00),0.3039,0.6373,0.4951,Summer
2020,5,Maharashtra,Palghar,Palghar,Rural,National Highway,94,26,27,67,Adverse Weather / Monsoon,Day (06:00-18:00),0.2872,0.7128,0.5011,Summer
2020,6,Maharashtra,Palghar,Palghar,Rural,National Highway,113,37,37,76,Dangerous Overtaking,Day (06:00-18:00),0.3274,0.6726,0.5292,Monsoon
2020,7,Maharashtra,Palghar,Palghar,Rural,National Highway,125,38,38,78,Dangerous Overtaking,Night (18:00-06:00),0.304,0.624,0.4912,Monsoon
2020,8,Maharashtra,Palghar,Palghar,Rural,National Highway,131,36,36,84,Adverse Weather / Monsoon,Day (06:00-18:00),0.2748,0.6412,0.4672,Monsoon
2020,9,Maharashtra,Palghar,Palghar,Rural,National Highway,127,31,43,82,Drunk Driving,Night (18:00-06:00),0.3386,0.6457,0.5323,Monsoon
2020,10,Maharashtra,Palghar,Palghar,Rural,National Highway,96,27,35,61,Drunk Driving,Day (06:00-18:00),0.3646,0.6354,0.5552,Post-Monsoon
2020,11,Maharashtra,Palghar,Palghar,Rural,National Highway,96,29,30,66,Over-speeding,Day (06:00-18:00),0.3125,0.6875,0.5187,Post-Monsoon
2020,12,Maharashtra,Palghar,Palghar,Rural,National Highway,97,25,31,66,Over-speeding,Day (06:00-18:00),0.3196,0.6804,0.5237,Winter
2021,1,Maharashtra,Pune,Pune Rural,Rural,National Highway,238,70,70,168,Over-speeding,Day (06:00-18:00),0.2941,0.7059,0.5059,Winter
2021,2,Maharashtra,Pune,Pune Rural,Rural,National Highway,242,63,66,176,Dangerous Overtaking,Day (06:00-18:00),0.2727,0.7273,0.4909,Winter
2021,3,Maharashtra,Pune,Pune Rural,Rural,National Highway,253,65,87,166,Over-speeding,Day (06:00-18:00),0.3439,0.6561,0.5407,Summer
2021,4,Maharashtra,Pune,Pune Rural,Rural,National Highway,264,70,70,158,Over-speeding,Night (18:00-06:00),0.2652,0.5985,0.4447,Summer
2021,5,Maharashtra,Pune,Pune Rural,Rural,National Highway,261,61,78,183,Over-speeding,Night (18:00-06:00),0.2989,0.7011,0.5092,Summer
2021,6,Maharashtra,Pune,Pune Rural,Rural,National Highway,352,84,112,240,Over-speeding,Night (18:00-06:00),0.3182,0.6818,0.5227,Monsoon
2021,7,Maharashtra,Pune,Pune Rural,Rural,National Highway,306,88,91,211,Adverse Weather / Monsoon,Night (18:00-06:00),0.2974,0.6895,0.5042,Monsoon
2021,8,Maharashtra,Pune,Pune Rural,Rural,National Highway,332,89,113,219,Adverse Weather / Monsoon,Night (18:00-06:00),0.3404,0.6596,0.5383,Monsoon
2021,9,Maharashtra,Pune,Pune Rural,Rural,National Highway,318,76,106,212,Over-speeding,Night (18:00-06:00),0.3333,0.6667,0.5333,Monsoon
2021,10,Maharashtra,Pune,Pune Rural,Rural,National Highway,266,67,83,168,Over-speeding,Day (06:00-18:00),0.312,0.6316,0.5015,Post-Monsoon
2021,11,Maharashtra,Pune,Pune Rural,Rural,National Highway,245,68,82,160,Over-speeding,Day (06:00-18:00),0.3347,0.6531,0.5306,Post-Monsoon
2021,12,Maharashtra,Pune,Pune Rural,Rural,National Highway,271,70,86,185,Over-speeding,Day (06:00-18:00),0.3173,0.6827,0.5221,Winter
2021,1,Maharashtra,Pune,Pune City,City,Urban / City Road,93,23,28,65,Over-speeding,Day (06:00-18:00),0.3011,0.6989,0.5108,Winter
2021,2,Maharashtra,Pune,Pune City,City,Urban / City Road,98,22,28,70,Over-speeding,Day (06:00-18:00),0.2857,0.7143,0.5,Winter
2021,3,Maharashtra,Pune,Pune City,City,Urban / City Road,93,21,21,72,Over-speeding,Night (18:00-06:00),0.2258,0.7742,0.4581,Summer
2021,4,Maharashtra,Pune,Pune City,City,Urban / City Road,90,20,23,67,Over-speeding,Day (06:00-18:00),0.2556,0.7444,0.4789,Summer
2021,5,Maharashtra,Pune,Pune City,City,Urban / City Road,92,18,28,64,Over-speeding,Night (18:00-06:00),0.3043,0.6957,0.513,Summer
2021,6,Maharashtra,Pune,Pune City,City,Urban / City Road,128,28,36,92,Dangerous Overtaking,Day (06:00-18:00),0.2812,0.7188,0.4969,Monsoon
2021,7,Maharashtra,Pune,Pune City,City,Urban / City Road,117,29,31,86,Adverse Weather / Monsoon,Day (06:00-18:00),0.265,0.735,0.4855,Monsoon
2021,8,Maharashtra,Pune,Pune City,City,Urban / City Road,131,26,35,84,Adverse Weather / Monsoon,Night (18:00-06:00),0.2672,0.6412,0.4595,Monsoon
2021,9,Maharashtra,Pune,Pune City,City,Urban / City Road,131,29,37,85,Over-speeding,Night (18:00-06:00),0.2824,0.6489,0.4771,Monsoon
2021,10,Maharashtra,Pune,Pune City,City,Urban / City Road,90,22,22,68,Adverse Weather / Monsoon,Night (18:00-06:00),0.2444,0.7556,0.4711,Post-Monsoon
2021,11,Maharashtra,Pune,Pune City,City,Urban / City Road,95,20,28,67,Over-speeding,Day (06:00-18:00),0.2947,0.7053,0.5063,Post-Monsoon
2021,12,Maharashtra,Pune,Pune City,City,Urban / City Road,94,20,22,67,Drunk Driving,Night (18:00-06:00),0.234,0.7128,0.4479,Winter
2021,1,Maharashtra,Nashik,Nashik Rural,Rural,National Highway,189,57,64,125,Drunk Driving,Night (18:00-06:00),0.3386,0.6614,0.537,Winter
2021,2,Maharashtra,Nashik,Nashik Rural,Rural,National Highway,202,52,64,138,Over-speeding,Night (18:00-06:00),0.3168,0.6832,0.5218,Winter
2021,3,Maharashtra,Nashik,Nashik Rural,Rural,National Highway,213,60,65,146,Dangerous Overtaking,Day (06:00-18:00),0.3052,0.6854,0.5108,Summer
2021,4,Maharashtra,Nashik,Nashik Rural,Rural,National Highway,213,62,74,139,Adverse Weather / Monsoon,Night (18:00-06:00),0.3474,0.6526,0.5432,Summer
2021,5,Maharashtra,Nashik,Nashik Rural,Rural,National Highway,219,59,59,141,Drunk Driving,Night (18:00-06:00),0.2694,0.6438,0.4626,Summer
2021,6,Maharashtra,Nashik,Nashik Rural,Rural,National Highway,259,83,96,163,Over-speeding,Day (06:00-18:00),0.3707,0.6293,0.5595,Monsoon
2021,7,Maharashtra,Nashik,Nashik Rural,Rural,National Highway,257,75,75,179,Adverse Weather / Monsoon,Night (18:00-06:00),0.2918,0.6965,0.5008,Monsoon
2021,8,Maharashtra,Nashik,Nashik Rural,Rural,National Highway,250,78,78,165,Adverse Weather / Monsoon,Day (06:00-18:00),0.312,0.66,0.51,Monsoon
2021,9,Maharashtra,Nashik,Nashik Rural,Rural,National Highway,291,73,78,182,Over-speeding,Night (18:00-06:00),0.268,0.6254,0.4557,Monsoon
2021,10,Maharashtra,Nashik,Nashik Rural,Rural,National Highway,207,61,68,139,Over-speeding,Day (06:00-18:00),0.3285,0.6715,0.53,Post-Monsoon
2021,11,Maharashtra,Nashik,Nashik Rural,Rural,National Highway,216,61,61,136,Drunk Driving,Night (18:00-06:00),0.2824,0.6296,0.4713,Post-Monsoon
2021,12,Maharashtra,Nashik,Nashik Rural,Rural,National Highway,201,66,68,133,Road Defect / Pothole,Day (06:00-18:00),0.3383,0.6617,0.5368,Winter
2021,1,Maharashtra,Nashik,Nashik City,City,Urban / City Road,52,15,15,37,Adverse Weather / Monsoon,Night (18:00-06:00),0.2885,0.7115,0.5019,Winter
2021,2,Maharashtra,Nashik,Nashik City,City,Urban / City Road,52,14,14,36,Drunk Driving,Day (06:00-18:00),0.2692,0.6923,0.4769,Winter
2021,3,Maharashtra,Nashik,Nashik City,City,Urban / City Road,54,13,17,37,Over-speeding,Day (06:00-18:00),0.3148,0.6852,0.5204,Summer
2021,4,Maharashtra,Nashik,Nashik City,City,Urban / City Road,56,13,18,38,Dangerous Overtaking,Day (06:00-18:00),0.3214,0.6786,0.525,Summer
2021,5,Maharashtra,Nashik,Nashik City,City,Urban / City Road,56,15,18,38,Dangerous Overtaking,Day (06:00-18:00),0.3214,0.6786,0.525,Summer
2021,6,Maharashtra,Nashik,Nashik City,City,Urban / City Road,73,18,21,48,Over-speeding,Day (06:00-18:00),0.2877,0.6575,0.4849,Monsoon
2021,7,Maharashtra,Nashik,Nashik City,City,Urban / City Road,77,18,21,45,Adverse Weather / Monsoon,Day (06:00-18:00),0.2727,0.5844,0.4481,Monsoon
2021,8,Maharashtra,Nashik,Nashik City,City,Urban / City Road,71,19,19,47,Adverse Weather / Monsoon,Day (06:00-18:00),0.2676,0.662,0.4662,Monsoon
2021,9,Maharashtra,Nashik,Nashik City,City,Urban / City Road,75,19,22,53,Over-speeding,Day (06:00-18:00),0.2933,0.7067,0.5053,Monsoon
2021,10,Maharashtra,Nashik,Nashik City,City,Urban / City Road,57,14,18,39,Over-speeding,Day (06:00-18:00),0.3158,0.6842,0.5211,Post-Monsoon
2021,11,Maharashtra,Nashik,Nashik City,City,Urban / City Road,57,16,16,41,Over-speeding,Day (06:00-18:00),0.2807,0.7193,0.4965,Post-Monsoon
2021,12,Maharashtra,Nashik,Nashik City,City,Urban / City Road,59,12,17,38,Over-speeding,Day (06:00-18:00),0.2881,0.6441,0.4814,Winter
2021,1,Maharashtra,Solapur,Solapur Rural,Rural,National Highway,154,43,53,96,Over-speeding,Night (18:00-06:00),0.3442,0.6234,0.5312,Winter
2021,2,Maharashtra,Solapur,Solapur Rural,Rural,National Highway,161,49,49,112,Over-speeding,Day (06:00-18:00),0.3043,0.6957,0.513,Winter
2021,3,Maharashtra,Solapur,Solapur Rural,Rural,National Highway,168,51,57,111,Dangerous Overtaking,Day (06:00-18:00),0.3393,0.6607,0.5375,Summer
2021,4,Maharashtra,Solapur,Solapur Rural,Rural,National Highway,154,45,48,106,Dangerous Overtaking,Night (18:00-06:00),0.3117,0.6883,0.5182,Summer
2021,5,Maharashtra,Solapur,Solapur Rural,Rural,National Highway,155,40,53,102,Drunk Driving,Night (18:00-06:00),0.3419,0.6581,0.5394,Summer
2021,6,Maharashtra,Solapur,Solapur Rural,Rural,National Highway,224,59,64,131,Over-speeding,Night (18:00-06:00),0.2857,0.5848,0.4612,Monsoon
2021,7,Maharashtra,Solapur,Solapur Rural,Rural,National Highway,222,54,76,146,Adverse Weather / Monsoon,Day (06:00-18:00),0.3423,0.6577,0.5396,Monsoon
2021,8,Maharashtra,Solapur,Solapur Rural,Rural,National Highway,197,67,68,124,Adverse Weather / Monsoon,Day (06:00-18:00),0.3452,0.6294,0.534,Monsoon
2021,9,Maharashtra,Solapur,Solapur Rural,Rural,National Highway,214,57,67,147,Drunk Driving,Day (06:00-18:00),0.3131,0.6869,0.5192,Monsoon
2021,10,Maharashtra,Solapur,Solapur Rural,Rural,National Highway,170,39,51,99,Over-speeding,Day (06:00-18:00),0.3,0.5824,0.4747,Post-Monsoon
2021,11,Maharashtra,Solapur,Solapur Rural,Rural,National Highway,169,42,56,105,Dangerous Overtaking,Night (18:00-06:00),0.3314,0.6213,0.5178,Post-Monsoon
2021,12,Maharashtra,Solapur,Solapur Rural,Rural,National Highway,167,49,52,105,Dangerous Overtaking,Day (06:00-18:00),0.3114,0.6287,0.5,Winter
2021,1,Maharashtra,Solapur,Solapur City,City,Urban / City Road,27,6,8,19,Dangerous Overtaking,Day (06:00-18:00),0.2963,0.7037,0.5074,Winter
2021,2,Maharashtra,Solapur,Solapur City,City,Urban / City Road,30,8,8,21,Over-speeding,Day (06:00-18:00),0.2667,0.7,0.4767,Winter
2021,3,Maharashtra,Solapur,Solapur City,City,Urban / City Road,31,7,9,20,Adverse Weather / Monsoon,Day (06:00-18:00),0.2903,0.6452,0.4839,Summer
2021,4,Maharashtra,Solapur,Solapur City,City,Urban / City Road,30,6,8,20,Over-speeding,Night (18:00-06:00),0.2667,0.6667,0.4667,Summer
2021,5,Maharashtra,Solapur,Solapur City,City,Urban / City Road,32,7,7,19,Over-speeding,Day (06:00-18:00),0.2188,0.5938,0.3969,Summer
2021,6,Maharashtra,Solapur,Solapur City,City,Urban / City Road,42,10,11,30,Dangerous Overtaking,Night (18:00-06:00),0.2619,0.7143,0.4762,Monsoon
2021,7,Maharashtra,Solapur,Solapur City,City,Urban / City Road,40,9,12,26,Over-speeding,Night (18:00-06:00),0.3,0.65,0.495,Monsoon
2021,8,Maharashtra,Solapur,Solapur City,City,Urban / City Road,38,8,11,26,Adverse Weather / Monsoon,Day (06:00-18:00),0.2895,0.6842,0.4947,Monsoon
2021,9,Maharashtra,Solapur,Solapur City,City,Urban / City Road,38,9,11,27,Over-speeding,Day (06:00-18:00),0.2895,0.7105,0.5026,Monsoon
2021,10,Maharashtra,Solapur,Solapur City,City,Urban / City Road,32,7,7,19,Over-speeding,Night (18:00-06:00),0.2188,0.5938,0.3969,Post-Monsoon
2021,11,Maharashtra,Solapur,Solapur City,City,Urban / City Road,27,7,7,19,Over-speeding,Night (18:00-06:00),0.2593,0.7037,0.4704,Post-Monsoon
2021,12,Maharashtra,Solapur,Solapur City,City,Urban / City Road,31,8,9,22,Over-speeding,Night (18:00-06:00),0.2903,0.7097,0.5032,Winter
2021,1,Maharashtra,Ahmednagar,Ahmednagar,Rural,State Highway,203,57,71,119,Drunk Driving,Night (18:00-06:00),0.3498,0.5862,0.5256,Winter
2021,2,Maharashtra,Ahmednagar,Ahmednagar,Rural,State Highway,208,52,58,118,Drunk Driving,Day (06:00-18:00),0.2788,0.5673,0.449,Winter
2021,3,Maharashtra,Ahmednagar,Ahmednagar,Rural,State Highway,209,49,75,134,Over-speeding,Night (18:00-06:00),0.3589,0.6411,0.5512,Summer
2021,4,Maharashtra,Ahmednagar,Ahmednagar,Rural,State Highway,192,64,73,113,Over-speeding,Day (06:00-18:00),0.3802,0.5885,0.5568,Summer
2021,5,Maharashtra,Ahmednagar,Ahmednagar,Rural,State Highway,200,56,72,128,Over-speeding,Night (18:00-06:00),0.36,0.64,0.552,Summer
2021,6,Maharashtra,Ahmednagar,Ahmednagar,Rural,State Highway,274,75,79,151,Dangerous Overtaking,Day (06:00-18:00),0.2883,0.5511,0.4536,Monsoon
2021,7,Maharashtra,Ahmednagar,Ahmednagar,Rural,State Highway,250,71,84,166,Dangerous Overtaking,Night (18:00-06:00),0.336,0.664,0.5352,Monsoon
2021,8,Maharashtra,Ahmednagar,Ahmednagar,Rural,State Highway,261,65,82,173,Road Defect / Pothole,Day (06:00-18:00),0.3142,0.6628,0.513,Monsoon
2021,9,Maharashtra,Ahmednagar,Ahmednagar,Rural,State Highway,247,67,87,160,Dangerous Overtaking,Day (06:00-18:00),0.3522,0.6478,0.5466,Monsoon
2021,10,Maharashtra,Ahmednagar,Ahmednagar,Rural,State Highway,186,58,63,113,Over-speeding,Night (18:00-06:00),0.3387,0.6075,0.521,Post-Monsoon
2021,11,Maharashtra,Ahmednagar,Ahmednagar,Rural,State Highway,189,64,69,120,Over-speeding,Day (06:00-18:00),0.3651,0.6349,0.5556,Post-Monsoon
2021,12,Maharashtra,Ahmednagar,Ahmednagar,Rural,State Highway,205,61,73,115,Dangerous Overtaking,Day (06:00-18:00),0.3561,0.561,0.5244,Winter
2021,1,Maharashtra,Thane,Thane Rural,Rural,National Highway,126,34,37,89,Over-speeding,Day (06:00-18:00),0.2937,0.7063,0.5056,Winter
2021,2,Maharashtra,Thane,Thane Rural,Rural,National Highway,127,40,47,80,Over-speeding,Day (06:00-18:00),0.3701,0.6299,0.5591,Winter
2021,3,Maharashtra,Thane,Thane Rural,Rural,National Highway,137,38,43,85,Over-speeding,Night (18:00-06:00),0.3139,0.6204,0.5,Summer
2021,4,Maharashtra,Thane,Thane Rural,Rural,National Highway,127,33,37,84,Adverse Weather / Monsoon,Day (06:00-18:00),0.2913,0.6614,0.4898,Summer
2021,5,Maharashtra,Thane,Thane Rural,Rural,National Highway,135,34,46,76,Over-speeding,Night (18:00-06:00),0.3407,0.563,0.5096,Summer
2021,6,Maharashtra,Thane,Thane Rural,Rural,National Highway,168,49,53,115,Over-speeding,Day (06:00-18:00),0.3155,0.6845,0.5208,Monsoon
2021,7,Maharashtra,Thane,Thane Rural,Rural,National Highway,165,54,56,103,Adverse Weather / Monsoon,Day (06:00-18:00),0.3394,0.6242,0.5267,Monsoon
2021,8,Maharashtra,Thane,Thane Rural,Rural,National Highway,172,44,54,114,Adverse Weather / Monsoon,Day (06:00-18:00),0.314,0.6628,0.5128,Monsoon
2021,9,Maharashtra,Thane,Thane Rural,Rural,National Highway,179,43,57,109,Drunk Driving,Night (18:00-06:00),0.3184,0.6089,0.5011,Monsoon
2021,10,Maharashtra,Thane,Thane Rural,Rural,National Highway,129,35,47,82,Adverse Weather / Monsoon,Night (18:00-06:00),0.3643,0.6357,0.555,Post-Monsoon
2021,11,Maharashtra,Thane,Thane Rural,Rural,National Highway,137,33,47,90,Over-speeding,Day (06:00-18:00),0.3431,0.6569,0.5401,Post-Monsoon
2021,12,Maharashtra,Thane,Thane Rural,Rural,National Highway,122,34,41,81,Over-speeding,Day (06:00-18:00),0.3361,0.6639,0.5352,Winter
2021,1,Maharashtra,Thane,Thane City,City,Urban / City Road,95,22,27,68,Adverse Weather / Monsoon,Night (18:00-06:00),0.2842,0.7158,0.4989,Winter
2021,2,Maharashtra,Thane,Thane City,City,Urban / City Road,90,20,30,60,Over-speeding,Night (18:00-06:00),0.3333,0.6667,0.5333,Winter
2021,3,Maharashtra,Thane,Thane City,City,Urban / City Road,93,20,24,69,Dangerous Overtaking,Day (06:00-18:00),0.2581,0.7419,0.4806,Summer
2021,4,Maharashtra,Thane,Thane City,City,Urban / City Road,94,24,28,61,Adverse Weather / Monsoon,Day (06:00-18:00),0.2979,0.6489,0.4926,Summer
2021,5,Maharashtra,Thane,Thane City,City,Urban / City Road,96,22,24,63,Over-speeding,Day (06:00-18:00),0.25,0.6562,0.4469,Summer
2021,6,Maharashtra,Thane,Thane City,City,Urban / City Road,129,31,33,90,Dangerous Overtaking,Night (18:00-06:00),0.2558,0.6977,0.4651,Monsoon
2021,7,Maharashtra,Thane,Thane City,City,Urban / City Road,126,32,35,82,Adverse Weather / Monsoon,Day (06:00-18:00),0.2778,0.6508,0.473,Monsoon
2021,8,Maharashtra,Thane,Thane City,City,Urban / City Road,129,33,36,93,Adverse Weather / Monsoon,Night (18:00-06:00),0.2791,0.7209,0.4953,Monsoon
2021,9,Maharashtra,Thane,Thane City,City,Urban / City Road,124,32,33,91,Adverse Weather / Monsoon,Day (06:00-18:00),0.2661,0.7339,0.4863,Monsoon
2021,10,Maharashtra,Thane,Thane City,City,Urban / City Road,89,21,27,62,Drunk Driving,Day (06:00-18:00),0.3034,0.6966,0.5124,Post-Monsoon
2021,11,Maharashtra,Thane,Thane City,City,Urban / City Road,99,23,27,60,Over-speeding,Day (06:00-18:00),0.2727,0.6061,0.4545,Post-Monsoon
2021,12,Maharashtra,Thane,Thane City,City,Urban / City Road,101,22,30,61,Adverse Weather / Monsoon,Day (06:00-18:00),0.297,0.604,0.4782,Winter
2021,1,Maharashtra,Mumbai,Mumbai Suburban,City,Urban / Expressway,222,31,31,187,Over-speeding,Night (18:00-06:00),0.1396,0.8423,0.3923,Winter
2021,2,Maharashtra,Mumbai,Mumbai Suburban,City,Urban / Expressway,250,27,27,223,Over-speeding,Night (18:00-06:00),0.108,0.892,0.3756,Winter
2021,3,Maharashtra,Mumbai,Mumbai Suburban,City,Urban / Expressway,247,27,27,204,Over-speeding,Day (06:00-18:00),0.1093,0.8259,0.3571,Summer
2021,4,Maharashtra,Mumbai,Mumbai Suburban,City,Urban / Expressway,232,23,27,205,Drunk Driving,Day (06:00-18:00),0.1164,0.8836,0.3815,Summer
2021,5,Maharashtra,Mumbai,Mumbai Suburban,City,Urban / Expressway,262,25,29,193,Over-speeding,Day (06:00-18:00),0.1107,0.7366,0.3317,Summer
2021,6,Maharashtra,Mumbai,Mumbai Suburban,City,Urban / Expressway,332,41,45,259,Adverse Weather / Monsoon,Day (06:00-18:00),0.1355,0.7801,0.3696,Monsoon
2021,7,Maharashtra,Mumbai,Mumbai Suburban,City,Urban / Expressway,300,37,45,255,Over-speeding,Night (18:00-06:00),0.15,0.85,0.405,Monsoon
2021,8,Maharashtra,Mumbai,Mumbai Suburban,City,Urban / Expressway,311,31,46,265,Adverse Weather / Monsoon,Day (06:00-18:00),0.1479,0.8521,0.4035,Monsoon
2021,9,Maharashtra,Mumbai,Mumbai Suburban,City,Urban / Expressway,335,40,45,290,Adverse Weather / Monsoon,Day (06:00-18:00),0.1343,0.8657,0.394,Monsoon
2021,10,Maharashtra,Mumbai,Mumbai Suburban,City,Urban / Expressway,254,26,29,200,Over-speeding,Day (06:00-18:00),0.1142,0.7874,0.3504,Post-Monsoon
2021,11,Maharashtra,Mumbai,Mumbai Suburban,City,Urban / Expressway,260,24,29,209,Over-speeding,Day (06:00-18:00),0.1115,0.8038,0.3527,Post-Monsoon
2021,12,Maharashtra,Mumbai,Mumbai Suburban,City,Urban / Expressway,250,26,30,220,Dangerous Overtaking,Day (06:00-18:00),0.12,0.88,0.384,Winter
2021,1,Maharashtra,Mumbai,Mumbai City,City,Urban / City Road,156,20,20,127,Over-speeding,Night (18:00-06:00),0.1282,0.8141,0.3724,Winter
2021,2,Maharashtra,Mumbai,Mumbai City,City,Urban / City Road,171,17,19,152,Adverse Weather / Monsoon,Night (18:00-06:00),0.1111,0.8889,0.3778,Winter
2021,3,Maharashtra,Mumbai,Mumbai City,City,Urban / City Road,174,21,21,153,Over-speeding,Night (18:00-06:00),0.1207,0.8793,0.3845,Summer
2021,4,Maharashtra,Mumbai,Mumbai City,City,Urban / City Road,156,19,19,137,Adverse Weather / Monsoon,Day (06:00-18:00),0.1218,0.8782,0.3853,Summer
2021,5,Maharashtra,Mumbai,Mumbai City,City,Urban / City Road,161,20,24,130,Over-speeding,Night (18:00-06:00),0.1491,0.8075,0.3913,Summer
2021,6,Maharashtra,Mumbai,Mumbai City,City,Urban / City Road,204,27,32,172,Over-speeding,Day (06:00-18:00),0.1569,0.8431,0.4098,Monsoon
2021,7,Maharashtra,Mumbai,Mumbai City,City,Urban / City Road,229,23,25,182,Dangerous Overtaking,Day (06:00-18:00),0.1092,0.7948,0.3476,Monsoon
2021,8,Maharashtra,Mumbai,Mumbai City,City,Urban / City Road,230,26,31,166,Adverse Weather / Monsoon,Day (06:00-18:00),0.1348,0.7217,0.3513,Monsoon
2021,9,Maharashtra,Mumbai,Mumbai City,City,Urban / City Road,229,21,29,199,Road Defect / Pothole,Day (06:00-18:00),0.1266,0.869,0.3873,Monsoon
2021,10,Maharashtra,Mumbai,Mumbai City,City,Urban / City Road,162,18,20,131,Dangerous Overtaking,Night (18:00-06:00),0.1235,0.8086,0.366,Post-Monsoon
2021,11,Maharashtra,Mumbai,Mumbai City,City,Urban / City Road,161,18,18,135,Adverse Weather / Monsoon,Day (06:00-18:00),0.1118,0.8385,0.3634,Post-Monsoon
2021,12,Maharashtra,Mumbai,Mumbai City,City,Urban / City Road,152,19,19,133,Drunk Driving,Day (06:00-18:00),0.125,0.875,0.3875,Winter
2021,1,Maharashtra,Nagpur,Nagpur Rural,Rural,National Highway,136,42,43,93,Over-speeding,Day (06:00-18:00),0.3162,0.6838,0.5213,Winter
2021,2,Maharashtra,Nagpur,Nagpur Rural,Rural,National Highway,136,37,43,93,Adverse Weather / Monsoon,Day (06:00-18:00),0.3162,0.6838,0.5213,Winter
2021,3,Maharashtra,Nagpur,Nagpur Rural,Rural,National Highway,129,41,48,77,Over-speeding,Day (06:00-18:00),0.3721,0.5969,0.5512,Summer
2021,4,Maharashtra,Nagpur,Nagpur Rural,Rural,National Highway,127,32,39,88,Over-speeding,Day (06:00-18:00),0.3071,0.6929,0.515,Summer
2021,5,Maharashtra,Nagpur,Nagpur Rural,Rural,National Highway,133,41,47,86,Over-speeding,Night (18:00-06:00),0.3534,0.6466,0.5474,Summer
2021,6,Maharashtra,Nagpur,Nagpur Rural,Rural,National Highway,159,46,52,106,Over-speeding,Night (18:00-06:00),0.327,0.6667,0.527,Monsoon
2021,7,Maharashtra,Nagpur,Nagpur Rural,Rural,National Highway,174,55,55,103,Adverse Weather / Monsoon,Night (18:00-06:00),0.3161,0.592,0.4937,Monsoon
2021,8,Maharashtra,Nagpur,Nagpur Rural,Rural,National Highway,173,51,55,118,Dangerous Overtaking,Day (06:00-18:00),0.3179,0.6821,0.5225,Monsoon
2021,9,Maharashtra,Nagpur,Nagpur Rural,Rural,National Highway,167,50,50,113,Over-speeding,Night (18:00-06:00),0.2994,0.6766,0.5024,Monsoon
2021,10,Maharashtra,Nagpur,Nagpur Rural,Rural,National Highway,133,41,41,92,Dangerous Overtaking,Day (06:00-18:00),0.3083,0.6917,0.5158,Post-Monsoon
2021,11,Maharashtra,Nagpur,Nagpur Rural,Rural,National Highway,131,33,46,81,Adverse Weather / Monsoon,Day (06:00-18:00),0.3511,0.6183,0.5366,Post-Monsoon
2021,12,Maharashtra,Nagpur,Nagpur Rural,Rural,National Highway,135,37,43,77,Drunk Driving,Day (06:00-18:00),0.3185,0.5704,0.4896,Winter
2021,1,Maharashtra,Nagpur,Nagpur City,City,Urban / City Road,94,19,21,73,Over-speeding,Day (06:00-18:00),0.2234,0.7766,0.4564,Winter
2021,2,Maharashtra,Nagpur,Nagpur City,City,Urban / City Road,95,16,21,62,Drunk Driving,Day (06:00-18:00),0.2211,0.6526,0.4168,Winter
2021,3,Maharashtra,Nagpur,Nagpur City,City,Urban / City Road,90,16,20,68,Over-speeding,Day (06:00-18:00),0.2222,0.7556,0.4489,Summer
2021,4,Maharashtra,Nagpur,Nagpur City,City,Urban / City Road,91,19,20,71,Drunk Driving,Day (06:00-18:00),0.2198,0.7802,0.4538,Summer
2021,5,Maharashtra,Nagpur,Nagpur City,City,Urban / City Road,92,20,21,71,Drunk Driving,Day (06:00-18:00),0.2283,0.7717,0.4598,Summer
2021,6,Maharashtra,Nagpur,Nagpur City,City,Urban / City Road,113,21,27,80,Adverse Weather / Monsoon,Day (06:00-18:00),0.2389,0.708,0.4513,Monsoon
2021,7,Maharashtra,Nagpur,Nagpur City,City,Urban / City Road,113,23,23,90,Adverse Weather / Monsoon,Day (06:00-18:00),0.2035,0.7965,0.4425,Monsoon
2021,8,Maharashtra,Nagpur,Nagpur City,City,Urban / City Road,118,21,23,94,Drunk Driving,Day (06:00-18:00),0.1949,0.7966,0.4339,Monsoon
2021,9,Maharashtra,Nagpur,Nagpur City,City,Urban / City Road,116,21,23,83,Over-speeding,Night (18:00-06:00),0.1983,0.7155,0.4129,Monsoon
2021,10,Maharashtra,Nagpur,Nagpur City,City,Urban / City Road,91,18,19,72,Over-speeding,Day (06:00-18:00),0.2088,0.7912,0.4462,Post-Monsoon
2021,11,Maharashtra,Nagpur,Nagpur City,City,Urban / City Road,93,18,22,71,Road Defect / Pothole,Night (18:00-06:00),0.2366,0.7634,0.4656,Post-Monsoon
2021,12,Maharashtra,Nagpur,Nagpur City,City,Urban / City Road,93,15,20,73,Over-speeding,Day (06:00-18:00),0.2151,0.7849,0.4505,Winter
2021,1,Maharashtra,Kolhapur,Kolhapur,Rural,National Highway,147,41,44,97,Over-speeding,Night (18:00-06:00),0.2993,0.6599,0.4973,Winter
2021,2,Maharashtra,Kolhapur,Kolhapur,Rural,National Highway,145,41,46,99,Drunk Driving,Day (06:00-18:00),0.3172,0.6828,0.5221,Winter
2021,3,Maharashtra,Kolhapur,Kolhapur,Rural,National Highway,146,42,42,93,Dangerous Overtaking,Day (06:00-18:00),0.2877,0.637,0.4788,Summer
2021,4,Maharashtra,Kolhapur,Kolhapur,Rural,National Highway,142,45,46,96,Adverse Weather / Monsoon,Day (06:00-18:00),0.3239,0.6761,0.5268,Summer
2021,5,Maharashtra,Kolhapur,Kolhapur,Rural,National Highway,142,41,41,91,Adverse Weather / Monsoon,Night (18:00-06:00),0.2887,0.6408,0.481,Summer
2021,6,Maharashtra,Kolhapur,Kolhapur,Rural,National Highway,203,56,62,133,Over-speeding,Night (18:00-06:00),0.3054,0.6552,0.502,Monsoon
2021,7,Maharashtra,Kolhapur,Kolhapur,Rural,National Highway,179,47,61,118,Adverse Weather / Monsoon,Night (18:00-06:00),0.3408,0.6592,0.5385,Monsoon
2021,8,Maharashtra,Kolhapur,Kolhapur,Rural,National Highway,188,48,61,127,Adverse Weather / Monsoon,Night (18:00-06:00),0.3245,0.6755,0.5271,Monsoon
2021,9,Maharashtra,Kolhapur,Kolhapur,Rural,National Highway,191,52,66,125,Dangerous Overtaking,Day (06:00-18:00),0.3455,0.6545,0.5419,Monsoon
2021,10,Maharashtra,Kolhapur,Kolhapur,Rural,National Highway,146,38,48,88,Over-speeding,Night (18:00-06:00),0.3288,0.6027,0.5096,Post-Monsoon
2021,11,Maharashtra,Kolhapur,Kolhapur,Rural,National Highway,147,38,41,97,Drunk Driving,Day (06:00-18:00),0.2789,0.6599,0.4769,Post-Monsoon
2021,12,Maharashtra,Kolhapur,Kolhapur,Rural,National Highway,142,34,52,90,Road Defect / Pothole,Night (18:00-06:00),0.3662,0.6338,0.5563,Winter
2021,1,Maharashtra,Satara,Satara,Rural,National Highway,130,33,39,87,Adverse Weather / Monsoon,Day (06:00-18:00),0.3,0.6692,0.5008,Winter
2021,2,Maharashtra,Satara,Satara,Rural,National Highway,142,38,50,86,Over-speeding,Night (18:00-06:00),0.3521,0.6056,0.5338,Winter
2021,3,Maharashtra,Satara,Satara,Rural,National Highway,144,39,39,93,Adverse Weather / Monsoon,Day (06:00-18:00),0.2708,0.6458,0.4646,Summer
2021,4,Maharashtra,Satara,Satara,Rural,National Highway,140,38,49,91,Over-speeding,Day (06:00-18:00),0.35,0.65,0.545,Summer
2021,5,Maharashtra,Satara,Satara,Rural,National Highway,141,36,50,91,Dangerous Overtaking,Day (06:00-18:00),0.3546,0.6454,0.5482,Summer
2021,6,Maharashtra,Satara,Satara,Rural,National Highway,187,56,63,124,Dangerous Overtaking,Day (06:00-18:00),0.3369,0.6631,0.5358,Monsoon
2021,7,Maharashtra,Satara,Satara,Rural,National Highway,195,52,52,115,Adverse Weather / Monsoon,Night (18:00-06:00),0.2667,0.5897,0.4436,Monsoon
2021,8,Maharashtra,Satara,Satara,Rural,National Highway,184,53,57,127,Adverse Weather / Monsoon,Night (18:00-06:00),0.3098,0.6902,0.5168,Monsoon
2021,9,Maharashtra,Satara,Satara,Rural,National Highway,184,51,64,120,Over-speeding,Night (18:00-06:00),0.3478,0.6522,0.5435,Monsoon
2021,10,Maharashtra,Satara,Satara,Rural,National Highway,142,40,43,95,Dangerous Overtaking,Day (06:00-18:00),0.3028,0.669,0.5035,Post-Monsoon
2021,11,Maharashtra,Satara,Satara,Rural,National Highway,146,36,44,87,Over-speeding,Night (18:00-06:00),0.3014,0.5959,0.4801,Post-Monsoon
2021,12,Maharashtra,Satara,Satara,Rural,National Highway,139,34,48,91,Road Defect / Pothole,Night (18:00-06:00),0.3453,0.6547,0.5417,Winter
2021,1,Maharashtra,Jalgaon,Jalgaon,Rural,State Highway,116,31,39,77,Drunk Driving,Night (18:00-06:00),0.3362,0.6638,0.5353,Winter
2021,2,Maharashtra,Jalgaon,Jalgaon,Rural,State Highway,120,34,43,77,Over-speeding,Night (18:00-06:00),0.3583,0.6417,0.5508,Winter
2021,3,Maharashtra,Jalgaon,Jalgaon,Rural,State Highway,119,34,38,74,Drunk Driving,Day (06:00-18:00),0.3193,0.6218,0.5059,Summer
2021,4,Maharashtra,Jalgaon,Jalgaon,Rural,State Highway,128,38,42,86,Over-speeding,Day (06:00-18:00),0.3281,0.6719,0.5297,Summer
2021,5,Maharashtra,Jalgaon,Jalgaon,Rural,State Highway,118,34,34,74,Over-speeding,Day (06:00-18:00),0.2881,0.6271,0.4763,Summer
2021,6,Maharashtra,Jalgaon,Jalgaon,Rural,State Highway,152,44,55,97,Over-speeding,Day (06:00-18:00),0.3618,0.6382,0.5533,Monsoon
2021,7,Maharashtra,Jalgaon,Jalgaon,Rural,State Highway,160,45,52,108,Adverse Weather / Monsoon,Night (18:00-06:00),0.325,0.675,0.5275,Monsoon
2021,8,Maharashtra,Jalgaon,Jalgaon,Rural,State Highway,157,41,45,112,Adverse Weather / Monsoon,Day (06:00-18:00),0.2866,0.7134,0.5006,Monsoon
2021,9,Maharashtra,Jalgaon,Jalgaon,Rural,State Highway,168,38,50,102,Over-speeding,Day (06:00-18:00),0.2976,0.6071,0.4798,Monsoon
2021,10,Maharashtra,Jalgaon,Jalgaon,Rural,State Highway,122,35,38,84,Dangerous Overtaking,Day (06:00-18:00),0.3115,0.6885,0.518,Post-Monsoon
2021,11,Maharashtra,Jalgaon,Jalgaon,Rural,State Highway,125,30,43,79,Over-speeding,Day (06:00-18:00),0.344,0.632,0.5336,Post-Monsoon
2021,12,Maharashtra,Jalgaon,Jalgaon,Rural,State Highway,127,30,43,84,Adverse Weather / Monsoon,Night (18:00-06:00),0.3386,0.6614,0.537,Winter
2021,1,Maharashtra,Sangli,Sangli,Rural,State Highway,112,29,40,72,Over-speeding,Day (06:00-18:00),0.3571,0.6429,0.55,Winter
2021,2,Maharashtra,Sangli,Sangli,Rural,State Highway,112,28,35,67,Dangerous Overtaking,Day (06:00-18:00),0.3125,0.5982,0.492,Winter
2021,3,Maharashtra,Sangli,Sangli,Rural,State Highway,114,28,31,70,Over-speeding,Day (06:00-18:00),0.2719,0.614,0.4561,Summer
2021,4,Maharashtra,Sangli,Sangli,Rural,State Highway,106,32,41,65,Over-speeding,Night (18:00-06:00),0.3868,0.6132,0.5708,Summer
2021,5,Maharashtra,Sangli,Sangli,Rural,State Highway,104,31,31,73,Dangerous Overtaking,Day (06:00-18:00),0.2981,0.7019,0.5087,Summer
2021,6,Maharashtra,Sangli,Sangli,Rural,State Highway,143,37,49,94,Over-speeding,Day (06:00-18:00),0.3427,0.6573,0.5399,Monsoon
2021,7,Maharashtra,Sangli,Sangli,Rural,State Highway,154,43,52,86,Adverse Weather / Monsoon,Day (06:00-18:00),0.3377,0.5584,0.5052,Monsoon
2021,8,Maharashtra,Sangli,Sangli,Rural,State Highway,154,40,42,91,Dangerous Overtaking,Day (06:00-18:00),0.2727,0.5909,0.45,Monsoon
2021,9,Maharashtra,Sangli,Sangli,Rural,State Highway,154,35,52,102,Drunk Driving,Day (06:00-18:00),0.3377,0.6623,0.5364,Monsoon
2021,10,Maharashtra,Sangli,Sangli,Rural,State Highway,113,31,31,72,Over-speeding,Day (06:00-18:00),0.2743,0.6372,0.4655,Post-Monsoon
2021,11,Maharashtra,Sangli,Sangli,Rural,State Highway,115,26,41,74,Over-speeding,Night (18:00-06:00),0.3565,0.6435,0.5496,Post-Monsoon
2021,12,Maharashtra,Sangli,Sangli,Rural,State Highway,110,30,36,74,Over-speeding,Day (06:00-18:00),0.3273,0.6727,0.5291,Winter
2021,1,Maharashtra,Nanded,Nanded,Rural,State Highway,103,26,36,67,Over-speeding,Night (18:00-06:00),0.3495,0.6505,0.5447,Winter
2021,2,Maharashtra,Nanded,Nanded,Rural,State Highway,109,27,34,63,Over-speeding,Day (06:00-18:00),0.3119,0.578,0.4853,Winter
2021,3,Maharashtra,Nanded,Nanded,Rural,State Highway,103,32,34,65,Dangerous Overtaking,Day (06:00-18:00),0.3301,0.6311,0.5194,Summer
2021,4,Maharashtra,Nanded,Nanded,Rural,State Highway,100,28,31,66,Dangerous Overtaking,Night (18:00-06:00),0.31,0.66,0.508,Summer
2021,5,Maharashtra,Nanded,Nanded,Rural,State Highway,96,28,29,67,Over-speeding,Night (18:00-06:00),0.3021,0.6979,0.5115,Summer
2021,6,Maharashtra,Nanded,Nanded,Rural,State Highway,144,34,50,94,Dangerous Overtaking,Day (06:00-18:00),0.3472,0.6528,0.5431,Monsoon
2021,7,Maharashtra,Nanded,Nanded,Rural,State Highway,134,37,49,85,Adverse Weather / Monsoon,Day (06:00-18:00),0.3657,0.6343,0.556,Monsoon
2021,8,Maharashtra,Nanded,Nanded,Rural,State Highway,142,39,46,80,Dangerous Overtaking,Day (06:00-18:00),0.3239,0.5634,0.493,Monsoon
2021,9,Maharashtra,Nanded,Nanded,Rural,State Highway,132,38,43,80,Over-speeding,Day (06:00-18:00),0.3258,0.6061,0.5076,Monsoon
2021,10,Maharashtra,Nanded,Nanded,Rural,State Highway,110,30,34,64,Over-speeding,Night (18:00-06:00),0.3091,0.5818,0.4836,Post-Monsoon
2021,11,Maharashtra,Nanded,Nanded,Rural,State Highway,96,30,33,60,Drunk Driving,Day (06:00-18:00),0.3438,0.625,0.5312,Post-Monsoon
2021,12,Maharashtra,Nanded,Nanded,Rural,State Highway,101,26,29,72,Dangerous Overtaking,Day (06:00-18:00),0.2871,0.7129,0.501,Winter
2021,1,Maharashtra,Amravati,Amravati Rural,Rural,National Highway,93,28,33,60,Over-speeding,Day (06:00-18:00),0.3548,0.6452,0.5484,Winter
2021,2,Maharashtra,Amravati,Amravati Rural,Rural,National Highway,98,24,36,62,Over-speeding,Day (06:00-18:00),0.3673,0.6327,0.5571,Winter
2021,3,Maharashtra,Amravati,Amravati Rural,Rural,National Highway,96,27,34,62,Over-speeding,Day (06:00-18:00),0.3542,0.6458,0.5479,Summer
2021,4,Maharashtra,Amravati,Amravati Rural,Rural,National Highway,97,24,33,64,Over-speeding,Day (06:00-18:00),0.3402,0.6598,0.5381,Summer
2021,5,Maharashtra,Amravati,Amravati Rural,Rural,National Highway,92,24,30,59,Dangerous Overtaking,Night (18:00-06:00),0.3261,0.6413,0.5185,Summer
2021,6,Maharashtra,Amravati,Amravati Rural,Rural,National Highway,117,32,41,76,Over-speeding,Night (18:00-06:00),0.3504,0.6496,0.5453,Monsoon
2021,7,Maharashtra,Amravati,Amravati Rural,Rural,National Highway,115,33,38,75,Dangerous Overtaking,Day (06:00-18:00),0.3304,0.6522,0.5261,Monsoon
2021,8,Maharashtra,Amravati,Amravati Rural,Rural,National Highway,125,38,39,81,Adverse Weather / Monsoon,Day (06:00-18:00),0.312,0.648,0.5064,Monsoon
2021,9,Maharashtra,Amravati,Amravati Rural,Rural,National Highway,123,33,40,82,Adverse Weather / Monsoon,Night (18:00-06:00),0.3252,0.6667,0.5252,Monsoon
2021,10,Maharashtra,Amravati,Amravati Rural,Rural,National Highway,94,25,30,58,Over-speeding,Day (06:00-18:00),0.3191,0.617,0.5043,Post-Monsoon
2021,11,Maharashtra,Amravati,Amravati Rural,Rural,National Highway,100,26,30,60,Drunk Driving,Night (18:00-06:00),0.3,0.6,0.48,Post-Monsoon
2021,12,Maharashtra,Amravati,Amravati Rural,Rural,National Highway,95,30,30,56,Adverse Weather / Monsoon,Day (06:00-18:00),0.3158,0.5895,0.4926,Winter
2021,1,Maharashtra,Amravati,Amravati City,City,Urban / City Road,31,8,9,20,Adverse Weather / Monsoon,Day (06:00-18:00),0.2903,0.6452,0.4839,Winter
2021,2,Maharashtra,Amravati,Amravati City,City,Urban / City Road,31,8,8,23,Over-speeding,Night (18:00-06:00),0.2581,0.7419,0.4806,Winter
2021,3,Maharashtra,Amravati,Amravati City,City,Urban / City Road,35,8,11,24,Over-speeding,Day (06:00-18:00),0.3143,0.6857,0.52,Summer
2021,4,Maharashtra,Amravati,Amravati City,City,Urban / City Road,31,9,10,21,Over-speeding,Night (18:00-06:00),0.3226,0.6774,0.5258,Summer
2021,5,Maharashtra,Amravati,Amravati City,City,Urban / City Road,34,8,10,24,Over-speeding,Day (06:00-18:00),0.2941,0.7059,0.5059,Summer
2021,6,Maharashtra,Amravati,Amravati City,City,Urban / City Road,43,10,14,29,Dangerous Overtaking,Night (18:00-06:00),0.3256,0.6744,0.5279,Monsoon
2021,7,Maharashtra,Amravati,Amravati City,City,Urban / City Road,45,9,14,27,Adverse Weather / Monsoon,Day (06:00-18:00),0.3111,0.6,0.4911,Monsoon
2021,8,Maharashtra,Amravati,Amravati City,City,Urban / City Road,43,9,14,29,Adverse Weather / Monsoon,Night (18:00-06:00),0.3256,0.6744,0.5279,Monsoon
2021,9,Maharashtra,Amravati,Amravati City,City,Urban / City Road,43,11,13,30,Dangerous Overtaking,Day (06:00-18:00),0.3023,0.6977,0.5116,Monsoon
2021,10,Maharashtra,Amravati,Amravati City,City,Urban / City Road,31,7,8,23,Drunk Driving,Night (18:00-06:00),0.2581,0.7419,0.4806,Post-Monsoon
2021,11,Maharashtra,Amravati,Amravati City,City,Urban / City Road,34,8,9,22,Over-speeding,Day (06:00-18:00),0.2647,0.6471,0.4588,Post-Monsoon
2021,12,Maharashtra,Amravati,Amravati City,City,Urban / City Road,33,7,11,21,Drunk Driving,Day (06:00-18:00),0.3333,0.6364,0.5242,Winter
2021,1,Maharashtra,Raigad,Raigad,Rural,National Highway,137,41,45,85,Dangerous Overtaking,Day (06:00-18:00),0.3285,0.6204,0.5146,Winter
2021,2,Maharashtra,Raigad,Raigad,Rural,National Highway,132,33,42,87,Over-speeding,Night (18:00-06:00),0.3182,0.6591,0.5159,Winter
2021,3,Maharashtra,Raigad,Raigad,Rural,National Highway,135,32,44,90,Over-speeding,Night (18:00-06:00),0.3259,0.6667,0.5259,Summer
2021,4,Maharashtra,Raigad,Raigad,Rural,National Highway,140,37,37,79,Over-speeding,Day (06:00-18:00),0.2643,0.5643,0.4336,Summer
2021,5,Maharashtra,Raigad,Raigad,Rural,National Highway,126,31,45,81,Dangerous Overtaking,Night (18:00-06:00),0.3571,0.6429,0.55,Summer
2021,6,Maharashtra,Raigad,Raigad,Rural,National Highway,184,50,59,112,Over-speeding,Day (06:00-18:00),0.3207,0.6087,0.5033,Monsoon
2021,7,Maharashtra,Raigad,Raigad,Rural,National Highway,178,47,59,119,Over-speeding,Day (06:00-18:00),0.3315,0.6685,0.532,Monsoon
2021,8,Maharashtra,Raigad,Raigad,Rural,National Highway,181,54,59,105,Road Defect / Pothole,Day (06:00-18:00),0.326,0.5801,0.5,Monsoon
2021,9,Maharashtra,Raigad,Raigad,Rural,National Highway,187,50,52,107,Dangerous Overtaking,Night (18:00-06:00),0.2781,0.5722,0.4497,Monsoon
2021,10,Maharashtra,Raigad,Raigad,Rural,National Highway,133,33,44,89,Over-speeding,Day (06:00-18:00),0.3308,0.6692,0.5316,Post-Monsoon
2021,11,Maharashtra,Raigad,Raigad,Rural,National Highway,124,38,38,85,Over-speeding,Day (06:00-18:00),0.3065,0.6855,0.5121,Post-Monsoon
2021,12,Maharashtra,Raigad,Raigad,Rural,National Highway,131,42,45,86,Adverse Weather / Monsoon,Day (06:00-18:00),0.3435,0.6565,0.5405,Winter
2021,1,Maharashtra,Buldhana,Buldhana,Rural,National Highway,93,26,32,61,Adverse Weather / Monsoon,Day (06:00-18:00),0.3441,0.6559,0.5409,Winter
2021,2,Maharashtra,Buldhana,Buldhana,Rural,National Highway,96,25,32,60,Over-speeding,Night (18:00-06:00),0.3333,0.625,0.5208,Winter
2021,3,Maharashtra,Buldhana,Buldhana,Rural,National Highway,92,24,26,60,Over-speeding,Day (06:00-18:00),0.2826,0.6522,0.4783,Summer
2021,4,Maharashtra,Buldhana,Buldhana,Rural,National Highway,88,25,28,56,Over-speeding,Night (18:00-06:00),0.3182,0.6364,0.5091,Summer
2021,5,Maharashtra,Buldhana,Buldhana,Rural,National Highway,89,24,27,60,Over-speeding,Day (06:00-18:00),0.3034,0.6742,0.5056,Summer
2021,6,Maharashtra,Buldhana,Buldhana,Rural,National Highway,125,36,43,82,Dangerous Overtaking,Night (18:00-06:00),0.344,0.656,0.5408,Monsoon
2021,7,Maharashtra,Buldhana,Buldhana,Rural,National Highway,121,29,41,80,Adverse Weather / Monsoon,Day (06:00-18:00),0.3388,0.6612,0.5372,Monsoon
2021,8,Maharashtra,Buldhana,Buldhana,Rural,National Highway,124,35,41,83,Adverse Weather / Monsoon,Day (06:00-18:00),0.3306,0.6694,0.5315,Monsoon
2021,9,Maharashtra,Buldhana,Buldhana,Rural,National Highway,126,34,40,79,Dangerous Overtaking,Night (18:00-06:00),0.3175,0.627,0.5056,Monsoon
2021,10,Maharashtra,Buldhana,Buldhana,Rural,National Highway,85,26,26,59,Dangerous Overtaking,Day (06:00-18:00),0.3059,0.6941,0.5141,Post-Monsoon
2021,11,Maharashtra,Buldhana,Buldhana,Rural,National Highway,89,27,32,57,Over-speeding,Night (18:00-06:00),0.3596,0.6404,0.5517,Post-Monsoon
2021,12,Maharashtra,Buldhana,Buldhana,Rural,National Highway,93,24,33,60,Adverse Weather / Monsoon,Night (18:00-06:00),0.3548,0.6452,0.5484,Winter
2021,1,Maharashtra,Beed,Beed,Rural,State Highway,96,27,35,61,Road Defect / Pothole,Night (18:00-06:00),0.3646,0.6354,0.5552,Winter
2021,2,Maharashtra,Beed,Beed,Rural,State Highway,100,25,31,58,Dangerous Overtaking,Night (18:00-06:00),0.31,0.58,0.484,Winter
2021,3,Maharashtra,Beed,Beed,Rural,State Highway,98,24,36,62,Over-speeding,Day (06:00-18:00),0.3673,0.6327,0.5571,Summer
2021,4,Maharashtra,Beed,Beed,Rural,State Highway,107,26,37,70,Over-speeding,Night (18:00-06:00),0.3458,0.6542,0.5421,Summer
2021,5,Maharashtra,Beed,Beed,Rural,State Highway,104,24,37,67,Adverse Weather / Monsoon,Day (06:00-18:00),0.3558,0.6442,0.549,Summer
2021,6,Maharashtra,Beed,Beed,Rural,State Highway,127,42,42,85,Over-speeding,Day (06:00-18:00),0.3307,0.6693,0.5315,Monsoon
2021,7,Maharashtra,Beed,Beed,Rural,State Highway,134,33,47,87,Adverse Weather / Monsoon,Night (18:00-06:00),0.3507,0.6493,0.5455,Monsoon
2021,8,Maharashtra,Beed,Beed,Rural,State Highway,132,34,44,88,Adverse Weather / Monsoon,Night (18:00-06:00),0.3333,0.6667,0.5333,Monsoon
2021,9,Maharashtra,Beed,Beed,Rural,State Highway,133,35,46,87,Over-speeding,Night (18:00-06:00),0.3459,0.6541,0.5421,Monsoon
2021,10,Maharashtra,Beed,Beed,Rural,State Highway,99,26,32,67,Over-speeding,Night (18:00-06:00),0.3232,0.6768,0.5263,Post-Monsoon
2021,11,Maharashtra,Beed,Beed,Rural,State Highway,104,29,30,59,Over-speeding,Night (18:00-06:00),0.2885,0.5673,0.4587,Post-Monsoon
2021,12,Maharashtra,Beed,Beed,Rural,State Highway,100,27,34,63,Over-speeding,Night (18:00-06:00),0.34,0.63,0.529,Winter
2021,1,Maharashtra,Yavatmal,Yavatmal,Rural,State Highway,91,24,33,58,Over-speeding,Day (06:00-18:00),0.3626,0.6374,0.5538,Winter
2021,2,Maharashtra,Yavatmal,Yavatmal,Rural,State Highway,93,29,33,60,Over-speeding,Day (06:00-18:00),0.3548,0.6452,0.5484,Winter
2021,3,Maharashtra,Yavatmal,Yavatmal,Rural,State Highway,97,26,26,60,Over-speeding,Night (18:00-06:00),0.268,0.6186,0.4536,Summer
2021,4,Maharashtra,Yavatmal,Yavatmal,Rural,State Highway,87,27,31,56,Over-speeding,Night (18:00-06:00),0.3563,0.6437,0.5494,Summer
2021,5,Maharashtra,Yavatmal,Yavatmal,Rural,State Highway,94,26,26,56,Over-speeding,Day (06:00-18:00),0.2766,0.5957,0.4553,Summer
2021,6,Maharashtra,Yavatmal,Yavatmal,Rural,State Highway,112,36,36,76,Over-speeding,Day (06:00-18:00),0.3214,0.6786,0.525,Monsoon
2021,7,Maharashtra,Yavatmal,Yavatmal,Rural,State Highway,124,32,45,71,Over-speeding,Day (06:00-18:00),0.3629,0.5726,0.5347,Monsoon
2021,8,Maharashtra,Yavatmal,Yavatmal,Rural,State Highway,117,35,37,75,Adverse Weather / Monsoon,Day (06:00-18:00),0.3162,0.641,0.5085,Monsoon
2021,9,Maharashtra,Yavatmal,Yavatmal,Rural,State Highway,121,34,39,82,Over-speeding,Night (18:00-06:00),0.3223,0.6777,0.5256,Monsoon
2021,10,Maharashtra,Yavatmal,Yavatmal,Rural,State Highway,98,27,29,55,Over-speeding,Day (06:00-18:00),0.2959,0.5612,0.4643,Post-Monsoon
2021,11,Maharashtra,Yavatmal,Yavatmal,Rural,State Highway,93,24,34,59,Dangerous Overtaking,Night (18:00-06:00),0.3656,0.6344,0.5559,Post-Monsoon
2021,12,Maharashtra,Yavatmal,Yavatmal,Rural,State Highway,93,27,34,59,Over-speeding,Day (06:00-18:00),0.3656,0.6344,0.5559,Winter
2021,1,Maharashtra,Chandrapur,Chandrapur,Rural,National Highway,90,26,29,56,Over-speeding,Day (06:00-18:00),0.3222,0.6222,0.5089,Winter
2021,2,Maharashtra,Chandrapur,Chandrapur,Rural,National Highway,84,26,30,54,Over-speeding,Day (06:00-18:00),0.3571,0.6429,0.55,Winter
2021,3,Maharashtra,Chandrapur,Chandrapur,Rural,National Highway,83,21,26,53,Over-speeding,Day (06:00-18:00),0.3133,0.6386,0.5048,Summer
2021,4,Maharashtra,Chandrapur,Chandrapur,Rural,National Highway,90,23,29,61,Over-speeding,Day (06:00-18:00),0.3222,0.6778,0.5256,Summer
2021,5,Maharashtra,Chandrapur,Chandrapur,Rural,National Highway,82,24,24,51,Adverse Weather / Monsoon,Night (18:00-06:00),0.2927,0.622,0.4793,Summer
2021,6,Maharashtra,Chandrapur,Chandrapur,Rural,National Highway,112,33,38,72,Dangerous Overtaking,Day (06:00-18:00),0.3393,0.6429,0.5321,Monsoon
2021,7,Maharashtra,Chandrapur,Chandrapur,Rural,National Highway,117,32,37,80,Adverse Weather / Monsoon,Day (06:00-18:00),0.3162,0.6838,0.5214,Monsoon
2021,8,Maharashtra,Chandrapur,Chandrapur,Rural,National Highway,109,31,35,69,Adverse Weather / Monsoon,Day (06:00-18:00),0.3211,0.633,0.511,Monsoon
2021,9,Maharashtra,Chandrapur,Chandrapur,Rural,National Highway,115,34,41,74,Over-speeding,Night (18:00-06:00),0.3565,0.6435,0.5496,Monsoon
2021,10,Maharashtra,Chandrapur,Chandrapur,Rural,National Highway,86,22,26,59,Over-speeding,Night (18:00-06:00),0.3023,0.686,0.5081,Post-Monsoon
2021,11,Maharashtra,Chandrapur,Chandrapur,Rural,National Highway,87,23,31,56,Adverse Weather / Monsoon,Day (06:00-18:00),0.3563,0.6437,0.5494,Post-Monsoon
2021,12,Maharashtra,Chandrapur,Chandrapur,Rural,National Highway,85,20,25,53,Dangerous Overtaking,Day (06:00-18:00),0.2941,0.6235,0.4812,Winter
2021,1,Maharashtra,Latur,Latur,Rural,State Highway,80,24,26,54,Over-speeding,Day (06:00-18:00),0.325,0.675,0.5275,Winter
2021,2,Maharashtra,Latur,Latur,Rural,State Highway,85,24,24,55,Drunk Driving,Day (06:00-18:00),0.2824,0.6471,0.4765,Winter
2021,3,Maharashtra,Latur,Latur,Rural,State Highway,83,23,28,50,Over-speeding,Day (06:00-18:00),0.3373,0.6024,0.5181,Summer
2021,4,Maharashtra,Latur,Latur,Rural,State Highway,78,22,27,51,Over-speeding,Night (18:00-06:00),0.3462,0.6538,0.5423,Summer
2021,5,Maharashtra,Latur,Latur,Rural,State Highway,84,22,24,48,Dangerous Overtaking,Night (18:00-06:00),0.2857,0.5714,0.4571,Summer
2021,6,Maharashtra,Latur,Latur,Rural,State Highway,111,32,32,62,Dangerous Overtaking,Day (06:00-18:00),0.2883,0.5586,0.4559,Monsoon
2021,7,Maharashtra,Latur,Latur,Rural,State Highway,111,31,35,73,Over-speeding,Night (18:00-06:00),0.3153,0.6577,0.5126,Monsoon
2021,8,Maharashtra,Latur,Latur,Rural,State Highway,100,29,31,69,Over-speeding,Day (06:00-18:00),0.31,0.69,0.517,Monsoon
2021,9,Maharashtra,Latur,Latur,Rural,State Highway,109,34,39,70,Over-speeding,Night (18:00-06:00),0.3578,0.6422,0.5505,Monsoon
2021,10,Maharashtra,Latur,Latur,Rural,State Highway,78,23,23,54,Dangerous Overtaking,Night (18:00-06:00),0.2949,0.6923,0.5026,Post-Monsoon
2021,11,Maharashtra,Latur,Latur,Rural,State Highway,73,24,24,49,Over-speeding,Night (18:00-06:00),0.3288,0.6712,0.5301,Post-Monsoon
2021,12,Maharashtra,Latur,Latur,Rural,State Highway,82,25,26,55,Dangerous Overtaking,Day (06:00-18:00),0.3171,0.6707,0.5183,Winter
2021,1,Maharashtra,Dhule,Dhule,Rural,National Highway,78,21,26,51,Over-speeding,Day (06:00-18:00),0.3333,0.6538,0.5295,Winter
2021,2,Maharashtra,Dhule,Dhule,Rural,National Highway,88,24,24,56,Over-speeding,Night (18:00-06:00),0.2727,0.6364,0.4636,Winter
2021,3,Maharashtra,Dhule,Dhule,Rural,National Highway,83,26,27,51,Dangerous Overtaking,Day (06:00-18:00),0.3253,0.6145,0.5096,Summer
2021,4,Maharashtra,Dhule,Dhule,Rural,National Highway,87,25,27,51,Dangerous Overtaking,Night (18:00-06:00),0.3103,0.5862,0.4862,Summer
2021,5,Maharashtra,Dhule,Dhule,Rural,National Highway,87,24,29,58,Over-speeding,Night (18:00-06:00),0.3333,0.6667,0.5333,Summer
2021,6,Maharashtra,Dhule,Dhule,Rural,National Highway,114,29,35,70,Drunk Driving,Day (06:00-18:00),0.307,0.614,0.4912,Monsoon
2021,7,Maharashtra,Dhule,Dhule,Rural,National Highway,113,30,40,73,Over-speeding,Night (18:00-06:00),0.354,0.646,0.5478,Monsoon
2021,8,Maharashtra,Dhule,Dhule,Rural,National Highway,103,34,34,69,Adverse Weather / Monsoon,Day (06:00-18:00),0.3301,0.6699,0.5311,Monsoon
2021,9,Maharashtra,Dhule,Dhule,Rural,National Highway,104,31,39,65,Dangerous Overtaking,Day (06:00-18:00),0.375,0.625,0.5625,Monsoon
2021,10,Maharashtra,Dhule,Dhule,Rural,National Highway,88,21,25,50,Road Defect / Pothole,Night (18:00-06:00),0.2841,0.5682,0.4545,Post-Monsoon
2021,11,Maharashtra,Dhule,Dhule,Rural,National Highway,86,23,27,51,Over-speeding,Day (06:00-18:00),0.314,0.593,0.4919,Post-Monsoon
2021,12,Maharashtra,Dhule,Dhule,Rural,National Highway,84,26,26,50,Road Defect / Pothole,Day (06:00-18:00),0.3095,0.5952,0.4881,Winter
2021,1,Maharashtra,Jalna,Jalna,Rural,State Highway,79,23,26,53,Over-speeding,Day (06:00-18:00),0.3291,0.6709,0.5304,Winter
2021,2,Maharashtra,Jalna,Jalna,Rural,State Highway,83,26,28,50,Dangerous Overtaking,Night (18:00-06:00),0.3373,0.6024,0.5181,Winter
2021,3,Maharashtra,Jalna,Jalna,Rural,State Highway,77,22,27,49,Over-speeding,Day (06:00-18:00),0.3506,0.6364,0.5416,Summer
2021,4,Maharashtra,Jalna,Jalna,Rural,State Highway,83,26,28,55,Over-speeding,Night (18:00-06:00),0.3373,0.6627,0.5361,Summer
2021,5,Maharashtra,Jalna,Jalna,Rural,State Highway,85,24,26,57,Over-speeding,Night (18:00-06:00),0.3059,0.6706,0.5071,Summer
2021,6,Maharashtra,Jalna,Jalna,Rural,State Highway,102,30,32,70,Drunk Driving,Night (18:00-06:00),0.3137,0.6863,0.5196,Monsoon
2021,7,Maharashtra,Jalna,Jalna,Rural,State Highway,102,31,31,70,Adverse Weather / Monsoon,Night (18:00-06:00),0.3039,0.6863,0.5098,Monsoon
2021,8,Maharashtra,Jalna,Jalna,Rural,State Highway,111,29,35,76,Adverse Weather / Monsoon,Day (06:00-18:00),0.3153,0.6847,0.5207,Monsoon
2021,9,Maharashtra,Jalna,Jalna,Rural,State Highway,109,28,33,69,Over-speeding,Night (18:00-06:00),0.3028,0.633,0.4927,Monsoon
2021,10,Maharashtra,Jalna,Jalna,Rural,State Highway,75,22,28,47,Over-speeding,Night (18:00-06:00),0.3733,0.6267,0.5613,Post-Monsoon
2021,11,Maharashtra,Jalna,Jalna,Rural,State Highway,85,25,25,54,Road Defect / Pothole,Day (06:00-18:00),0.2941,0.6353,0.4847,Post-Monsoon
2021,12,Maharashtra,Jalna,Jalna,Rural,State Highway,82,23,23,57,Over-speeding,Day (06:00-18:00),0.2805,0.6951,0.489,Winter
2021,1,Maharashtra,Parbhani,Parbhani,Rural,State Highway,66,20,24,42,Road Defect / Pothole,Day (06:00-18:00),0.3636,0.6364,0.5545,Winter
2021,2,Maharashtra,Parbhani,Parbhani,Rural,State Highway,66,18,25,41,Over-speeding,Night (18:00-06:00),0.3788,0.6212,0.5652,Winter
2021,3,Maharashtra,Parbhani,Parbhani,Rural,State Highway,66,21,26,40,Dangerous Overtaking,Day (06:00-18:00),0.3939,0.6061,0.5758,Summer
2021,4,Maharashtra,Parbhani,Parbhani,Rural,State Highway,64,22,24,40,Over-speeding,Day (06:00-18:00),0.375,0.625,0.5625,Summer
2021,5,Maharashtra,Parbhani,Parbhani,Rural,State Highway,67,16,22,45,Over-speeding,Day (06:00-18:00),0.3284,0.6716,0.5299,Summer
2021,6,Maharashtra,Parbhani,Parbhani,Rural,State Highway,92,25,32,54,Dangerous Overtaking,Day (06:00-18:00),0.3478,0.587,0.5239,Monsoon
2021,7,Maharashtra,Parbhani,Parbhani,Rural,State Highway,84,21,32,52,Over-speeding,Day (06:00-18:00),0.381,0.619,0.5667,Monsoon
2021,8,Maharashtra,Parbhani,Parbhani,Rural,State Highway,95,22,28,54,Adverse Weather / Monsoon,Day (06:00-18:00),0.2947,0.5684,0.4653,Monsoon
2021,9,Maharashtra,Parbhani,Parbhani,Rural,State Highway,93,24,29,53,Over-speeding,Day (06:00-18:00),0.3118,0.5699,0.4828,Monsoon
2021,10,Maharashtra,Parbhani,Parbhani,Rural,State Highway,68,19,21,39,Over-speeding,Day (06:00-18:00),0.3088,0.5735,0.4809,Post-Monsoon
2021,11,Maharashtra,Parbhani,Parbhani,Rural,State Highway,71,20,22,41,Over-speeding,Day (06:00-18:00),0.3099,0.5775,0.4831,Post-Monsoon
2021,12,Maharashtra,Parbhani,Parbhani,Rural,State Highway,65,17,20,45,Over-speeding,Day (06:00-18:00),0.3077,0.6923,0.5154,Winter
2021,1,Maharashtra,Akola,Akola,Rural,National Highway,66,20,23,43,Over-speeding,Night (18:00-06:00),0.3485,0.6515,0.5439,Winter
2021,2,Maharashtra,Akola,Akola,Rural,National Highway,73,17,21,48,Over-speeding,Day (06:00-18:00),0.2877,0.6575,0.4849,Winter
2021,3,Maharashtra,Akola,Akola,Rural,National Highway,66,20,21,45,Over-speeding,Day (06:00-18:00),0.3182,0.6818,0.5227,Summer
2021,4,Maharashtra,Akola,Akola,Rural,National Highway,72,17,24,45,Dangerous Overtaking,Night (18:00-06:00),0.3333,0.625,0.5208,Summer
2021,5,Maharashtra,Akola,Akola,Rural,National Highway,69,21,21,46,Over-speeding,Day (06:00-18:00),0.3043,0.6667,0.5043,Summer
2021,6,Maharashtra,Akola,Akola,Rural,National Highway,92,24,32,60,Adverse Weather / Monsoon,Night (18:00-06:00),0.3478,0.6522,0.5435,Monsoon
2021,7,Maharashtra,Akola,Akola,Rural,National Highway,97,22,35,60,Adverse Weather / Monsoon,Day (06:00-18:00),0.3608,0.6186,0.5464,Monsoon
2021,8,Maharashtra,Akola,Akola,Rural,National Highway,98,28,32,54,Adverse Weather / Monsoon,Day (06:00-18:00),0.3265,0.551,0.4918,Monsoon
2021,9,Maharashtra,Akola,Akola,Rural,National Highway,95,26,26,57,Dangerous Overtaking,Night (18:00-06:00),0.2737,0.6,0.4537,Monsoon
2021,10,Maharashtra,Akola,Akola,Rural,National Highway,66,17,21,45,Over-speeding,Night (18:00-06:00),0.3182,0.6818,0.5227,Post-Monsoon
2021,11,Maharashtra,Akola,Akola,Rural,National Highway,68,19,23,40,Over-speeding,Night (18:00-06:00),0.3382,0.5882,0.5147,Post-Monsoon
2021,12,Maharashtra,Akola,Akola,Rural,National Highway,73,20,22,48,Over-speeding,Day (06:00-18:00),0.3014,0.6575,0.4986,Winter
2021,1,Maharashtra,Dharashiv,Dharashiv (Osmanabad),Rural,National Highway,72,23,24,48,Over-speeding,Day (06:00-18:00),0.3333,0.6667,0.5333,Winter
2021,2,Maharashtra,Dharashiv,Dharashiv (Osmanabad),Rural,National Highway,74,21,26,48,Over-speeding,Night (18:00-06:00),0.3514,0.6486,0.5459,Winter
2021,3,Maharashtra,Dharashiv,Dharashiv (Osmanabad),Rural,National Highway,75,22,22,44,Over-speeding,Day (06:00-18:00),0.2933,0.5867,0.4693,Summer
2021,4,Maharashtra,Dharashiv,Dharashiv (Osmanabad),Rural,National Highway,70,20,23,47,Over-speeding,Day (06:00-18:00),0.3286,0.6714,0.53,Summer
2021,5,Maharashtra,Dharashiv,Dharashiv (Osmanabad),Rural,National Highway,70,20,25,45,Adverse Weather / Monsoon,Night (18:00-06:00),0.3571,0.6429,0.55,Summer
2021,6,Maharashtra,Dharashiv,Dharashiv (Osmanabad),Rural,National Highway,100,24,32,64,Over-speeding,Day (06:00-18:00),0.32,0.64,0.512,Monsoon
2021,7,Maharashtra,Dharashiv,Dharashiv (Osmanabad),Rural,National Highway,101,24,35,66,Adverse Weather / Monsoon,Night (18:00-06:00),0.3465,0.6535,0.5426,Monsoon
2021,8,Maharashtra,Dharashiv,Dharashiv (Osmanabad),Rural,National Highway,100,26,35,65,Adverse Weather / Monsoon,Day (06:00-18:00),0.35,0.65,0.545,Monsoon
2021,9,Maharashtra,Dharashiv,Dharashiv (Osmanabad),Rural,National Highway,96,29,34,62,Over-speeding,Day (06:00-18:00),0.3542,0.6458,0.5479,Monsoon
2021,10,Maharashtra,Dharashiv,Dharashiv (Osmanabad),Rural,National Highway,77,22,26,42,Over-speeding,Night (18:00-06:00),0.3377,0.5455,0.5013,Post-Monsoon
2021,11,Maharashtra,Dharashiv,Dharashiv (Osmanabad),Rural,National Highway,75,21,21,47,Over-speeding,Day (06:00-18:00),0.28,0.6267,0.468,Post-Monsoon
2021,12,Maharashtra,Dharashiv,Dharashiv (Osmanabad),Rural,National Highway,68,18,24,43,Drunk Driving,Day (06:00-18:00),0.3529,0.6324,0.5426,Winter
2021,1,Maharashtra,Nandurbar,Nandurbar,Rural,State Highway,57,16,19,38,Over-speeding,Night (18:00-06:00),0.3333,0.6667,0.5333,Winter
2021,2,Maharashtra,Nandurbar,Nandurbar,Rural,State Highway,56,14,17,35,Over-speeding,Night (18:00-06:00),0.3036,0.625,0.4911,Winter
2021,3,Maharashtra,Nandurbar,Nandurbar,Rural,State Highway,56,14,18,34,Dangerous Overtaking,Day (06:00-18:00),0.3214,0.6071,0.5036,Summer
2021,4,Maharashtra,Nandurbar,Nandurbar,Rural,State Highway,55,17,17,38,Over-speeding,Day (06:00-18:00),0.3091,0.6909,0.5164,Summer
2021,5,Maharashtra,Nandurbar,Nandurbar,Rural,State Highway,60,16,18,33,Dangerous Overtaking,Day (06:00-18:00),0.3,0.55,0.465,Summer
2021,6,Maharashtra,Nandurbar,Nandurbar,Rural,State Highway,78,23,27,49,Dangerous Overtaking,Day (06:00-18:00),0.3462,0.6282,0.5346,Monsoon
2021,7,Maharashtra,Nandurbar,Nandurbar,Rural,State Highway,79,21,28,51,Adverse Weather / Monsoon,Day (06:00-18:00),0.3544,0.6456,0.5481,Monsoon
2021,8,Maharashtra,Nandurbar,Nandurbar,Rural,State Highway,68,19,21,47,Adverse Weather / Monsoon,Night (18:00-06:00),0.3088,0.6912,0.5162,Monsoon
2021,9,Maharashtra,Nandurbar,Nandurbar,Rural,State Highway,70,19,25,43,Drunk Driving,Day (06:00-18:00),0.3571,0.6143,0.5414,Monsoon
2021,10,Maharashtra,Nandurbar,Nandurbar,Rural,State Highway,57,16,17,34,Over-speeding,Day (06:00-18:00),0.2982,0.5965,0.4772,Post-Monsoon
2021,11,Maharashtra,Nandurbar,Nandurbar,Rural,State Highway,57,14,18,39,Over-speeding,Day (06:00-18:00),0.3158,0.6842,0.5211,Post-Monsoon
2021,12,Maharashtra,Nandurbar,Nandurbar,Rural,State Highway,57,14,19,38,Road Defect / Pothole,Day (06:00-18:00),0.3333,0.6667,0.5333,Winter
2021,1,Maharashtra,Ratnagiri,Ratnagiri,Rural,National Highway,67,19,19,44,Over-speeding,Day (06:00-18:00),0.2836,0.6567,0.4806,Winter
2021,2,Maharashtra,Ratnagiri,Ratnagiri,Rural,National Highway,70,17,22,47,Dangerous Overtaking,Night (18:00-06:00),0.3143,0.6714,0.5157,Winter
2021,3,Maharashtra,Ratnagiri,Ratnagiri,Rural,National Highway,67,20,25,42,Dangerous Overtaking,Day (06:00-18:00),0.3731,0.6269,0.5612,Summer
2021,4,Maharashtra,Ratnagiri,Ratnagiri,Rural,National Highway,74,20,20,44,Road Defect / Pothole,Day (06:00-18:00),0.2703,0.5946,0.4486,Summer
2021,5,Maharashtra,Ratnagiri,Ratnagiri,Rural,National Highway,74,18,25,48,Road Defect / Pothole,Day (06:00-18:00),0.3378,0.6486,0.5324,Summer
2021,6,Maharashtra,Ratnagiri,Ratnagiri,Rural,National Highway,88,23,30,54,Over-speeding,Day (06:00-18:00),0.3409,0.6136,0.525,Monsoon
2021,7,Maharashtra,Ratnagiri,Ratnagiri,Rural,National Highway,89,27,27,62,Adverse Weather / Monsoon,Night (18:00-06:00),0.3034,0.6966,0.5124,Monsoon
2021,8,Maharashtra,Ratnagiri,Ratnagiri,Rural,National Highway,97,23,25,65,Adverse Weather / Monsoon,Night (18:00-06:00),0.2577,0.6701,0.4588,Monsoon
2021,9,Maharashtra,Ratnagiri,Ratnagiri,Rural,National Highway,86,23,30,56,Drunk Driving,Day (06:00-18:00),0.3488,0.6512,0.5442,Monsoon
2021,10,Maharashtra,Ratnagiri,Ratnagiri,Rural,National Highway,75,17,26,49,Road Defect / Pothole,Day (06:00-18:00),0.3467,0.6533,0.5427,Post-Monsoon
2021,11,Maharashtra,Ratnagiri,Ratnagiri,Rural,National Highway,64,19,21,43,Over-speeding,Night (18:00-06:00),0.3281,0.6719,0.5297,Post-Monsoon
2021,12,Maharashtra,Ratnagiri,Ratnagiri,Rural,National Highway,70,16,24,46,Adverse Weather / Monsoon,Day (06:00-18:00),0.3429,0.6571,0.54,Winter
2021,1,Maharashtra,Gondia,Gondia,Rural,State Highway,53,15,18,35,Over-speeding,Day (06:00-18:00),0.3396,0.6604,0.5377,Winter
2021,2,Maharashtra,Gondia,Gondia,Rural,State Highway,56,14,20,36,Over-speeding,Day (06:00-18:00),0.3571,0.6429,0.55,Winter
2021,3,Maharashtra,Gondia,Gondia,Rural,State Highway,47,15,17,30,Over-speeding,Night (18:00-06:00),0.3617,0.6383,0.5532,Summer
2021,4,Maharashtra,Gondia,Gondia,Rural,State Highway,53,16,18,30,Dangerous Overtaking,Night (18:00-06:00),0.3396,0.566,0.5094,Summer
2021,5,Maharashtra,Gondia,Gondia,Rural,State Highway,53,13,17,36,Over-speeding,Night (18:00-06:00),0.3208,0.6792,0.5245,Summer
2021,6,Maharashtra,Gondia,Gondia,Rural,State Highway,69,21,24,45,Over-speeding,Day (06:00-18:00),0.3478,0.6522,0.5435,Monsoon
2021,7,Maharashtra,Gondia,Gondia,Rural,State Highway,71,19,22,41,Adverse Weather / Monsoon,Night (18:00-06:00),0.3099,0.5775,0.4831,Monsoon
2021,8,Maharashtra,Gondia,Gondia,Rural,State Highway,66,20,22,40,Adverse Weather / Monsoon,Night (18:00-06:00),0.3333,0.6061,0.5152,Monsoon
2021,9,Maharashtra,Gondia,Gondia,Rural,State Highway,73,20,26,47,Over-speeding,Day (06:00-18:00),0.3562,0.6438,0.5493,Monsoon
2021,10,Maharashtra,Gondia,Gondia,Rural,State Highway,55,14,20,32,Over-speeding,Day (06:00-18:00),0.3636,0.5818,0.5382,Post-Monsoon
2021,11,Maharashtra,Gondia,Gondia,Rural,State Highway,49,16,16,31,Dangerous Overtaking,Day (06:00-18:00),0.3265,0.6327,0.5163,Post-Monsoon
2021,12,Maharashtra,Gondia,Gondia,Rural,State Highway,50,14,15,35,Adverse Weather / Monsoon,Day (06:00-18:00),0.3,0.7,0.51,Winter
2021,1,Maharashtra,Wardha,Wardha,Rural,National Highway,65,20,21,44,Over-speeding,Night (18:00-06:00),0.3231,0.6769,0.5262,Winter
2021,2,Maharashtra,Wardha,Wardha,Rural,National Highway,67,18,18,45,Dangerous Overtaking,Day (06:00-18:00),0.2687,0.6716,0.4701,Winter
2021,3,Maharashtra,Wardha,Wardha,Rural,National Highway,63,18,20,43,Over-speeding,Night (18:00-06:00),0.3175,0.6825,0.5222,Summer
2021,4,Maharashtra,Wardha,Wardha,Rural,National Highway,67,18,19,41,Dangerous Overtaking,Day (06:00-18:00),0.2836,0.6119,0.4672,Summer
2021,5,Maharashtra,Wardha,Wardha,Rural,National Highway,69,18,24,45,Road Defect / Pothole,Day (06:00-18:00),0.3478,0.6522,0.5435,Summer
2021,6,Maharashtra,Wardha,Wardha,Rural,National Highway,82,27,32,50,Over-speeding,Day (06:00-18:00),0.3902,0.6098,0.5732,Monsoon
2021,7,Maharashtra,Wardha,Wardha,Rural,National Highway,91,24,25,58,Adverse Weather / Monsoon,Day (06:00-18:00),0.2747,0.6374,0.4659,Monsoon
2021,8,Maharashtra,Wardha,Wardha,Rural,National Highway,88,25,26,57,Over-speeding,Day (06:00-18:00),0.2955,0.6477,0.4898,Monsoon
2021,9,Maharashtra,Wardha,Wardha,Rural,National Highway,84,26,30,54,Dangerous Overtaking,Night (18:00-06:00),0.3571,0.6429,0.55,Monsoon
2021,10,Maharashtra,Wardha,Wardha,Rural,National Highway,67,17,21,40,Over-speeding,Day (06:00-18:00),0.3134,0.597,0.4925,Post-Monsoon
2021,11,Maharashtra,Wardha,Wardha,Rural,National Highway,62,19,19,39,Over-speeding,Day (06:00-18:00),0.3065,0.629,0.4952,Post-Monsoon
2021,12,Maharashtra,Wardha,Wardha,Rural,National Highway,63,18,22,41,Over-speeding,Day (06:00-18:00),0.3492,0.6508,0.5444,Winter
2021,1,Maharashtra,Bhandara,Bhandara,Rural,National Highway,54,15,20,34,Over-speeding,Day (06:00-18:00),0.3704,0.6296,0.5593,Winter
2021,2,Maharashtra,Bhandara,Bhandara,Rural,National Highway,54,16,19,33,Over-speeding,Night (18:00-06:00),0.3519,0.6111,0.5352,Winter
2021,3,Maharashtra,Bhandara,Bhandara,Rural,National Highway,58,15,16,33,Over-speeding,Day (06:00-18:00),0.2759,0.569,0.4466,Summer
2021,4,Maharashtra,Bhandara,Bhandara,Rural,National Highway,51,15,19,32,Over-speeding,Night (18:00-06:00),0.3725,0.6275,0.5608,Summer
2021,5,Maharashtra,Bhandara,Bhandara,Rural,National Highway,55,15,19,36,Over-speeding,Day (06:00-18:00),0.3455,0.6545,0.5418,Summer
2021,6,Maharashtra,Bhandara,Bhandara,Rural,National Highway,69,20,22,47,Over-speeding,Day (06:00-18:00),0.3188,0.6812,0.5232,Monsoon
2021,7,Maharashtra,Bhandara,Bhandara,Rural,National Highway,72,23,25,47,Adverse Weather / Monsoon,Night (18:00-06:00),0.3472,0.6528,0.5431,Monsoon
2021,8,Maharashtra,Bhandara,Bhandara,Rural,National Highway,75,19,23,44,Adverse Weather / Monsoon,Day (06:00-18:00),0.3067,0.5867,0.4827,Monsoon
2021,9,Maharashtra,Bhandara,Bhandara,Rural,National Highway,70,22,26,44,Dangerous Overtaking,Day (06:00-18:00),0.3714,0.6286,0.56,Monsoon
2021,10,Maharashtra,Bhandara,Bhandara,Rural,National Highway,57,15,20,36,Adverse Weather / Monsoon,Day (06:00-18:00),0.3509,0.6316,0.5404,Post-Monsoon
2021,11,Maharashtra,Bhandara,Bhandara,Rural,National Highway,54,14,20,34,Adverse Weather / Monsoon,Night (18:00-06:00),0.3704,0.6296,0.5593,Post-Monsoon
2021,12,Maharashtra,Bhandara,Bhandara,Rural,National Highway,52,15,17,33,Over-speeding,Night (18:00-06:00),0.3269,0.6346,0.5173,Winter
2021,1,Maharashtra,Washim,Washim,Rural,State Highway,52,13,17,35,Over-speeding,Day (06:00-18:00),0.3269,0.6731,0.5288,Winter
2021,2,Maharashtra,Washim,Washim,Rural,State Highway,49,14,17,32,Over-speeding,Day (06:00-18:00),0.3469,0.6531,0.5429,Winter
2021,3,Maharashtra,Washim,Washim,Rural,State Highway,49,12,17,30,Over-speeding,Day (06:00-18:00),0.3469,0.6122,0.5306,Summer
2021,4,Maharashtra,Washim,Washim,Rural,State Highway,50,13,15,30,Road Defect / Pothole,Night (18:00-06:00),0.3,0.6,0.48,Summer
2021,5,Maharashtra,Washim,Washim,Rural,State Highway,48,13,16,32,Over-speeding,Night (18:00-06:00),0.3333,0.6667,0.5333,Summer
2021,6,Maharashtra,Washim,Washim,Rural,State Highway,70,16,25,45,Drunk Driving,Day (06:00-18:00),0.3571,0.6429,0.55,Monsoon
2021,7,Maharashtra,Washim,Washim,Rural,State Highway,63,17,20,40,Adverse Weather / Monsoon,Night (18:00-06:00),0.3175,0.6349,0.5079,Monsoon
2021,8,Maharashtra,Washim,Washim,Rural,State Highway,69,17,25,44,Over-speeding,Night (18:00-06:00),0.3623,0.6377,0.5536,Monsoon
2021,9,Maharashtra,Washim,Washim,Rural,State Highway,65,19,23,42,Over-speeding,Night (18:00-06:00),0.3538,0.6462,0.5477,Monsoon
2021,10,Maharashtra,Washim,Washim,Rural,State Highway,47,15,18,29,Over-speeding,Night (18:00-06:00),0.383,0.617,0.5681,Post-Monsoon
2021,11,Maharashtra,Washim,Washim,Rural,State Highway,48,12,16,32,Over-speeding,Day (06:00-18:00),0.3333,0.6667,0.5333,Post-Monsoon
2021,12,Maharashtra,Washim,Washim,Rural,State Highway,51,14,16,35,Dangerous Overtaking,Night (18:00-06:00),0.3137,0.6863,0.5196,Winter
2021,1,Maharashtra,Hingoli,Hingoli,Rural,State Highway,40,10,15,25,Over-speeding,Day (06:00-18:00),0.375,0.625,0.5625,Winter
2021,2,Maharashtra,Hingoli,Hingoli,Rural,State Highway,44,12,13,28,Dangerous Overtaking,Day (06:00-18:00),0.2955,0.6364,0.4864,Winter
2021,3,Maharashtra,Hingoli,Hingoli,Rural,State Highway,43,10,13,30,Over-speeding,Day (06:00-18:00),0.3023,0.6977,0.5116,Summer
2021,4,Maharashtra,Hingoli,Hingoli,Rural,State Highway,44,12,13,26,Over-speeding,Day (06:00-18:00),0.2955,0.5909,0.4727,Summer
2021,5,Maharashtra,Hingoli,Hingoli,Rural,State Highway,40,12,13,27,Adverse Weather / Monsoon,Day (06:00-18:00),0.325,0.675,0.5275,Summer
2021,6,Maharashtra,Hingoli,Hingoli,Rural,State Highway,54,17,19,32,Dangerous Overtaking,Night (18:00-06:00),0.3519,0.5926,0.5296,Monsoon
2021,7,Maharashtra,Hingoli,Hingoli,Rural,State Highway,57,13,20,37,Adverse Weather / Monsoon,Day (06:00-18:00),0.3509,0.6491,0.5456,Monsoon
2021,8,Maharashtra,Hingoli,Hingoli,Rural,State Highway,53,15,21,32,Adverse Weather / Monsoon,Day (06:00-18:00),0.3962,0.6038,0.5774,Monsoon
2021,9,Maharashtra,Hingoli,Hingoli,Rural,State Highway,52,16,16,36,Over-speeding,Night (18:00-06:00),0.3077,0.6923,0.5154,Monsoon
2021,10,Maharashtra,Hingoli,Hingoli,Rural,State Highway,44,10,14,28,Over-speeding,Day (06:00-18:00),0.3182,0.6364,0.5091,Post-Monsoon
2021,11,Maharashtra,Hingoli,Hingoli,Rural,State Highway,42,13,13,25,Dangerous Overtaking,Day (06:00-18:00),0.3095,0.5952,0.4881,Post-Monsoon
2021,12,Maharashtra,Hingoli,Hingoli,Rural,State Highway,44,10,12,26,Over-speeding,Day (06:00-18:00),0.2727,0.5909,0.45,Winter
2021,1,Maharashtra,Gadchiroli,Gadchiroli,Rural,State Highway,39,9,13,24,Drunk Driving,Night (18:00-06:00),0.3333,0.6154,0.5179,Winter
2021,2,Maharashtra,Gadchiroli,Gadchiroli,Rural,State Highway,40,10,14,23,Over-speeding,Night (18:00-06:00),0.35,0.575,0.5225,Winter
2021,3,Maharashtra,Gadchiroli,Gadchiroli,Rural,State Highway,42,9,13,23,Over-speeding,Day (06:00-18:00),0.3095,0.5476,0.4738,Summer
2021,4,Maharashtra,Gadchiroli,Gadchiroli,Rural,State Highway,42,10,15,27,Drunk Driving,Night (18:00-06:00),0.3571,0.6429,0.55,Summer
2021,5,Maharashtra,Gadchiroli,Gadchiroli,Rural,State Highway,39,11,14,25,Dangerous Overtaking,Night (18:00-06:00),0.359,0.641,0.5513,Summer
2021,6,Maharashtra,Gadchiroli,Gadchiroli,Rural,State Highway,52,16,19,31,Over-speeding,Day (06:00-18:00),0.3654,0.5962,0.5442,Monsoon
2021,7,Maharashtra,Gadchiroli,Gadchiroli,Rural,State Highway,52,14,19,33,Over-speeding,Night (18:00-06:00),0.3654,0.6346,0.5558,Monsoon
2021,8,Maharashtra,Gadchiroli,Gadchiroli,Rural,State Highway,53,15,15,33,Over-speeding,Night (18:00-06:00),0.283,0.6226,0.4698,Monsoon
2021,9,Maharashtra,Gadchiroli,Gadchiroli,Rural,State Highway,50,13,16,34,Dangerous Overtaking,Night (18:00-06:00),0.32,0.68,0.524,Monsoon
2021,10,Maharashtra,Gadchiroli,Gadchiroli,Rural,State Highway,39,11,15,24,Over-speeding,Day (06:00-18:00),0.3846,0.6154,0.5692,Post-Monsoon
2021,11,Maharashtra,Gadchiroli,Gadchiroli,Rural,State Highway,42,10,15,27,Drunk Driving,Night (18:00-06:00),0.3571,0.6429,0.55,Post-Monsoon
2021,12,Maharashtra,Gadchiroli,Gadchiroli,Rural,State Highway,39,10,13,26,Over-speeding,Day (06:00-18:00),0.3333,0.6667,0.5333,Winter
2021,1,Maharashtra,Sindhudurg,Sindhudurg,Rural,National Highway,46,13,14,32,Dangerous Overtaking,Night (18:00-06:00),0.3043,0.6957,0.513,Winter
2021,2,Maharashtra,Sindhudurg,Sindhudurg,Rural,National Highway,43,12,15,27,Dangerous Overtaking,Night (18:00-06:00),0.3488,0.6279,0.5372,Winter
2021,3,Maharashtra,Sindhudurg,Sindhudurg,Rural,National Highway,46,13,16,27,Over-speeding,Night (18:00-06:00),0.3478,0.587,0.5239,Summer
2021,4,Maharashtra,Sindhudurg,Sindhudurg,Rural,National Highway,43,12,13,30,Over-speeding,Night (18:00-06:00),0.3023,0.6977,0.5116,Summer
2021,5,Maharashtra,Sindhudurg,Sindhudurg,Rural,National Highway,46,13,15,31,Dangerous Overtaking,Day (06:00-18:00),0.3261,0.6739,0.5283,Summer
2021,6,Maharashtra,Sindhudurg,Sindhudurg,Rural,National Highway,64,16,21,43,Drunk Driving,Night (18:00-06:00),0.3281,0.6719,0.5297,Monsoon
2021,7,Maharashtra,Sindhudurg,Sindhudurg,Rural,National Highway,57,16,18,39,Adverse Weather / Monsoon,Day (06:00-18:00),0.3158,0.6842,0.5211,Monsoon
2021,8,Maharashtra,Sindhudurg,Sindhudurg,Rural,National Highway,65,18,18,43,Adverse Weather / Monsoon,Day (06:00-18:00),0.2769,0.6615,0.4754,Monsoon
2021,9,Maharashtra,Sindhudurg,Sindhudurg,Rural,National Highway,61,15,19,40,Over-speeding,Day (06:00-18:00),0.3115,0.6557,0.5082,Monsoon
2021,10,Maharashtra,Sindhudurg,Sindhudurg,Rural,National Highway,43,11,15,27,Over-speeding,Day (06:00-18:00),0.3488,0.6279,0.5372,Post-Monsoon
2021,11,Maharashtra,Sindhudurg,Sindhudurg,Rural,National Highway,48,11,17,31,Over-speeding,Night (18:00-06:00),0.3542,0.6458,0.5479,Post-Monsoon
2021,12,Maharashtra,Sindhudurg,Sindhudurg,Rural,National Highway,45,12,14,29,Dangerous Overtaking,Day (06:00-18:00),0.3111,0.6444,0.5044,Winter
2021,1,Maharashtra,Palghar,Palghar,Rural,National Highway,115,29,33,73,Over-speeding,Night (18:00-06:00),0.287,0.6348,0.4774,Winter
2021,2,Maharashtra,Palghar,Palghar,Rural,National Highway,111,26,36,75,Dangerous Overtaking,Day (06:00-18:00),0.3243,0.6757,0.527,Winter
2021,3,Maharashtra,Palghar,Palghar,Rural,National Highway,99,32,32,67,Over-speeding,Day (06:00-18:00),0.3232,0.6768,0.5263,Summer
2021,4,Maharashtra,Palghar,Palghar,Rural,National Highway,105,34,35,70,Drunk Driving,Day (06:00-18:00),0.3333,0.6667,0.5333,Summer
2021,5,Maharashtra,Palghar,Palghar,Rural,National Highway,108,31,32,76,Adverse Weather / Monsoon,Day (06:00-18:00),0.2963,0.7037,0.5074,Summer
2021,6,Maharashtra,Palghar,Palghar,Rural,National Highway,139,41,41,98,Drunk Driving,Day (06:00-18:00),0.295,0.705,0.5065,Monsoon
2021,7,Maharashtra,Palghar,Palghar,Rural,National Highway,137,36,45,92,Over-speeding,Night (18:00-06:00),0.3285,0.6715,0.5299,Monsoon
2021,8,Maharashtra,Palghar,Palghar,Rural,National Highway,144,39,44,90,Adverse Weather / Monsoon,Night (18:00-06:00),0.3056,0.625,0.4931,Monsoon
2021,9,Maharashtra,Palghar,Palghar,Rural,National Highway,143,37,41,91,Over-speeding,Night (18:00-06:00),0.2867,0.6364,0.4776,Monsoon
2021,10,Maharashtra,Palghar,Palghar,Rural,National Highway,108,29,31,77,Over-speeding,Night (18:00-06:00),0.287,0.713,0.5009,Post-Monsoon
2021,11,Maharashtra,Palghar,Palghar,Rural,National Highway,103,30,30,73,Over-speeding,Night (18:00-06:00),0.2913,0.7087,0.5039,Post-Monsoon
2021,12,Maharashtra,Palghar,Palghar,Rural,National Highway,100,30,30,68,Dangerous Overtaking,Night (18:00-06:00),0.3,0.68,0.504,Winter
2022,1,Maharashtra,Pune,Pune Rural,Rural,National Highway,271,65,89,182,Over-speeding,Night (18:00-06:00),0.3284,0.6716,0.5299,Winter
2022,2,Maharashtra,Pune,Pune Rural,Rural,National Highway,280,83,89,191,Over-speeding,Day (06:00-18:00),0.3179,0.6821,0.5225,Winter
2022,3,Maharashtra,Pune,Pune Rural,Rural,National Highway,291,75,83,208,Adverse Weather / Monsoon,Night (18:00-06:00),0.2852,0.7148,0.4997,Summer
2022,4,Maharashtra,Pune,Pune Rural,Rural,National Highway,294,76,82,205,Over-speeding,Night (18:00-06:00),0.2789,0.6973,0.4881,Summer
2022,5,Maharashtra,Pune,Pune Rural,Rural,National Highway,293,77,86,207,Over-speeding,Night (18:00-06:00),0.2935,0.7065,0.5055,Summer
2022,6,Maharashtra,Pune,Pune Rural,Rural,National Highway,361,102,102,253,Dangerous Overtaking,Day (06:00-18:00),0.2825,0.7008,0.4928,Monsoon
2022,7,Maharashtra,Pune,Pune Rural,Rural,National Highway,358,93,113,235,Adverse Weather / Monsoon,Night (18:00-06:00),0.3156,0.6564,0.5126,Monsoon
2022,8,Maharashtra,Pune,Pune Rural,Rural,National Highway,353,93,105,245,Adverse Weather / Monsoon,Day (06:00-18:00),0.2975,0.6941,0.5057,Monsoon
2022,9,Maharashtra,Pune,Pune Rural,Rural,National Highway,340,86,109,231,Adverse Weather / Monsoon,Night (18:00-06:00),0.3206,0.6794,0.5244,Monsoon
2022,10,Maharashtra,Pune,Pune Rural,Rural,National Highway,282,81,81,195,Drunk Driving,Day (06:00-18:00),0.2872,0.6915,0.4947,Post-Monsoon
2022,11,Maharashtra,Pune,Pune Rural,Rural,National Highway,298,81,91,178,Over-speeding,Day (06:00-18:00),0.3054,0.5973,0.4846,Post-Monsoon
2022,12,Maharashtra,Pune,Pune Rural,Rural,National Highway,266,63,92,174,Over-speeding,Day (06:00-18:00),0.3459,0.6541,0.5421,Winter
2022,1,Maharashtra,Pune,Pune City,City,Urban / City Road,97,23,29,68,Over-speeding,Day (06:00-18:00),0.299,0.701,0.5093,Winter
2022,2,Maharashtra,Pune,Pune City,City,Urban / City Road,107,24,28,79,Dangerous Overtaking,Day (06:00-18:00),0.2617,0.7383,0.4832,Winter
2022,3,Maharashtra,Pune,Pune City,City,Urban / City Road,111,26,29,68,Adverse Weather / Monsoon,Night (18:00-06:00),0.2613,0.6126,0.445,Summer
2022,4,Maharashtra,Pune,Pune City,City,Urban / City Road,109,24,24,82,Dangerous Overtaking,Day (06:00-18:00),0.2202,0.7523,0.4459,Summer
2022,5,Maharashtra,Pune,Pune City,City,Urban / City Road,111,24,26,75,Adverse Weather / Monsoon,Day (06:00-18:00),0.2342,0.6757,0.4369,Summer
2022,6,Maharashtra,Pune,Pune City,City,Urban / City Road,138,33,37,101,Adverse Weather / Monsoon,Night (18:00-06:00),0.2681,0.7319,0.4877,Monsoon
2022,7,Maharashtra,Pune,Pune City,City,Urban / City Road,130,26,34,96,Adverse Weather / Monsoon,Night (18:00-06:00),0.2615,0.7385,0.4831,Monsoon
2022,8,Maharashtra,Pune,Pune City,City,Urban / City Road,131,31,31,100,Adverse Weather / Monsoon,Night (18:00-06:00),0.2366,0.7634,0.4656,Monsoon
2022,9,Maharashtra,Pune,Pune City,City,Urban / City Road,144,29,40,104,Over-speeding,Day (06:00-18:00),0.2778,0.7222,0.4944,Monsoon
2022,10,Maharashtra,Pune,Pune City,City,Urban / City Road,111,25,27,73,Over-speeding,Day (06:00-18:00),0.2432,0.6577,0.4405,Post-Monsoon
2022,11,Maharashtra,Pune,Pune City,City,Urban / City Road,106,22,28,78,Dangerous Overtaking,Night (18:00-06:00),0.2642,0.7358,0.4849,Post-Monsoon
2022,12,Maharashtra,Pune,Pune City,City,Urban / City Road,104,23,30,74,Over-speeding,Day (06:00-18:00),0.2885,0.7115,0.5019,Winter
2022,1,Maharashtra,Nashik,Nashik Rural,Rural,National Highway,217,59,76,141,Drunk Driving,Day (06:00-18:00),0.3502,0.6498,0.5452,Winter
2022,2,Maharashtra,Nashik,Nashik Rural,Rural,National Highway,208,66,66,136,Over-speeding,Day (06:00-18:00),0.3173,0.6538,0.5135,Winter
2022,3,Maharashtra,Nashik,Nashik Rural,Rural,National Highway,228,70,76,133,Over-speeding,Day (06:00-18:00),0.3333,0.5833,0.5083,Summer
2022,4,Maharashtra,Nashik,Nashik Rural,Rural,National Highway,215,60,68,147,Dangerous Overtaking,Day (06:00-18:00),0.3163,0.6837,0.5214,Summer
2022,5,Maharashtra,Nashik,Nashik Rural,Rural,National Highway,229,60,69,148,Over-speeding,Day (06:00-18:00),0.3013,0.6463,0.4952,Summer
2022,6,Maharashtra,Nashik,Nashik Rural,Rural,National Highway,286,90,109,177,Drunk Driving,Night (18:00-06:00),0.3811,0.6189,0.5668,Monsoon
2022,7,Maharashtra,Nashik,Nashik Rural,Rural,National Highway,295,82,105,182,Adverse Weather / Monsoon,Day (06:00-18:00),0.3559,0.6169,0.541,Monsoon
2022,8,Maharashtra,Nashik,Nashik Rural,Rural,National Highway,316,95,109,207,Adverse Weather / Monsoon,Day (06:00-18:00),0.3449,0.6551,0.5415,Monsoon
2022,9,Maharashtra,Nashik,Nashik Rural,Rural,National Highway,289,93,96,193,Dangerous Overtaking,Day (06:00-18:00),0.3322,0.6678,0.5325,Monsoon
2022,10,Maharashtra,Nashik,Nashik Rural,Rural,National Highway,220,58,78,142,Over-speeding,Day (06:00-18:00),0.3545,0.6455,0.5482,Post-Monsoon
2022,11,Maharashtra,Nashik,Nashik Rural,Rural,National Highway,228,65,70,135,Drunk Driving,Day (06:00-18:00),0.307,0.5921,0.4846,Post-Monsoon
2022,12,Maharashtra,Nashik,Nashik Rural,Rural,National Highway,236,59,78,158,Dangerous Overtaking,Day (06:00-18:00),0.3305,0.6695,0.5314,Winter
2022,1,Maharashtra,Nashik,Nashik City,City,Urban / City Road,59,16,20,39,Over-speeding,Night (18:00-06:00),0.339,0.661,0.5373,Winter
2022,2,Maharashtra,Nashik,Nashik City,City,Urban / City Road,62,15,19,43,Over-speeding,Day (06:00-18:00),0.3065,0.6935,0.5145,Winter
2022,3,Maharashtra,Nashik,Nashik City,City,Urban / City Road,61,14,20,41,Dangerous Overtaking,Day (06:00-18:00),0.3279,0.6721,0.5295,Summer
2022,4,Maharashtra,Nashik,Nashik City,City,Urban / City Road,64,13,19,45,Drunk Driving,Night (18:00-06:00),0.2969,0.7031,0.5078,Summer
2022,5,Maharashtra,Nashik,Nashik City,City,Urban / City Road,60,13,19,40,Adverse Weather / Monsoon,Day (06:00-18:00),0.3167,0.6667,0.5167,Summer
2022,6,Maharashtra,Nashik,Nashik City,City,Urban / City Road,76,22,25,51,Adverse Weather / Monsoon,Night (18:00-06:00),0.3289,0.6711,0.5303,Monsoon
2022,7,Maharashtra,Nashik,Nashik City,City,Urban / City Road,77,19,25,51,Adverse Weather / Monsoon,Day (06:00-18:00),0.3247,0.6623,0.5234,Monsoon
2022,8,Maharashtra,Nashik,Nashik City,City,Urban / City Road,82,20,25,57,Over-speeding,Night (18:00-06:00),0.3049,0.6951,0.5134,Monsoon
2022,9,Maharashtra,Nashik,Nashik City,City,Urban / City Road,74,21,21,53,Adverse Weather / Monsoon,Day (06:00-18:00),0.2838,0.7162,0.4986,Monsoon
2022,10,Maharashtra,Nashik,Nashik City,City,Urban / City Road,56,15,16,40,Over-speeding,Night (18:00-06:00),0.2857,0.7143,0.5,Post-Monsoon
2022,11,Maharashtra,Nashik,Nashik City,City,Urban / City Road,63,15,16,42,Adverse Weather / Monsoon,Night (18:00-06:00),0.254,0.6667,0.454,Post-Monsoon
2022,12,Maharashtra,Nashik,Nashik City,City,Urban / City Road,56,14,19,37,Over-speeding,Day (06:00-18:00),0.3393,0.6607,0.5375,Winter
2022,1,Maharashtra,Solapur,Solapur Rural,Rural,National Highway,168,48,48,108,Dangerous Overtaking,Day (06:00-18:00),0.2857,0.6429,0.4786,Winter
2022,2,Maharashtra,Solapur,Solapur Rural,Rural,National Highway,168,45,55,113,Over-speeding,Day (06:00-18:00),0.3274,0.6726,0.5292,Winter
2022,3,Maharashtra,Solapur,Solapur Rural,Rural,National Highway,163,53,59,104,Over-speeding,Day (06:00-18:00),0.362,0.638,0.5534,Summer
2022,4,Maharashtra,Solapur,Solapur Rural,Rural,National Highway,172,49,52,113,Adverse Weather / Monsoon,Day (06:00-18:00),0.3023,0.657,0.4994,Summer
2022,5,Maharashtra,Solapur,Solapur Rural,Rural,National Highway,174,55,55,119,Over-speeding,Night (18:00-06:00),0.3161,0.6839,0.5213,Summer
2022,6,Maharashtra,Solapur,Solapur Rural,Rural,National Highway,220,71,81,139,Dangerous Overtaking,Day (06:00-18:00),0.3682,0.6318,0.5577,Monsoon
2022,7,Maharashtra,Solapur,Solapur Rural,Rural,National Highway,213,69,69,140,Adverse Weather / Monsoon,Day (06:00-18:00),0.3239,0.6573,0.5211,Monsoon
2022,8,Maharashtra,Solapur,Solapur Rural,Rural,National Highway,215,62,68,147,Adverse Weather / Monsoon,Night (18:00-06:00),0.3163,0.6837,0.5214,Monsoon
2022,9,Maharashtra,Solapur,Solapur Rural,Rural,National Highway,222,64,70,152,Over-speeding,Day (06:00-18:00),0.3153,0.6847,0.5207,Monsoon
2022,10,Maharashtra,Solapur,Solapur Rural,Rural,National Highway,181,47,52,121,Dangerous Overtaking,Day (06:00-18:00),0.2873,0.6685,0.4878,Post-Monsoon
2022,11,Maharashtra,Solapur,Solapur Rural,Rural,National Highway,175,48,48,112,Drunk Driving,Night (18:00-06:00),0.2743,0.64,0.4663,Post-Monsoon
2022,12,Maharashtra,Solapur,Solapur Rural,Rural,National Highway,183,49,63,109,Over-speeding,Night (18:00-06:00),0.3443,0.5956,0.523,Winter
2022,1,Maharashtra,Solapur,Solapur City,City,Urban / City Road,34,8,8,24,Road Defect / Pothole,Night (18:00-06:00),0.2353,0.7059,0.4471,Winter
2022,2,Maharashtra,Solapur,Solapur City,City,Urban / City Road,30,7,8,22,Dangerous Overtaking,Night (18:00-06:00),0.2667,0.7333,0.4867,Winter
2022,3,Maharashtra,Solapur,Solapur City,City,Urban / City Road,34,6,9,22,Over-speeding,Day (06:00-18:00),0.2647,0.6471,0.4588,Summer
2022,4,Maharashtra,Solapur,Solapur City,City,Urban / City Road,32,7,8,21,Dangerous Overtaking,Day (06:00-18:00),0.25,0.6562,0.4469,Summer
2022,5,Maharashtra,Solapur,Solapur City,City,Urban / City Road,32,9,9,22,Over-speeding,Night (18:00-06:00),0.2812,0.6875,0.4875,Summer
2022,6,Maharashtra,Solapur,Solapur City,City,Urban / City Road,43,10,13,30,Over-speeding,Night (18:00-06:00),0.3023,0.6977,0.5116,Monsoon
2022,7,Maharashtra,Solapur,Solapur City,City,Urban / City Road,40,10,10,30,Adverse Weather / Monsoon,Night (18:00-06:00),0.25,0.75,0.475,Monsoon
2022,8,Maharashtra,Solapur,Solapur City,City,Urban / City Road,41,11,11,30,Over-speeding,Night (18:00-06:00),0.2683,0.7317,0.4878,Monsoon
2022,9,Maharashtra,Solapur,Solapur City,City,Urban / City Road,45,9,12,30,Adverse Weather / Monsoon,Day (06:00-18:00),0.2667,0.6667,0.4667,Monsoon
2022,10,Maharashtra,Solapur,Solapur City,City,Urban / City Road,35,7,10,25,Over-speeding,Night (18:00-06:00),0.2857,0.7143,0.5,Post-Monsoon
2022,11,Maharashtra,Solapur,Solapur City,City,Urban / City Road,33,8,9,24,Over-speeding,Night (18:00-06:00),0.2727,0.7273,0.4909,Post-Monsoon
2022,12,Maharashtra,Solapur,Solapur City,City,Urban / City Road,31,7,8,23,Over-speeding,Day (06:00-18:00),0.2581,0.7419,0.4806,Winter
2022,1,Maharashtra,Ahmednagar,Ahmednagar,Rural,State Highway,210,61,61,149,Over-speeding,Night (18:00-06:00),0.2905,0.7095,0.5033,Winter
2022,2,Maharashtra,Ahmednagar,Ahmednagar,Rural,State Highway,218,64,73,145,Over-speeding,Day (06:00-18:00),0.3349,0.6651,0.5344,Winter
2022,3,Maharashtra,Ahmednagar,Ahmednagar,Rural,State Highway,215,68,72,125,Dangerous Overtaking,Day (06:00-18:00),0.3349,0.5814,0.5093,Summer
2022,4,Maharashtra,Ahmednagar,Ahmednagar,Rural,State Highway,214,64,67,147,Over-speeding,Night (18:00-06:00),0.3131,0.6869,0.5192,Summer
2022,5,Maharashtra,Ahmednagar,Ahmednagar,Rural,State Highway,203,54,62,124,Over-speeding,Day (06:00-18:00),0.3054,0.6108,0.4887,Summer
2022,6,Maharashtra,Ahmednagar,Ahmednagar,Rural,State Highway,284,70,99,169,Over-speeding,Day (06:00-18:00),0.3486,0.5951,0.5271,Monsoon
2022,7,Maharashtra,Ahmednagar,Ahmednagar,Rural,State Highway,273,83,83,190,Adverse Weather / Monsoon,Day (06:00-18:00),0.304,0.696,0.5128,Monsoon
2022,8,Maharashtra,Ahmednagar,Ahmednagar,Rural,State Highway,288,72,93,188,Over-speeding,Day (06:00-18:00),0.3229,0.6528,0.5188,Monsoon
2022,9,Maharashtra,Ahmednagar,Ahmednagar,Rural,State Highway,272,75,88,176,Over-speeding,Night (18:00-06:00),0.3235,0.6471,0.5176,Monsoon
2022,10,Maharashtra,Ahmednagar,Ahmednagar,Rural,State Highway,205,61,61,144,Drunk Driving,Day (06:00-18:00),0.2976,0.7024,0.5083,Post-Monsoon
2022,11,Maharashtra,Ahmednagar,Ahmednagar,Rural,State Highway,204,65,75,129,Adverse Weather / Monsoon,Day (06:00-18:00),0.3676,0.6324,0.5574,Post-Monsoon
2022,12,Maharashtra,Ahmednagar,Ahmednagar,Rural,State Highway,227,65,78,148,Dangerous Overtaking,Day (06:00-18:00),0.3436,0.652,0.5392,Winter
2022,1,Maharashtra,Thane,Thane Rural,Rural,National Highway,135,39,40,95,Over-speeding,Day (06:00-18:00),0.2963,0.7037,0.5074,Winter
2022,2,Maharashtra,Thane,Thane Rural,Rural,National Highway,140,35,51,89,Over-speeding,Night (18:00-06:00),0.3643,0.6357,0.555,Winter
2022,3,Maharashtra,Thane,Thane Rural,Rural,National Highway,134,38,48,86,Adverse Weather / Monsoon,Day (06:00-18:00),0.3582,0.6418,0.5507,Summer
2022,4,Maharashtra,Thane,Thane Rural,Rural,National Highway,135,39,39,91,Over-speeding,Day (06:00-18:00),0.2889,0.6741,0.4911,Summer
2022,5,Maharashtra,Thane,Thane Rural,Rural,National Highway,140,44,48,92,Dangerous Overtaking,Day (06:00-18:00),0.3429,0.6571,0.54,Summer
2022,6,Maharashtra,Thane,Thane Rural,Rural,National Highway,173,49,54,113,Over-speeding,Day (06:00-18:00),0.3121,0.6532,0.5081,Monsoon
2022,7,Maharashtra,Thane,Thane Rural,Rural,National Highway,196,55,55,127,Dangerous Overtaking,Day (06:00-18:00),0.2806,0.648,0.475,Monsoon
2022,8,Maharashtra,Thane,Thane Rural,Rural,National Highway,166,57,57,109,Adverse Weather / Monsoon,Night (18:00-06:00),0.3434,0.6566,0.5404,Monsoon
2022,9,Maharashtra,Thane,Thane Rural,Rural,National Highway,179,51,64,112,Over-speeding,Day (06:00-18:00),0.3575,0.6257,0.5453,Monsoon
2022,10,Maharashtra,Thane,Thane Rural,Rural,National Highway,149,40,40,88,Over-speeding,Day (06:00-18:00),0.2685,0.5906,0.4456,Post-Monsoon
2022,11,Maharashtra,Thane,Thane Rural,Rural,National Highway,140,41,50,90,Over-speeding,Day (06:00-18:00),0.3571,0.6429,0.55,Post-Monsoon
2022,12,Maharashtra,Thane,Thane Rural,Rural,National Highway,141,46,51,90,Over-speeding,Night (18:00-06:00),0.3617,0.6383,0.5532,Winter
2022,1,Maharashtra,Thane,Thane City,City,Urban / City Road,105,23,31,74,Over-speeding,Night (18:00-06:00),0.2952,0.7048,0.5067,Winter
2022,2,Maharashtra,Thane,Thane City,City,Urban / City Road,106,26,28,75,Over-speeding,Day (06:00-18:00),0.2642,0.7075,0.4764,Winter
2022,3,Maharashtra,Thane,Thane City,City,Urban / City Road,101,23,30,71,Over-speeding,Night (18:00-06:00),0.297,0.703,0.5079,Summer
2022,4,Maharashtra,Thane,Thane City,City,Urban / City Road,98,24,28,70,Over-speeding,Day (06:00-18:00),0.2857,0.7143,0.5,Summer
2022,5,Maharashtra,Thane,Thane City,City,Urban / City Road,102,27,32,70,Dangerous Overtaking,Night (18:00-06:00),0.3137,0.6863,0.5196,Summer
2022,6,Maharashtra,Thane,Thane City,City,Urban / City Road,132,35,45,87,Over-speeding,Day (06:00-18:00),0.3409,0.6591,0.5386,Monsoon
2022,7,Maharashtra,Thane,Thane City,City,Urban / City Road,141,32,43,98,Adverse Weather / Monsoon,Night (18:00-06:00),0.305,0.695,0.5135,Monsoon
2022,8,Maharashtra,Thane,Thane City,City,Urban / City Road,121,34,37,84,Adverse Weather / Monsoon,Night (18:00-06:00),0.3058,0.6942,0.514,Monsoon
2022,9,Maharashtra,Thane,Thane City,City,Urban / City Road,131,35,42,89,Over-speeding,Night (18:00-06:00),0.3206,0.6794,0.5244,Monsoon
2022,10,Maharashtra,Thane,Thane City,City,Urban / City Road,101,24,27,74,Over-speeding,Day (06:00-18:00),0.2673,0.7327,0.4871,Post-Monsoon
2022,11,Maharashtra,Thane,Thane City,City,Urban / City Road,107,22,35,72,Adverse Weather / Monsoon,Day (06:00-18:00),0.3271,0.6729,0.529,Post-Monsoon
2022,12,Maharashtra,Thane,Thane City,City,Urban / City Road,110,27,34,66,Dangerous Overtaking,Night (18:00-06:00),0.3091,0.6,0.4891,Winter
2022,1,Maharashtra,Mumbai,Mumbai Suburban,City,Urban / Expressway,284,30,30,218,Over-speeding,Day (06:00-18:00),0.1056,0.7676,0.3359,Winter
2022,2,Maharashtra,Mumbai,Mumbai Suburban,City,Urban / Expressway,281,30,33,248,Over-speeding,Night (18:00-06:00),0.1174,0.8826,0.3822,Winter
2022,3,Maharashtra,Mumbai,Mumbai Suburban,City,Urban / Expressway,277,31,32,245,Over-speeding,Night (18:00-06:00),0.1155,0.8845,0.3809,Summer
2022,4,Maharashtra,Mumbai,Mumbai Suburban,City,Urban / Expressway,238,29,30,204,Over-speeding,Day (06:00-18:00),0.1261,0.8571,0.3832,Summer
2022,5,Maharashtra,Mumbai,Mumbai Suburban,City,Urban / Expressway,260,29,31,229,Adverse Weather / Monsoon,Night (18:00-06:00),0.1192,0.8808,0.3835,Summer
2022,6,Maharashtra,Mumbai,Mumbai Suburban,City,Urban / Expressway,335,42,49,279,Over-speeding,Night (18:00-06:00),0.1463,0.8328,0.3961,Monsoon
2022,7,Maharashtra,Mumbai,Mumbai Suburban,City,Urban / Expressway,352,41,48,304,Adverse Weather / Monsoon,Day (06:00-18:00),0.1364,0.8636,0.3955,Monsoon
2022,8,Maharashtra,Mumbai,Mumbai Suburban,City,Urban / Expressway,364,40,40,324,Adverse Weather / Monsoon,Day (06:00-18:00),0.1099,0.8901,0.3769,Monsoon
2022,9,Maharashtra,Mumbai,Mumbai Suburban,City,Urban / Expressway,354,40,42,312,Dangerous Overtaking,Day (06:00-18:00),0.1186,0.8814,0.3831,Monsoon
2022,10,Maharashtra,Mumbai,Mumbai Suburban,City,Urban / Expressway,263,29,36,227,Drunk Driving,Night (18:00-06:00),0.1369,0.8631,0.3958,Post-Monsoon
2022,11,Maharashtra,Mumbai,Mumbai Suburban,City,Urban / Expressway,285,26,37,248,Over-speeding,Day (06:00-18:00),0.1298,0.8702,0.3909,Post-Monsoon
2022,12,Maharashtra,Mumbai,Mumbai Suburban,City,Urban / Expressway,279,31,31,240,Adverse Weather / Monsoon,Night (18:00-06:00),0.1111,0.8602,0.3692,Winter
2022,1,Maharashtra,Mumbai,Mumbai City,City,Urban / City Road,173,18,24,149,Drunk Driving,Day (06:00-18:00),0.1387,0.8613,0.3971,Winter
2022,2,Maharashtra,Mumbai,Mumbai City,City,Urban / City Road,189,21,23,166,Over-speeding,Day (06:00-18:00),0.1217,0.8783,0.3852,Winter
2022,3,Maharashtra,Mumbai,Mumbai City,City,Urban / City Road,188,17,23,154,Over-speeding,Day (06:00-18:00),0.1223,0.8191,0.3681,Summer
2022,4,Maharashtra,Mumbai,Mumbai City,City,Urban / City Road,187,22,23,161,Dangerous Overtaking,Day (06:00-18:00),0.123,0.861,0.3813,Summer
2022,5,Maharashtra,Mumbai,Mumbai City,City,Urban / City Road,172,21,21,142,Over-speeding,Day (06:00-18:00),0.1221,0.8256,0.3698,Summer
2022,6,Maharashtra,Mumbai,Mumbai City,City,Urban / City Road,219,27,28,184,Over-speeding,Day (06:00-18:00),0.1279,0.8402,0.3799,Monsoon
2022,7,Maharashtra,Mumbai,Mumbai City,City,Urban / City Road,240,25,31,203,Adverse Weather / Monsoon,Day (06:00-18:00),0.1292,0.8458,0.3829,Monsoon
2022,8,Maharashtra,Mumbai,Mumbai City,City,Urban / City Road,238,28,34,187,Adverse Weather / Monsoon,Day (06:00-18:00),0.1429,0.7857,0.3786,Monsoon
2022,9,Maharashtra,Mumbai,Mumbai City,City,Urban / City Road,245,28,32,184,Dangerous Overtaking,Night (18:00-06:00),0.1306,0.751,0.3559,Monsoon
2022,10,Maharashtra,Mumbai,Mumbai City,City,Urban / City Road,187,17,20,148,Over-speeding,Day (06:00-18:00),0.107,0.7914,0.3444,Post-Monsoon
2022,11,Maharashtra,Mumbai,Mumbai City,City,Urban / City Road,190,22,22,137,Over-speeding,Day (06:00-18:00),0.1158,0.7211,0.3321,Post-Monsoon
2022,12,Maharashtra,Mumbai,Mumbai City,City,Urban / City Road,181,17,26,155,Over-speeding,Night (18:00-06:00),0.1436,0.8564,0.4006,Winter
2022,1,Maharashtra,Nagpur,Nagpur Rural,Rural,National Highway,135,35,43,92,Over-speeding,Night (18:00-06:00),0.3185,0.6815,0.523,Winter
2022,2,Maharashtra,Nagpur,Nagpur Rural,Rural,National Highway,143,41,48,86,Over-speeding,Night (18:00-06:00),0.3357,0.6014,0.5161,Winter
2022,3,Maharashtra,Nagpur,Nagpur Rural,Rural,National Highway,150,44,52,86,Over-speeding,Day (06:00-18:00),0.3467,0.5733,0.5187,Summer
2022,4,Maharashtra,Nagpur,Nagpur Rural,Rural,National Highway,138,40,41,97,Adverse Weather / Monsoon,Night (18:00-06:00),0.2971,0.7029,0.508,Summer
2022,5,Maharashtra,Nagpur,Nagpur Rural,Rural,National Highway,152,34,40,96,Over-speeding,Day (06:00-18:00),0.2632,0.6316,0.4526,Summer
2022,6,Maharashtra,Nagpur,Nagpur Rural,Rural,National Highway,178,53,57,121,Over-speeding,Night (18:00-06:00),0.3202,0.6798,0.5242,Monsoon
2022,7,Maharashtra,Nagpur,Nagpur Rural,Rural,National Highway,180,48,57,119,Adverse Weather / Monsoon,Night (18:00-06:00),0.3167,0.6611,0.515,Monsoon
2022,8,Maharashtra,Nagpur,Nagpur Rural,Rural,National Highway,186,54,63,123,Adverse Weather / Monsoon,Day (06:00-18:00),0.3387,0.6613,0.5371,Monsoon
2022,9,Maharashtra,Nagpur,Nagpur Rural,Rural,National Highway,192,54,54,114,Over-speeding,Night (18:00-06:00),0.2812,0.5938,0.4594,Monsoon
2022,10,Maharashtra,Nagpur,Nagpur Rural,Rural,National Highway,153,40,41,88,Over-speeding,Night (18:00-06:00),0.268,0.5752,0.4405,Post-Monsoon
2022,11,Maharashtra,Nagpur,Nagpur Rural,Rural,National Highway,153,39,49,95,Over-speeding,Night (18:00-06:00),0.3203,0.6209,0.5065,Post-Monsoon
2022,12,Maharashtra,Nagpur,Nagpur Rural,Rural,National Highway,151,38,48,90,Over-speeding,Night (18:00-06:00),0.3179,0.596,0.4967,Winter
2022,1,Maharashtra,Nagpur,Nagpur City,City,Urban / City Road,98,19,21,77,Over-speeding,Night (18:00-06:00),0.2143,0.7857,0.45,Winter
2022,2,Maharashtra,Nagpur,Nagpur City,City,Urban / City Road,103,18,25,69,Over-speeding,Day (06:00-18:00),0.2427,0.6699,0.4437,Winter
2022,3,Maharashtra,Nagpur,Nagpur City,City,Urban / City Road,101,19,23,78,Over-speeding,Night (18:00-06:00),0.2277,0.7723,0.4594,Summer
2022,4,Maharashtra,Nagpur,Nagpur City,City,Urban / City Road,100,21,24,76,Adverse Weather / Monsoon,Day (06:00-18:00),0.24,0.76,0.468,Summer
2022,5,Maharashtra,Nagpur,Nagpur City,City,Urban / City Road,95,16,19,69,Over-speeding,Day (06:00-18:00),0.2,0.7263,0.4179,Summer
2022,6,Maharashtra,Nagpur,Nagpur City,City,Urban / City Road,117,25,25,86,Dangerous Overtaking,Day (06:00-18:00),0.2137,0.735,0.4342,Monsoon
2022,7,Maharashtra,Nagpur,Nagpur City,City,Urban / City Road,135,26,33,99,Adverse Weather / Monsoon,Night (18:00-06:00),0.2444,0.7333,0.4644,Monsoon
2022,8,Maharashtra,Nagpur,Nagpur City,City,Urban / City Road,135,24,31,103,Adverse Weather / Monsoon,Day (06:00-18:00),0.2296,0.763,0.4585,Monsoon
2022,9,Maharashtra,Nagpur,Nagpur City,City,Urban / City Road,136,23,26,97,Drunk Driving,Night (18:00-06:00),0.1912,0.7132,0.4051,Monsoon
2022,10,Maharashtra,Nagpur,Nagpur City,City,Urban / City Road,99,19,19,80,Drunk Driving,Day (06:00-18:00),0.1919,0.8081,0.4343,Post-Monsoon
2022,11,Maharashtra,Nagpur,Nagpur City,City,Urban / City Road,103,19,22,73,Over-speeding,Night (18:00-06:00),0.2136,0.7087,0.4262,Post-Monsoon
2022,12,Maharashtra,Nagpur,Nagpur City,City,Urban / City Road,96,18,21,66,Dangerous Overtaking,Day (06:00-18:00),0.2188,0.6875,0.425,Winter
2022,1,Maharashtra,Kolhapur,Kolhapur,Rural,National Highway,162,46,53,109,Over-speeding,Night (18:00-06:00),0.3272,0.6728,0.529,Winter
2022,2,Maharashtra,Kolhapur,Kolhapur,Rural,National Highway,168,45,55,100,Road Defect / Pothole,Day (06:00-18:00),0.3274,0.5952,0.506,Winter
2022,3,Maharashtra,Kolhapur,Kolhapur,Rural,National Highway,164,38,50,114,Dangerous Overtaking,Day (06:00-18:00),0.3049,0.6951,0.5134,Summer
2022,4,Maharashtra,Kolhapur,Kolhapur,Rural,National Highway,159,37,51,106,Dangerous Overtaking,Day (06:00-18:00),0.3208,0.6667,0.5208,Summer
2022,5,Maharashtra,Kolhapur,Kolhapur,Rural,National Highway,162,40,47,97,Over-speeding,Night (18:00-06:00),0.2901,0.5988,0.4698,Summer
2022,6,Maharashtra,Kolhapur,Kolhapur,Rural,National Highway,216,59,64,142,Over-speeding,Day (06:00-18:00),0.2963,0.6574,0.4935,Monsoon
2022,7,Maharashtra,Kolhapur,Kolhapur,Rural,National Highway,222,66,69,132,Dangerous Overtaking,Day (06:00-18:00),0.3108,0.5946,0.4892,Monsoon
2022,8,Maharashtra,Kolhapur,Kolhapur,Rural,National Highway,204,52,63,130,Adverse Weather / Monsoon,Day (06:00-18:00),0.3088,0.6373,0.5,Monsoon
2022,9,Maharashtra,Kolhapur,Kolhapur,Rural,National Highway,200,50,60,140,Over-speeding,Night (18:00-06:00),0.3,0.7,0.51,Monsoon
2022,10,Maharashtra,Kolhapur,Kolhapur,Rural,National Highway,155,47,47,108,Over-speeding,Night (18:00-06:00),0.3032,0.6968,0.5123,Post-Monsoon
2022,11,Maharashtra,Kolhapur,Kolhapur,Rural,National Highway,163,45,56,107,Road Defect / Pothole,Day (06:00-18:00),0.3436,0.6564,0.5405,Post-Monsoon
2022,12,Maharashtra,Kolhapur,Kolhapur,Rural,National Highway,158,38,50,94,Over-speeding,Night (18:00-06:00),0.3165,0.5949,0.4949,Winter
2022,1,Maharashtra,Satara,Satara,Rural,National Highway,150,36,49,99,Adverse Weather / Monsoon,Day (06:00-18:00),0.3267,0.66,0.5247,Winter
2022,2,Maharashtra,Satara,Satara,Rural,National Highway,152,46,52,100,Adverse Weather / Monsoon,Day (06:00-18:00),0.3421,0.6579,0.5395,Winter
2022,3,Maharashtra,Satara,Satara,Rural,National Highway,160,39,45,91,Drunk Driving,Day (06:00-18:00),0.2812,0.5688,0.4519,Summer
2022,4,Maharashtra,Satara,Satara,Rural,National Highway,150,44,44,106,Dangerous Overtaking,Night (18:00-06:00),0.2933,0.7067,0.5053,Summer
2022,5,Maharashtra,Satara,Satara,Rural,National Highway,147,47,47,92,Over-speeding,Day (06:00-18:00),0.3197,0.6259,0.5075,Summer
2022,6,Maharashtra,Satara,Satara,Rural,National Highway,195,56,63,122,Over-speeding,Day (06:00-18:00),0.3231,0.6256,0.5108,Monsoon
2022,7,Maharashtra,Satara,Satara,Rural,National Highway,184,55,55,129,Adverse Weather / Monsoon,Night (18:00-06:00),0.2989,0.7011,0.5092,Monsoon
2022,8,Maharashtra,Satara,Satara,Rural,National Highway,196,53,61,135,Adverse Weather / Monsoon,Night (18:00-06:00),0.3112,0.6888,0.5179,Monsoon
2022,9,Maharashtra,Satara,Satara,Rural,National Highway,183,57,57,126,Over-speeding,Night (18:00-06:00),0.3115,0.6885,0.518,Monsoon
2022,10,Maharashtra,Satara,Satara,Rural,National Highway,160,45,55,105,Over-speeding,Day (06:00-18:00),0.3438,0.6562,0.5406,Post-Monsoon
2022,11,Maharashtra,Satara,Satara,Rural,National Highway,149,40,44,96,Over-speeding,Day (06:00-18:00),0.2953,0.6443,0.4886,Post-Monsoon
2022,12,Maharashtra,Satara,Satara,Rural,National Highway,157,36,43,102,Road Defect / Pothole,Day (06:00-18:00),0.2739,0.6497,0.4688,Winter
2022,1,Maharashtra,Jalgaon,Jalgaon,Rural,State Highway,133,41,43,90,Dangerous Overtaking,Day (06:00-18:00),0.3233,0.6767,0.5263,Winter
2022,2,Maharashtra,Jalgaon,Jalgaon,Rural,State Highway,129,37,37,89,Road Defect / Pothole,Day (06:00-18:00),0.2868,0.6899,0.4938,Winter
2022,3,Maharashtra,Jalgaon,Jalgaon,Rural,State Highway,133,39,43,90,Over-speeding,Day (06:00-18:00),0.3233,0.6767,0.5263,Summer
2022,4,Maharashtra,Jalgaon,Jalgaon,Rural,State Highway,128,40,40,85,Drunk Driving,Night (18:00-06:00),0.3125,0.6641,0.5117,Summer
2022,5,Maharashtra,Jalgaon,Jalgaon,Rural,State Highway,134,40,40,82,Over-speeding,Day (06:00-18:00),0.2985,0.6119,0.4821,Summer
2022,6,Maharashtra,Jalgaon,Jalgaon,Rural,State Highway,175,45,52,123,Over-speeding,Night (18:00-06:00),0.2971,0.7029,0.508,Monsoon
2022,7,Maharashtra,Jalgaon,Jalgaon,Rural,State Highway,184,47,47,107,Adverse Weather / Monsoon,Night (18:00-06:00),0.2554,0.5815,0.4299,Monsoon
2022,8,Maharashtra,Jalgaon,Jalgaon,Rural,State Highway,178,48,57,121,Adverse Weather / Monsoon,Night (18:00-06:00),0.3202,0.6798,0.5242,Monsoon
2022,9,Maharashtra,Jalgaon,Jalgaon,Rural,State Highway,173,53,63,102,Over-speeding,Day (06:00-18:00),0.3642,0.5896,0.541,Monsoon
2022,10,Maharashtra,Jalgaon,Jalgaon,Rural,State Highway,125,35,41,84,Road Defect / Pothole,Day (06:00-18:00),0.328,0.672,0.5296,Post-Monsoon
2022,11,Maharashtra,Jalgaon,Jalgaon,Rural,State Highway,138,38,42,91,Over-speeding,Day (06:00-18:00),0.3043,0.6594,0.5022,Post-Monsoon
2022,12,Maharashtra,Jalgaon,Jalgaon,Rural,State Highway,131,40,40,91,Over-speeding,Day (06:00-18:00),0.3053,0.6947,0.5137,Winter
2022,1,Maharashtra,Sangli,Sangli,Rural,State Highway,115,34,34,72,Over-speeding,Day (06:00-18:00),0.2957,0.6261,0.4835,Winter
2022,2,Maharashtra,Sangli,Sangli,Rural,State Highway,126,33,41,85,Adverse Weather / Monsoon,Day (06:00-18:00),0.3254,0.6746,0.5278,Winter
2022,3,Maharashtra,Sangli,Sangli,Rural,State Highway,126,37,43,83,Over-speeding,Night (18:00-06:00),0.3413,0.6587,0.5389,Summer
2022,4,Maharashtra,Sangli,Sangli,Rural,State Highway,114,37,41,73,Adverse Weather / Monsoon,Day (06:00-18:00),0.3596,0.6404,0.5518,Summer
2022,5,Maharashtra,Sangli,Sangli,Rural,State Highway,127,36,36,71,Dangerous Overtaking,Day (06:00-18:00),0.2835,0.5591,0.4512,Summer
2022,6,Maharashtra,Sangli,Sangli,Rural,State Highway,152,46,47,96,Dangerous Overtaking,Day (06:00-18:00),0.3092,0.6316,0.4987,Monsoon
2022,7,Maharashtra,Sangli,Sangli,Rural,State Highway,167,40,44,97,Over-speeding,Day (06:00-18:00),0.2635,0.5808,0.4377,Monsoon
2022,8,Maharashtra,Sangli,Sangli,Rural,State Highway,165,45,54,94,Dangerous Overtaking,Night (18:00-06:00),0.3273,0.5697,0.4982,Monsoon
2022,9,Maharashtra,Sangli,Sangli,Rural,State Highway,159,42,50,109,Over-speeding,Day (06:00-18:00),0.3145,0.6855,0.5201,Monsoon
2022,10,Maharashtra,Sangli,Sangli,Rural,State Highway,118,37,41,77,Over-speeding,Night (18:00-06:00),0.3475,0.6525,0.5432,Post-Monsoon
2022,11,Maharashtra,Sangli,Sangli,Rural,State Highway,120,34,39,81,Over-speeding,Night (18:00-06:00),0.325,0.675,0.5275,Post-Monsoon
2022,12,Maharashtra,Sangli,Sangli,Rural,State Highway,115,34,34,76,Over-speeding,Night (18:00-06:00),0.2957,0.6609,0.4939,Winter
2022,1,Maharashtra,Nanded,Nanded,Rural,State Highway,118,35,41,77,Over-speeding,Day (06:00-18:00),0.3475,0.6525,0.5432,Winter
2022,2,Maharashtra,Nanded,Nanded,Rural,State Highway,115,32,35,74,Over-speeding,Night (18:00-06:00),0.3043,0.6435,0.4974,Winter
2022,3,Maharashtra,Nanded,Nanded,Rural,State Highway,109,35,36,72,Over-speeding,Day (06:00-18:00),0.3303,0.6606,0.5284,Summer
2022,4,Maharashtra,Nanded,Nanded,Rural,State Highway,115,34,39,75,Over-speeding,Night (18:00-06:00),0.3391,0.6522,0.5348,Summer
2022,5,Maharashtra,Nanded,Nanded,Rural,State Highway,117,27,33,79,Adverse Weather / Monsoon,Night (18:00-06:00),0.2821,0.6752,0.4846,Summer
2022,6,Maharashtra,Nanded,Nanded,Rural,State Highway,154,42,49,96,Over-speeding,Night (18:00-06:00),0.3182,0.6234,0.5052,Monsoon
2022,7,Maharashtra,Nanded,Nanded,Rural,State Highway,145,41,50,95,Over-speeding,Day (06:00-18:00),0.3448,0.6552,0.5414,Monsoon
2022,8,Maharashtra,Nanded,Nanded,Rural,State Highway,145,36,55,90,Adverse Weather / Monsoon,Day (06:00-18:00),0.3793,0.6207,0.5655,Monsoon
2022,9,Maharashtra,Nanded,Nanded,Rural,State Highway,151,37,52,91,Adverse Weather / Monsoon,Night (18:00-06:00),0.3444,0.6026,0.5252,Monsoon
2022,10,Maharashtra,Nanded,Nanded,Rural,State Highway,113,30,32,73,Over-speeding,Day (06:00-18:00),0.2832,0.646,0.477,Post-Monsoon
2022,11,Maharashtra,Nanded,Nanded,Rural,State Highway,112,33,35,77,Over-speeding,Night (18:00-06:00),0.3125,0.6875,0.5187,Post-Monsoon
2022,12,Maharashtra,Nanded,Nanded,Rural,State Highway,106,28,40,66,Dangerous Overtaking,Day (06:00-18:00),0.3774,0.6226,0.5642,Winter
2022,1,Maharashtra,Amravati,Amravati Rural,Rural,National Highway,109,27,33,67,Over-speeding,Day (06:00-18:00),0.3028,0.6147,0.4872,Winter
2022,2,Maharashtra,Amravati,Amravati Rural,Rural,National Highway,110,32,37,73,Over-speeding,Night (18:00-06:00),0.3364,0.6636,0.5355,Winter
2022,3,Maharashtra,Amravati,Amravati Rural,Rural,National Highway,109,29,36,73,Dangerous Overtaking,Night (18:00-06:00),0.3303,0.6697,0.5312,Summer
2022,4,Maharashtra,Amravati,Amravati Rural,Rural,National Highway,107,32,38,66,Over-speeding,Day (06:00-18:00),0.3551,0.6168,0.5402,Summer
2022,5,Maharashtra,Amravati,Amravati Rural,Rural,National Highway,101,29,34,67,Road Defect / Pothole,Night (18:00-06:00),0.3366,0.6634,0.5356,Summer
2022,6,Maharashtra,Amravati,Amravati Rural,Rural,National Highway,128,38,43,85,Drunk Driving,Day (06:00-18:00),0.3359,0.6641,0.5352,Monsoon
2022,7,Maharashtra,Amravati,Amravati Rural,Rural,National Highway,134,42,50,81,Adverse Weather / Monsoon,Day (06:00-18:00),0.3731,0.6045,0.5545,Monsoon
2022,8,Maharashtra,Amravati,Amravati Rural,Rural,National Highway,128,37,45,83,Adverse Weather / Monsoon,Day (06:00-18:00),0.3516,0.6484,0.5461,Monsoon
2022,9,Maharashtra,Amravati,Amravati Rural,Rural,National Highway,144,33,49,95,Dangerous Overtaking,Day (06:00-18:00),0.3403,0.6597,0.5382,Monsoon
2022,10,Maharashtra,Amravati,Amravati Rural,Rural,National Highway,95,27,29,62,Dangerous Overtaking,Day (06:00-18:00),0.3053,0.6526,0.5011,Post-Monsoon
2022,11,Maharashtra,Amravati,Amravati Rural,Rural,National Highway,101,28,35,60,Over-speeding,Day (06:00-18:00),0.3465,0.5941,0.5248,Post-Monsoon
2022,12,Maharashtra,Amravati,Amravati Rural,Rural,National Highway,105,32,32,66,Over-speeding,Day (06:00-18:00),0.3048,0.6286,0.4933,Winter
2022,1,Maharashtra,Amravati,Amravati City,City,Urban / City Road,36,8,10,25,Over-speeding,Day (06:00-18:00),0.2778,0.6944,0.4861,Winter
2022,2,Maharashtra,Amravati,Amravati City,City,Urban / City Road,36,9,10,25,Dangerous Overtaking,Night (18:00-06:00),0.2778,0.6944,0.4861,Winter
2022,3,Maharashtra,Amravati,Amravati City,City,Urban / City Road,35,10,11,24,Over-speeding,Night (18:00-06:00),0.3143,0.6857,0.52,Summer
2022,4,Maharashtra,Amravati,Amravati City,City,Urban / City Road,35,9,9,22,Dangerous Overtaking,Night (18:00-06:00),0.2571,0.6286,0.4457,Summer
2022,5,Maharashtra,Amravati,Amravati City,City,Urban / City Road,38,9,9,24,Over-speeding,Day (06:00-18:00),0.2368,0.6316,0.4263,Summer
2022,6,Maharashtra,Amravati,Amravati City,City,Urban / City Road,46,10,13,33,Dangerous Overtaking,Night (18:00-06:00),0.2826,0.7174,0.4978,Monsoon
2022,7,Maharashtra,Amravati,Amravati City,City,Urban / City Road,50,13,13,35,Over-speeding,Day (06:00-18:00),0.26,0.7,0.47,Monsoon
2022,8,Maharashtra,Amravati,Amravati City,City,Urban / City Road,48,12,14,34,Over-speeding,Night (18:00-06:00),0.2917,0.7083,0.5042,Monsoon
2022,9,Maharashtra,Amravati,Amravati City,City,Urban / City Road,50,10,15,35,Over-speeding,Day (06:00-18:00),0.3,0.7,0.51,Monsoon
2022,10,Maharashtra,Amravati,Amravati City,City,Urban / City Road,35,10,11,24,Adverse Weather / Monsoon,Night (18:00-06:00),0.3143,0.6857,0.52,Post-Monsoon
2022,11,Maharashtra,Amravati,Amravati City,City,Urban / City Road,36,8,11,24,Adverse Weather / Monsoon,Night (18:00-06:00),0.3056,0.6667,0.5056,Post-Monsoon
2022,12,Maharashtra,Amravati,Amravati City,City,Urban / City Road,38,8,12,26,Over-speeding,Night (18:00-06:00),0.3158,0.6842,0.5211,Winter
2022,1,Maharashtra,Raigad,Raigad,Rural,National Highway,139,40,47,91,Over-speeding,Night (18:00-06:00),0.3381,0.6547,0.5345,Winter
2022,2,Maharashtra,Raigad,Raigad,Rural,National Highway,149,41,41,97,Over-speeding,Day (06:00-18:00),0.2752,0.651,0.4705,Winter
2022,3,Maharashtra,Raigad,Raigad,Rural,National Highway,150,40,49,96,Over-speeding,Day (06:00-18:00),0.3267,0.64,0.5187,Summer
2022,4,Maharashtra,Raigad,Raigad,Rural,National Highway,144,41,42,102,Over-speeding,Day (06:00-18:00),0.2917,0.7083,0.5042,Summer
2022,5,Maharashtra,Raigad,Raigad,Rural,National Highway,152,43,51,101,Over-speeding,Night (18:00-06:00),0.3355,0.6645,0.5349,Summer
2022,6,Maharashtra,Raigad,Raigad,Rural,National Highway,182,50,58,124,Adverse Weather / Monsoon,Night (18:00-06:00),0.3187,0.6813,0.5231,Monsoon
2022,7,Maharashtra,Raigad,Raigad,Rural,National Highway,173,50,54,119,Adverse Weather / Monsoon,Night (18:00-06:00),0.3121,0.6879,0.5185,Monsoon
2022,8,Maharashtra,Raigad,Raigad,Rural,National Highway,190,52,67,117,Adverse Weather / Monsoon,Night (18:00-06:00),0.3526,0.6158,0.5374,Monsoon
2022,9,Maharashtra,Raigad,Raigad,Rural,National Highway,193,50,58,135,Over-speeding,Night (18:00-06:00),0.3005,0.6995,0.5104,Monsoon
2022,10,Maharashtra,Raigad,Raigad,Rural,National Highway,147,40,43,102,Over-speeding,Night (18:00-06:00),0.2925,0.6939,0.5007,Post-Monsoon
2022,11,Maharashtra,Raigad,Raigad,Rural,National Highway,141,40,40,101,Road Defect / Pothole,Night (18:00-06:00),0.2837,0.7163,0.4986,Post-Monsoon
2022,12,Maharashtra,Raigad,Raigad,Rural,National Highway,152,44,50,96,Over-speeding,Night (18:00-06:00),0.3289,0.6316,0.5184,Winter
2022,1,Maharashtra,Buldhana,Buldhana,Rural,National Highway,98,27,33,65,Over-speeding,Day (06:00-18:00),0.3367,0.6633,0.5357,Winter
2022,2,Maharashtra,Buldhana,Buldhana,Rural,National Highway,104,28,32,59,Over-speeding,Day (06:00-18:00),0.3077,0.5673,0.4779,Winter
2022,3,Maharashtra,Buldhana,Buldhana,Rural,National Highway,101,29,29,60,Over-speeding,Day (06:00-18:00),0.2871,0.5941,0.4653,Summer
2022,4,Maharashtra,Buldhana,Buldhana,Rural,National Highway,101,31,35,66,Over-speeding,Day (06:00-18:00),0.3465,0.6535,0.5426,Summer
2022,5,Maharashtra,Buldhana,Buldhana,Rural,National Highway,104,26,37,67,Over-speeding,Day (06:00-18:00),0.3558,0.6442,0.549,Summer
2022,6,Maharashtra,Buldhana,Buldhana,Rural,National Highway,126,37,37,80,Dangerous Overtaking,Day (06:00-18:00),0.2937,0.6349,0.4841,Monsoon
2022,7,Maharashtra,Buldhana,Buldhana,Rural,National Highway,139,39,39,90,Adverse Weather / Monsoon,Night (18:00-06:00),0.2806,0.6475,0.4748,Monsoon
2022,8,Maharashtra,Buldhana,Buldhana,Rural,National Highway,124,36,39,79,Road Defect / Pothole,Night (18:00-06:00),0.3145,0.6371,0.5056,Monsoon
2022,9,Maharashtra,Buldhana,Buldhana,Rural,National Highway,130,38,43,78,Dangerous Overtaking,Day (06:00-18:00),0.3308,0.6,0.5108,Monsoon
2022,10,Maharashtra,Buldhana,Buldhana,Rural,National Highway,105,32,35,58,Over-speeding,Day (06:00-18:00),0.3333,0.5524,0.499,Post-Monsoon
2022,11,Maharashtra,Buldhana,Buldhana,Rural,National Highway,91,29,30,61,Over-speeding,Night (18:00-06:00),0.3297,0.6703,0.5308,Post-Monsoon
2022,12,Maharashtra,Buldhana,Buldhana,Rural,National Highway,100,27,31,64,Over-speeding,Night (18:00-06:00),0.31,0.64,0.502,Winter
2022,1,Maharashtra,Beed,Beed,Rural,State Highway,110,33,39,71,Over-speeding,Day (06:00-18:00),0.3545,0.6455,0.5482,Winter
2022,2,Maharashtra,Beed,Beed,Rural,State Highway,111,28,35,65,Over-speeding,Night (18:00-06:00),0.3153,0.5856,0.491,Winter
2022,3,Maharashtra,Beed,Beed,Rural,State Highway,107,30,36,71,Adverse Weather / Monsoon,Night (18:00-06:00),0.3364,0.6636,0.5355,Summer
2022,4,Maharashtra,Beed,Beed,Rural,State Highway,104,30,30,71,Dangerous Overtaking,Night (18:00-06:00),0.2885,0.6827,0.4933,Summer
2022,5,Maharashtra,Beed,Beed,Rural,State Highway,110,28,37,73,Over-speeding,Night (18:00-06:00),0.3364,0.6636,0.5355,Summer
2022,6,Maharashtra,Beed,Beed,Rural,State Highway,133,43,46,87,Drunk Driving,Night (18:00-06:00),0.3459,0.6541,0.5421,Monsoon
2022,7,Maharashtra,Beed,Beed,Rural,State Highway,141,40,45,93,Adverse Weather / Monsoon,Day (06:00-18:00),0.3191,0.6596,0.517,Monsoon
2022,8,Maharashtra,Beed,Beed,Rural,State Highway,131,35,43,88,Adverse Weather / Monsoon,Day (06:00-18:00),0.3282,0.6718,0.5298,Monsoon
2022,9,Maharashtra,Beed,Beed,Rural,State Highway,151,46,47,95,Dangerous Overtaking,Day (06:00-18:00),0.3113,0.6291,0.5,Monsoon
2022,10,Maharashtra,Beed,Beed,Rural,State Highway,99,30,30,67,Drunk Driving,Day (06:00-18:00),0.303,0.6768,0.5061,Post-Monsoon
2022,11,Maharashtra,Beed,Beed,Rural,State Highway,112,28,32,67,Over-speeding,Day (06:00-18:00),0.2857,0.5982,0.4652,Post-Monsoon
2022,12,Maharashtra,Beed,Beed,Rural,State Highway,111,29,31,74,Over-speeding,Night (18:00-06:00),0.2793,0.6667,0.4793,Winter
2022,1,Maharashtra,Yavatmal,Yavatmal,Rural,State Highway,108,27,29,63,Drunk Driving,Night (18:00-06:00),0.2685,0.5833,0.4435,Winter
2022,2,Maharashtra,Yavatmal,Yavatmal,Rural,State Highway,105,25,36,69,Dangerous Overtaking,Day (06:00-18:00),0.3429,0.6571,0.54,Winter
2022,3,Maharashtra,Yavatmal,Yavatmal,Rural,State Highway,106,26,35,64,Over-speeding,Day (06:00-18:00),0.3302,0.6038,0.5113,Summer
2022,4,Maharashtra,Yavatmal,Yavatmal,Rural,State Highway,107,30,30,65,Over-speeding,Night (18:00-06:00),0.2804,0.6075,0.4626,Summer
2022,5,Maharashtra,Yavatmal,Yavatmal,Rural,State Highway,105,26,33,60,Over-speeding,Day (06:00-18:00),0.3143,0.5714,0.4857,Summer
2022,6,Maharashtra,Yavatmal,Yavatmal,Rural,State Highway,142,38,50,92,Dangerous Overtaking,Day (06:00-18:00),0.3521,0.6479,0.5465,Monsoon
2022,7,Maharashtra,Yavatmal,Yavatmal,Rural,State Highway,138,42,43,82,Adverse Weather / Monsoon,Night (18:00-06:00),0.3116,0.5942,0.4899,Monsoon
2022,8,Maharashtra,Yavatmal,Yavatmal,Rural,State Highway,139,32,49,85,Adverse Weather / Monsoon,Night (18:00-06:00),0.3525,0.6115,0.536,Monsoon
2022,9,Maharashtra,Yavatmal,Yavatmal,Rural,State Highway,123,40,44,79,Drunk Driving,Night (18:00-06:00),0.3577,0.6423,0.5504,Monsoon
2022,10,Maharashtra,Yavatmal,Yavatmal,Rural,State Highway,107,25,32,65,Over-speeding,Night (18:00-06:00),0.2991,0.6075,0.4813,Post-Monsoon
2022,11,Maharashtra,Yavatmal,Yavatmal,Rural,State Highway,99,29,36,63,Over-speeding,Night (18:00-06:00),0.3636,0.6364,0.5545,Post-Monsoon
2022,12,Maharashtra,Yavatmal,Yavatmal,Rural,State Highway,100,31,31,62,Over-speeding,Day (06:00-18:00),0.31,0.62,0.496,Winter
2022,1,Maharashtra,Chandrapur,Chandrapur,Rural,National Highway,91,25,35,56,Over-speeding,Night (18:00-06:00),0.3846,0.6154,0.5692,Winter
2022,2,Maharashtra,Chandrapur,Chandrapur,Rural,National Highway,92,23,33,58,Drunk Driving,Day (06:00-18:00),0.3587,0.6304,0.5478,Winter
2022,3,Maharashtra,Chandrapur,Chandrapur,Rural,National Highway,98,27,27,59,Dangerous Overtaking,Day (06:00-18:00),0.2755,0.602,0.4561,Summer
2022,4,Maharashtra,Chandrapur,Chandrapur,Rural,National Highway,87,23,28,59,Over-speeding,Night (18:00-06:00),0.3218,0.6782,0.5253,Summer
2022,5,Maharashtra,Chandrapur,Chandrapur,Rural,National Highway,97,27,32,60,Over-speeding,Day (06:00-18:00),0.3299,0.6186,0.5155,Summer
2022,6,Maharashtra,Chandrapur,Chandrapur,Rural,National Highway,129,29,37,83,Over-speeding,Night (18:00-06:00),0.2868,0.6434,0.4798,Monsoon
2022,7,Maharashtra,Chandrapur,Chandrapur,Rural,National Highway,130,30,35,80,Dangerous Overtaking,Night (18:00-06:00),0.2692,0.6154,0.4538,Monsoon
2022,8,Maharashtra,Chandrapur,Chandrapur,Rural,National Highway,123,29,38,84,Adverse Weather / Monsoon,Day (06:00-18:00),0.3089,0.6829,0.5138,Monsoon
2022,9,Maharashtra,Chandrapur,Chandrapur,Rural,National Highway,123,38,45,78,Over-speeding,Night (18:00-06:00),0.3659,0.6341,0.5561,Monsoon
2022,10,Maharashtra,Chandrapur,Chandrapur,Rural,National Highway,91,28,28,57,Over-speeding,Day (06:00-18:00),0.3077,0.6264,0.4956,Post-Monsoon
2022,11,Maharashtra,Chandrapur,Chandrapur,Rural,National Highway,94,25,32,59,Over-speeding,Night (18:00-06:00),0.3404,0.6277,0.5287,Post-Monsoon
2022,12,Maharashtra,Chandrapur,Chandrapur,Rural,National Highway,102,24,35,67,Over-speeding,Night (18:00-06:00),0.3431,0.6569,0.5402,Winter
2022,1,Maharashtra,Latur,Latur,Rural,State Highway,85,25,25,60,Over-speeding,Night (18:00-06:00),0.2941,0.7059,0.5059,Winter
2022,2,Maharashtra,Latur,Latur,Rural,State Highway,88,23,32,56,Over-speeding,Day (06:00-18:00),0.3636,0.6364,0.5545,Winter
2022,3,Maharashtra,Latur,Latur,Rural,State Highway,91,22,26,57,Dangerous Overtaking,Day (06:00-18:00),0.2857,0.6264,0.4736,Summer
2022,4,Maharashtra,Latur,Latur,Rural,State Highway,90,23,32,58,Dangerous Overtaking,Day (06:00-18:00),0.3556,0.6444,0.5489,Summer
2022,5,Maharashtra,Latur,Latur,Rural,State Highway,92,24,31,57,Dangerous Overtaking,Night (18:00-06:00),0.337,0.6196,0.5228,Summer
2022,6,Maharashtra,Latur,Latur,Rural,State Highway,120,30,36,70,Over-speeding,Day (06:00-18:00),0.3,0.5833,0.475,Monsoon
2022,7,Maharashtra,Latur,Latur,Rural,State Highway,120,34,40,76,Adverse Weather / Monsoon,Night (18:00-06:00),0.3333,0.6333,0.5233,Monsoon
2022,8,Maharashtra,Latur,Latur,Rural,State Highway,112,34,42,70,Adverse Weather / Monsoon,Day (06:00-18:00),0.375,0.625,0.5625,Monsoon
2022,9,Maharashtra,Latur,Latur,Rural,State Highway,116,28,35,81,Dangerous Overtaking,Night (18:00-06:00),0.3017,0.6983,0.5112,Monsoon
2022,10,Maharashtra,Latur,Latur,Rural,State Highway,88,25,27,58,Road Defect / Pothole,Day (06:00-18:00),0.3068,0.6591,0.5045,Post-Monsoon
2022,11,Maharashtra,Latur,Latur,Rural,State Highway,93,26,32,61,Over-speeding,Night (18:00-06:00),0.3441,0.6559,0.5409,Post-Monsoon
2022,12,Maharashtra,Latur,Latur,Rural,State Highway,88,25,25,56,Over-speeding,Day (06:00-18:00),0.2841,0.6364,0.475,Winter
2022,1,Maharashtra,Dhule,Dhule,Rural,National Highway,83,29,30,53,Over-speeding,Day (06:00-18:00),0.3614,0.6386,0.553,Winter
2022,2,Maharashtra,Dhule,Dhule,Rural,National Highway,96,28,32,64,Dangerous Overtaking,Day (06:00-18:00),0.3333,0.6667,0.5333,Winter
2022,3,Maharashtra,Dhule,Dhule,Rural,National Highway,96,27,33,61,Adverse Weather / Monsoon,Night (18:00-06:00),0.3438,0.6354,0.5344,Summer
2022,4,Maharashtra,Dhule,Dhule,Rural,National Highway,89,23,32,57,Over-speeding,Day (06:00-18:00),0.3596,0.6404,0.5517,Summer
2022,5,Maharashtra,Dhule,Dhule,Rural,National Highway,89,27,27,62,Road Defect / Pothole,Day (06:00-18:00),0.3034,0.6966,0.5124,Summer
2022,6,Maharashtra,Dhule,Dhule,Rural,National Highway,125,31,45,80,Drunk Driving,Day (06:00-18:00),0.36,0.64,0.552,Monsoon
2022,7,Maharashtra,Dhule,Dhule,Rural,National Highway,125,30,43,71,Over-speeding,Day (06:00-18:00),0.344,0.568,0.5144,Monsoon
2022,8,Maharashtra,Dhule,Dhule,Rural,National Highway,117,37,37,75,Over-speeding,Day (06:00-18:00),0.3162,0.641,0.5085,Monsoon
2022,9,Maharashtra,Dhule,Dhule,Rural,National Highway,119,31,37,82,Road Defect / Pothole,Day (06:00-18:00),0.3109,0.6891,0.5176,Monsoon
2022,10,Maharashtra,Dhule,Dhule,Rural,National Highway,88,28,31,57,Adverse Weather / Monsoon,Day (06:00-18:00),0.3523,0.6477,0.5466,Post-Monsoon
2022,11,Maharashtra,Dhule,Dhule,Rural,National Highway,93,30,31,62,Over-speeding,Day (06:00-18:00),0.3333,0.6667,0.5333,Post-Monsoon
2022,12,Maharashtra,Dhule,Dhule,Rural,National Highway,90,28,28,62,Dangerous Overtaking,Night (18:00-06:00),0.3111,0.6889,0.5178,Winter
2022,1,Maharashtra,Jalna,Jalna,Rural,State Highway,88,27,33,55,Dangerous Overtaking,Day (06:00-18:00),0.375,0.625,0.5625,Winter
2022,2,Maharashtra,Jalna,Jalna,Rural,State Highway,91,24,30,59,Dangerous Overtaking,Day (06:00-18:00),0.3297,0.6484,0.5242,Winter
2022,3,Maharashtra,Jalna,Jalna,Rural,State Highway,90,26,29,61,Adverse Weather / Monsoon,Day (06:00-18:00),0.3222,0.6778,0.5256,Summer
2022,4,Maharashtra,Jalna,Jalna,Rural,State Highway,91,27,29,54,Over-speeding,Night (18:00-06:00),0.3187,0.5934,0.4967,Summer
2022,5,Maharashtra,Jalna,Jalna,Rural,State Highway,87,28,31,56,Over-speeding,Night (18:00-06:00),0.3563,0.6437,0.5494,Summer
2022,6,Maharashtra,Jalna,Jalna,Rural,State Highway,120,32,36,78,Dangerous Overtaking,Day (06:00-18:00),0.3,0.65,0.495,Monsoon
2022,7,Maharashtra,Jalna,Jalna,Rural,State Highway,125,35,43,82,Adverse Weather / Monsoon,Day (06:00-18:00),0.344,0.656,0.5408,Monsoon
2022,8,Maharashtra,Jalna,Jalna,Rural,State Highway,120,33,33,75,Adverse Weather / Monsoon,Night (18:00-06:00),0.275,0.625,0.4625,Monsoon
2022,9,Maharashtra,Jalna,Jalna,Rural,State Highway,114,32,40,74,Drunk Driving,Day (06:00-18:00),0.3509,0.6491,0.5456,Monsoon
2022,10,Maharashtra,Jalna,Jalna,Rural,State Highway,94,26,26,59,Over-speeding,Day (06:00-18:00),0.2766,0.6277,0.4649,Post-Monsoon
2022,11,Maharashtra,Jalna,Jalna,Rural,State Highway,92,24,32,57,Over-speeding,Day (06:00-18:00),0.3478,0.6196,0.5337,Post-Monsoon
2022,12,Maharashtra,Jalna,Jalna,Rural,State Highway,86,26,26,59,Adverse Weather / Monsoon,Night (18:00-06:00),0.3023,0.686,0.5081,Winter
2022,1,Maharashtra,Parbhani,Parbhani,Rural,State Highway,78,21,25,51,Dangerous Overtaking,Day (06:00-18:00),0.3205,0.6538,0.5167,Winter
2022,2,Maharashtra,Parbhani,Parbhani,Rural,State Highway,75,22,28,47,Dangerous Overtaking,Night (18:00-06:00),0.3733,0.6267,0.5613,Winter
2022,3,Maharashtra,Parbhani,Parbhani,Rural,State Highway,74,19,26,48,Dangerous Overtaking,Day (06:00-18:00),0.3514,0.6486,0.5459,Summer
2022,4,Maharashtra,Parbhani,Parbhani,Rural,State Highway,70,18,25,45,Drunk Driving,Day (06:00-18:00),0.3571,0.6429,0.55,Summer
2022,5,Maharashtra,Parbhani,Parbhani,Rural,State Highway,74,19,28,46,Dangerous Overtaking,Night (18:00-06:00),0.3784,0.6216,0.5649,Summer
2022,6,Maharashtra,Parbhani,Parbhani,Rural,State Highway,101,29,36,58,Over-speeding,Day (06:00-18:00),0.3564,0.5743,0.5287,Monsoon
2022,7,Maharashtra,Parbhani,Parbhani,Rural,State Highway,90,28,34,56,Drunk Driving,Day (06:00-18:00),0.3778,0.6222,0.5644,Monsoon
2022,8,Maharashtra,Parbhani,Parbhani,Rural,State Highway,97,27,32,56,Adverse Weather / Monsoon,Night (18:00-06:00),0.3299,0.5773,0.5031,Monsoon
2022,9,Maharashtra,Parbhani,Parbhani,Rural,State Highway,99,29,32,67,Over-speeding,Day (06:00-18:00),0.3232,0.6768,0.5263,Monsoon
2022,10,Maharashtra,Parbhani,Parbhani,Rural,State Highway,75,18,25,48,Over-speeding,Day (06:00-18:00),0.3333,0.64,0.5253,Post-Monsoon
2022,11,Maharashtra,Parbhani,Parbhani,Rural,State Highway,72,20,27,45,Over-speeding,Night (18:00-06:00),0.375,0.625,0.5625,Post-Monsoon
2022,12,Maharashtra,Parbhani,Parbhani,Rural,State Highway,73,19,24,49,Over-speeding,Day (06:00-18:00),0.3288,0.6712,0.5301,Winter
2022,1,Maharashtra,Akola,Akola,Rural,National Highway,78,22,28,50,Adverse Weather / Monsoon,Night (18:00-06:00),0.359,0.641,0.5513,Winter
2022,2,Maharashtra,Akola,Akola,Rural,National Highway,76,18,29,47,Adverse Weather / Monsoon,Day (06:00-18:00),0.3816,0.6184,0.5671,Winter
2022,3,Maharashtra,Akola,Akola,Rural,National Highway,72,22,24,48,Dangerous Overtaking,Night (18:00-06:00),0.3333,0.6667,0.5333,Summer
2022,4,Maharashtra,Akola,Akola,Rural,National Highway,76,23,23,46,Over-speeding,Day (06:00-18:00),0.3026,0.6053,0.4842,Summer
2022,5,Maharashtra,Akola,Akola,Rural,National Highway,75,19,22,46,Over-speeding,Night (18:00-06:00),0.2933,0.6133,0.4773,Summer
2022,6,Maharashtra,Akola,Akola,Rural,National Highway,103,26,36,60,Road Defect / Pothole,Day (06:00-18:00),0.3495,0.5825,0.5243,Monsoon
2022,7,Maharashtra,Akola,Akola,Rural,National Highway,104,30,30,62,Adverse Weather / Monsoon,Night (18:00-06:00),0.2885,0.5962,0.4673,Monsoon
2022,8,Maharashtra,Akola,Akola,Rural,National Highway,93,30,34,58,Adverse Weather / Monsoon,Day (06:00-18:00),0.3656,0.6237,0.5527,Monsoon
2022,9,Maharashtra,Akola,Akola,Rural,National Highway,100,28,30,60,Over-speeding,Day (06:00-18:00),0.3,0.6,0.48,Monsoon
2022,10,Maharashtra,Akola,Akola,Rural,National Highway,67,22,22,45,Dangerous Overtaking,Day (06:00-18:00),0.3284,0.6716,0.5299,Post-Monsoon
2022,11,Maharashtra,Akola,Akola,Rural,National Highway,78,21,25,53,Adverse Weather / Monsoon,Night (18:00-06:00),0.3205,0.6795,0.5244,Post-Monsoon
2022,12,Maharashtra,Akola,Akola,Rural,National Highway,78,20,25,53,Dangerous Overtaking,Day (06:00-18:00),0.3205,0.6795,0.5244,Winter
2022,1,Maharashtra,Dharashiv,Dharashiv (Osmanabad),Rural,National Highway,73,23,23,49,Over-speeding,Day (06:00-18:00),0.3151,0.6712,0.5164,Winter
2022,2,Maharashtra,Dharashiv,Dharashiv (Osmanabad),Rural,National Highway,82,22,22,47,Adverse Weather / Monsoon,Night (18:00-06:00),0.2683,0.5732,0.4402,Winter
2022,3,Maharashtra,Dharashiv,Dharashiv (Osmanabad),Rural,National Highway,74,21,27,47,Adverse Weather / Monsoon,Day (06:00-18:00),0.3649,0.6351,0.5554,Summer
2022,4,Maharashtra,Dharashiv,Dharashiv (Osmanabad),Rural,National Highway,78,21,24,54,Over-speeding,Night (18:00-06:00),0.3077,0.6923,0.5154,Summer
2022,5,Maharashtra,Dharashiv,Dharashiv (Osmanabad),Rural,National Highway,84,20,23,54,Over-speeding,Day (06:00-18:00),0.2738,0.6429,0.4667,Summer
2022,6,Maharashtra,Dharashiv,Dharashiv (Osmanabad),Rural,National Highway,97,32,35,62,Over-speeding,Night (18:00-06:00),0.3608,0.6392,0.5526,Monsoon
2022,7,Maharashtra,Dharashiv,Dharashiv (Osmanabad),Rural,National Highway,106,32,35,66,Drunk Driving,Day (06:00-18:00),0.3302,0.6226,0.517,Monsoon
2022,8,Maharashtra,Dharashiv,Dharashiv (Osmanabad),Rural,National Highway,106,33,34,65,Adverse Weather / Monsoon,Day (06:00-18:00),0.3208,0.6132,0.5047,Monsoon
2022,9,Maharashtra,Dharashiv,Dharashiv (Osmanabad),Rural,National Highway,107,33,34,66,Dangerous Overtaking,Day (06:00-18:00),0.3178,0.6168,0.5028,Monsoon
2022,10,Maharashtra,Dharashiv,Dharashiv (Osmanabad),Rural,National Highway,77,22,24,53,Dangerous Overtaking,Night (18:00-06:00),0.3117,0.6883,0.5182,Post-Monsoon
2022,11,Maharashtra,Dharashiv,Dharashiv (Osmanabad),Rural,National Highway,80,19,26,54,Road Defect / Pothole,Day (06:00-18:00),0.325,0.675,0.5275,Post-Monsoon
2022,12,Maharashtra,Dharashiv,Dharashiv (Osmanabad),Rural,National Highway,76,23,24,52,Drunk Driving,Day (06:00-18:00),0.3158,0.6842,0.5211,Winter
2022,1,Maharashtra,Nandurbar,Nandurbar,Rural,State Highway,63,16,22,39,Over-speeding,Day (06:00-18:00),0.3492,0.619,0.5349,Winter
2022,2,Maharashtra,Nandurbar,Nandurbar,Rural,State Highway,64,19,20,39,Over-speeding,Night (18:00-06:00),0.3125,0.6094,0.4953,Winter
2022,3,Maharashtra,Nandurbar,Nandurbar,Rural,State Highway,59,15,20,38,Over-speeding,Day (06:00-18:00),0.339,0.6441,0.5322,Summer
2022,4,Maharashtra,Nandurbar,Nandurbar,Rural,State Highway,58,19,19,38,Drunk Driving,Day (06:00-18:00),0.3276,0.6552,0.5241,Summer
2022,5,Maharashtra,Nandurbar,Nandurbar,Rural,State Highway,62,19,19,39,Drunk Driving,Day (06:00-18:00),0.3065,0.629,0.4952,Summer
2022,6,Maharashtra,Nandurbar,Nandurbar,Rural,State Highway,79,20,28,51,Over-speeding,Night (18:00-06:00),0.3544,0.6456,0.5481,Monsoon
2022,7,Maharashtra,Nandurbar,Nandurbar,Rural,State Highway,86,25,27,51,Adverse Weather / Monsoon,Night (18:00-06:00),0.314,0.593,0.4919,Monsoon
2022,8,Maharashtra,Nandurbar,Nandurbar,Rural,State Highway,83,23,25,48,Adverse Weather / Monsoon,Night (18:00-06:00),0.3012,0.5783,0.4747,Monsoon
2022,9,Maharashtra,Nandurbar,Nandurbar,Rural,State Highway,84,20,26,55,Over-speeding,Night (18:00-06:00),0.3095,0.6548,0.506,Monsoon
2022,10,Maharashtra,Nandurbar,Nandurbar,Rural,State Highway,56,20,20,36,Over-speeding,Day (06:00-18:00),0.3571,0.6429,0.55,Post-Monsoon
2022,11,Maharashtra,Nandurbar,Nandurbar,Rural,State Highway,64,16,23,36,Dangerous Overtaking,Day (06:00-18:00),0.3594,0.5625,0.5281,Post-Monsoon
2022,12,Maharashtra,Nandurbar,Nandurbar,Rural,State Highway,61,16,18,40,Over-speeding,Night (18:00-06:00),0.2951,0.6557,0.4918,Winter
2022,1,Maharashtra,Ratnagiri,Ratnagiri,Rural,National Highway,70,22,22,48,Dangerous Overtaking,Day (06:00-18:00),0.3143,0.6857,0.52,Winter
2022,2,Maharashtra,Ratnagiri,Ratnagiri,Rural,National Highway,78,19,26,52,Dangerous Overtaking,Day (06:00-18:00),0.3333,0.6667,0.5333,Winter
2022,3,Maharashtra,Ratnagiri,Ratnagiri,Rural,National Highway,74,19,25,48,Over-speeding,Day (06:00-18:00),0.3378,0.6486,0.5324,Summer
2022,4,Maharashtra,Ratnagiri,Ratnagiri,Rural,National Highway,77,23,24,47,Over-speeding,Night (18:00-06:00),0.3117,0.6104,0.4948,Summer
2022,5,Maharashtra,Ratnagiri,Ratnagiri,Rural,National Highway,74,18,25,48,Over-speeding,Night (18:00-06:00),0.3378,0.6486,0.5324,Summer
2022,6,Maharashtra,Ratnagiri,Ratnagiri,Rural,National Highway,99,29,36,63,Over-speeding,Night (18:00-06:00),0.3636,0.6364,0.5545,Monsoon
2022,7,Maharashtra,Ratnagiri,Ratnagiri,Rural,National Highway,104,26,29,62,Adverse Weather / Monsoon,Night (18:00-06:00),0.2788,0.5962,0.4577,Monsoon
2022,8,Maharashtra,Ratnagiri,Ratnagiri,Rural,National Highway,98,28,35,63,Adverse Weather / Monsoon,Night (18:00-06:00),0.3571,0.6429,0.55,Monsoon
2022,9,Maharashtra,Ratnagiri,Ratnagiri,Rural,National Highway,100,25,28,59,Dangerous Overtaking,Night (18:00-06:00),0.28,0.59,0.457,Monsoon
2022,10,Maharashtra,Ratnagiri,Ratnagiri,Rural,National Highway,78,21,27,51,Road Defect / Pothole,Day (06:00-18:00),0.3462,0.6538,0.5423,Post-Monsoon
2022,11,Maharashtra,Ratnagiri,Ratnagiri,Rural,National Highway,80,20,22,53,Adverse Weather / Monsoon,Day (06:00-18:00),0.275,0.6625,0.4738,Post-Monsoon
2022,12,Maharashtra,Ratnagiri,Ratnagiri,Rural,National Highway,75,23,26,45,Drunk Driving,Day (06:00-18:00),0.3467,0.6,0.5267,Winter
2022,1,Maharashtra,Gondia,Gondia,Rural,State Highway,59,16,19,40,Over-speeding,Night (18:00-06:00),0.322,0.678,0.5254,Winter
2022,2,Maharashtra,Gondia,Gondia,Rural,State Highway,58,17,20,38,Dangerous Overtaking,Day (06:00-18:00),0.3448,0.6552,0.5414,Winter
2022,3,Maharashtra,Gondia,Gondia,Rural,State Highway,60,14,21,39,Over-speeding,Day (06:00-18:00),0.35,0.65,0.545,Summer
2022,4,Maharashtra,Gondia,Gondia,Rural,State Highway,60,17,19,35,Over-speeding,Day (06:00-18:00),0.3167,0.5833,0.4917,Summer
2022,5,Maharashtra,Gondia,Gondia,Rural,State Highway,56,15,20,36,Over-speeding,Day (06:00-18:00),0.3571,0.6429,0.55,Summer
2022,6,Maharashtra,Gondia,Gondia,Rural,State Highway,77,22,22,52,Dangerous Overtaking,Night (18:00-06:00),0.2857,0.6753,0.4883,Monsoon
2022,7,Maharashtra,Gondia,Gondia,Rural,State Highway,73,23,23,50,Adverse Weather / Monsoon,Day (06:00-18:00),0.3151,0.6849,0.5205,Monsoon
2022,8,Maharashtra,Gondia,Gondia,Rural,State Highway,75,22,27,48,Adverse Weather / Monsoon,Day (06:00-18:00),0.36,0.64,0.552,Monsoon
2022,9,Maharashtra,Gondia,Gondia,Rural,State Highway,78,21,27,44,Over-speeding,Night (18:00-06:00),0.3462,0.5641,0.5154,Monsoon
2022,10,Maharashtra,Gondia,Gondia,Rural,State Highway,60,18,21,39,Over-speeding,Night (18:00-06:00),0.35,0.65,0.545,Post-Monsoon
2022,11,Maharashtra,Gondia,Gondia,Rural,State Highway,54,14,17,36,Adverse Weather / Monsoon,Day (06:00-18:00),0.3148,0.6667,0.5148,Post-Monsoon
2022,12,Maharashtra,Gondia,Gondia,Rural,State Highway,60,14,22,38,Over-speeding,Day (06:00-18:00),0.3667,0.6333,0.5567,Winter
2022,1,Maharashtra,Wardha,Wardha,Rural,National Highway,74,20,20,43,Over-speeding,Day (06:00-18:00),0.2703,0.5811,0.4446,Winter
2022,2,Maharashtra,Wardha,Wardha,Rural,National Highway,65,20,20,45,Over-speeding,Day (06:00-18:00),0.3077,0.6923,0.5154,Winter
2022,3,Maharashtra,Wardha,Wardha,Rural,National Highway,75,21,26,49,Over-speeding,Day (06:00-18:00),0.3467,0.6533,0.5427,Summer
2022,4,Maharashtra,Wardha,Wardha,Rural,National Highway,70,20,24,44,Road Defect / Pothole,Night (18:00-06:00),0.3429,0.6286,0.5314,Summer
2022,5,Maharashtra,Wardha,Wardha,Rural,National Highway,67,18,25,42,Over-speeding,Day (06:00-18:00),0.3731,0.6269,0.5612,Summer
2022,6,Maharashtra,Wardha,Wardha,Rural,National Highway,93,25,33,60,Over-speeding,Day (06:00-18:00),0.3548,0.6452,0.5484,Monsoon
2022,7,Maharashtra,Wardha,Wardha,Rural,National Highway,97,30,31,65,Over-speeding,Night (18:00-06:00),0.3196,0.6701,0.5206,Monsoon
2022,8,Maharashtra,Wardha,Wardha,Rural,National Highway,99,28,31,63,Adverse Weather / Monsoon,Night (18:00-06:00),0.3131,0.6364,0.504,Monsoon
2022,9,Maharashtra,Wardha,Wardha,Rural,National Highway,93,25,26,55,Over-speeding,Night (18:00-06:00),0.2796,0.5914,0.457,Monsoon
2022,10,Maharashtra,Wardha,Wardha,Rural,National Highway,67,19,21,46,Over-speeding,Day (06:00-18:00),0.3134,0.6866,0.5194,Post-Monsoon
2022,11,Maharashtra,Wardha,Wardha,Rural,National Highway,64,20,21,43,Adverse Weather / Monsoon,Day (06:00-18:00),0.3281,0.6719,0.5297,Post-Monsoon
2022,12,Maharashtra,Wardha,Wardha,Rural,National Highway,72,19,25,47,Over-speeding,Day (06:00-18:00),0.3472,0.6528,0.5431,Winter
2022,1,Maharashtra,Bhandara,Bhandara,Rural,National Highway,61,15,22,37,Over-speeding,Night (18:00-06:00),0.3607,0.6066,0.5426,Winter
2022,2,Maharashtra,Bhandara,Bhandara,Rural,National Highway,62,15,17,38,Over-speeding,Day (06:00-18:00),0.2742,0.6129,0.4581,Winter
2022,3,Maharashtra,Bhandara,Bhandara,Rural,National Highway,63,19,21,42,Over-speeding,Night (18:00-06:00),0.3333,0.6667,0.5333,Summer
2022,4,Maharashtra,Bhandara,Bhandara,Rural,National Highway,62,18,18,37,Over-speeding,Day (06:00-18:00),0.2903,0.5968,0.4694,Summer
2022,5,Maharashtra,Bhandara,Bhandara,Rural,National Highway,58,15,21,37,Over-speeding,Night (18:00-06:00),0.3621,0.6379,0.5534,Summer
2022,6,Maharashtra,Bhandara,Bhandara,Rural,National Highway,76,22,27,49,Over-speeding,Night (18:00-06:00),0.3553,0.6447,0.5487,Monsoon
2022,7,Maharashtra,Bhandara,Bhandara,Rural,National Highway,70,23,23,47,Adverse Weather / Monsoon,Day (06:00-18:00),0.3286,0.6714,0.53,Monsoon
2022,8,Maharashtra,Bhandara,Bhandara,Rural,National Highway,79,23,27,52,Over-speeding,Day (06:00-18:00),0.3418,0.6582,0.5392,Monsoon
2022,9,Maharashtra,Bhandara,Bhandara,Rural,National Highway,77,24,30,47,Over-speeding,Day (06:00-18:00),0.3896,0.6104,0.5727,Monsoon
2022,10,Maharashtra,Bhandara,Bhandara,Rural,National Highway,59,17,18,41,Dangerous Overtaking,Day (06:00-18:00),0.3051,0.6949,0.5136,Post-Monsoon
2022,11,Maharashtra,Bhandara,Bhandara,Rural,National Highway,61,18,20,41,Adverse Weather / Monsoon,Day (06:00-18:00),0.3279,0.6721,0.5295,Post-Monsoon
2022,12,Maharashtra,Bhandara,Bhandara,Rural,National Highway,60,17,17,36,Over-speeding,Night (18:00-06:00),0.2833,0.6,0.4633,Winter
2022,1,Maharashtra,Washim,Washim,Rural,State Highway,50,13,16,32,Over-speeding,Day (06:00-18:00),0.32,0.64,0.512,Winter
2022,2,Maharashtra,Washim,Washim,Rural,State Highway,50,17,17,33,Over-speeding,Day (06:00-18:00),0.34,0.66,0.538,Winter
2022,3,Maharashtra,Washim,Washim,Rural,State Highway,57,14,19,35,Dangerous Overtaking,Night (18:00-06:00),0.3333,0.614,0.5175,Summer
2022,4,Maharashtra,Washim,Washim,Rural,State Highway,55,17,20,35,Over-speeding,Night (18:00-06:00),0.3636,0.6364,0.5545,Summer
2022,5,Maharashtra,Washim,Washim,Rural,State Highway,56,16,16,33,Over-speeding,Night (18:00-06:00),0.2857,0.5893,0.4625,Summer
2022,6,Maharashtra,Washim,Washim,Rural,State Highway,69,18,24,45,Over-speeding,Day (06:00-18:00),0.3478,0.6522,0.5435,Monsoon
2022,7,Maharashtra,Washim,Washim,Rural,State Highway,70,23,28,42,Dangerous Overtaking,Day (06:00-18:00),0.4,0.6,0.58,Monsoon
2022,8,Maharashtra,Washim,Washim,Rural,State Highway,70,22,27,43,Over-speeding,Day (06:00-18:00),0.3857,0.6143,0.57,Monsoon
2022,9,Maharashtra,Washim,Washim,Rural,State Highway,71,21,22,44,Adverse Weather / Monsoon,Night (18:00-06:00),0.3099,0.6197,0.4958,Monsoon
2022,10,Maharashtra,Washim,Washim,Rural,State Highway,53,16,20,33,Over-speeding,Night (18:00-06:00),0.3774,0.6226,0.5642,Post-Monsoon
2022,11,Maharashtra,Washim,Washim,Rural,State Highway,53,15,16,37,Drunk Driving,Night (18:00-06:00),0.3019,0.6981,0.5113,Post-Monsoon
2022,12,Maharashtra,Washim,Washim,Rural,State Highway,53,15,16,37,Over-speeding,Day (06:00-18:00),0.3019,0.6981,0.5113,Winter
2022,1,Maharashtra,Hingoli,Hingoli,Rural,State Highway,45,14,15,30,Road Defect / Pothole,Day (06:00-18:00),0.3333,0.6667,0.5333,Winter
2022,2,Maharashtra,Hingoli,Hingoli,Rural,State Highway,48,12,16,32,Over-speeding,Night (18:00-06:00),0.3333,0.6667,0.5333,Winter
2022,3,Maharashtra,Hingoli,Hingoli,Rural,State Highway,48,13,16,27,Over-speeding,Day (06:00-18:00),0.3333,0.5625,0.5021,Summer
2022,4,Maharashtra,Hingoli,Hingoli,Rural,State Highway,47,14,16,26,Drunk Driving,Night (18:00-06:00),0.3404,0.5532,0.5064,Summer
2022,5,Maharashtra,Hingoli,Hingoli,Rural,State Highway,47,11,13,26,Dangerous Overtaking,Night (18:00-06:00),0.2766,0.5532,0.4426,Summer
2022,6,Maharashtra,Hingoli,Hingoli,Rural,State Highway,64,16,19,40,Drunk Driving,Night (18:00-06:00),0.2969,0.625,0.4844,Monsoon
2022,7,Maharashtra,Hingoli,Hingoli,Rural,State Highway,62,17,19,41,Over-speeding,Day (06:00-18:00),0.3065,0.6613,0.5048,Monsoon
2022,8,Maharashtra,Hingoli,Hingoli,Rural,State Highway,58,15,21,37,Adverse Weather / Monsoon,Day (06:00-18:00),0.3621,0.6379,0.5534,Monsoon
2022,9,Maharashtra,Hingoli,Hingoli,Rural,State Highway,60,15,17,39,Over-speeding,Day (06:00-18:00),0.2833,0.65,0.4783,Monsoon
2022,10,Maharashtra,Hingoli,Hingoli,Rural,State Highway,44,13,17,27,Over-speeding,Night (18:00-06:00),0.3864,0.6136,0.5705,Post-Monsoon
2022,11,Maharashtra,Hingoli,Hingoli,Rural,State Highway,46,13,15,31,Drunk Driving,Day (06:00-18:00),0.3261,0.6739,0.5283,Post-Monsoon
2022,12,Maharashtra,Hingoli,Hingoli,Rural,State Highway,44,13,13,30,Over-speeding,Night (18:00-06:00),0.2955,0.6818,0.5,Winter
2022,1,Maharashtra,Gadchiroli,Gadchiroli,Rural,State Highway,46,13,16,30,Over-speeding,Night (18:00-06:00),0.3478,0.6522,0.5435,Winter
2022,2,Maharashtra,Gadchiroli,Gadchiroli,Rural,State Highway,44,10,13,29,Over-speeding,Night (18:00-06:00),0.2955,0.6591,0.4932,Winter
2022,3,Maharashtra,Gadchiroli,Gadchiroli,Rural,State Highway,38,12,12,26,Dangerous Overtaking,Day (06:00-18:00),0.3158,0.6842,0.5211,Summer
2022,4,Maharashtra,Gadchiroli,Gadchiroli,Rural,State Highway,38,11,13,25,Drunk Driving,Day (06:00-18:00),0.3421,0.6579,0.5395,Summer
2022,5,Maharashtra,Gadchiroli,Gadchiroli,Rural,State Highway,39,10,14,25,Over-speeding,Night (18:00-06:00),0.359,0.641,0.5513,Summer
2022,6,Maharashtra,Gadchiroli,Gadchiroli,Rural,State Highway,59,15,21,34,Over-speeding,Night (18:00-06:00),0.3559,0.5763,0.5288,Monsoon
2022,7,Maharashtra,Gadchiroli,Gadchiroli,Rural,State Highway,60,14,17,37,Adverse Weather / Monsoon,Night (18:00-06:00),0.2833,0.6167,0.4683,Monsoon
2022,8,Maharashtra,Gadchiroli,Gadchiroli,Rural,State Highway,59,18,19,39,Drunk Driving,Day (06:00-18:00),0.322,0.661,0.5203,Monsoon
2022,9,Maharashtra,Gadchiroli,Gadchiroli,Rural,State Highway,55,17,18,33,Over-speeding,Night (18:00-06:00),0.3273,0.6,0.5073,Monsoon
2022,10,Maharashtra,Gadchiroli,Gadchiroli,Rural,State Highway,41,11,13,28,Over-speeding,Night (18:00-06:00),0.3171,0.6829,0.522,Post-Monsoon
2022,11,Maharashtra,Gadchiroli,Gadchiroli,Rural,State Highway,42,12,16,26,Over-speeding,Day (06:00-18:00),0.381,0.619,0.5667,Post-Monsoon
2022,12,Maharashtra,Gadchiroli,Gadchiroli,Rural,State Highway,41,11,13,27,Over-speeding,Day (06:00-18:00),0.3171,0.6585,0.5146,Winter
2022,1,Maharashtra,Sindhudurg,Sindhudurg,Rural,National Highway,52,12,19,30,Road Defect / Pothole,Day (06:00-18:00),0.3654,0.5769,0.5385,Winter
2022,2,Maharashtra,Sindhudurg,Sindhudurg,Rural,National Highway,54,14,14,31,Adverse Weather / Monsoon,Day (06:00-18:00),0.2593,0.5741,0.4315,Winter
2022,3,Maharashtra,Sindhudurg,Sindhudurg,Rural,National Highway,51,12,15,34,Over-speeding,Night (18:00-06:00),0.2941,0.6667,0.4941,Summer
2022,4,Maharashtra,Sindhudurg,Sindhudurg,Rural,National Highway,54,13,18,36,Road Defect / Pothole,Day (06:00-18:00),0.3333,0.6667,0.5333,Summer
2022,5,Maharashtra,Sindhudurg,Sindhudurg,Rural,National Highway,53,12,18,33,Over-speeding,Night (18:00-06:00),0.3396,0.6226,0.5264,Summer
2022,6,Maharashtra,Sindhudurg,Sindhudurg,Rural,National Highway,62,17,19,43,Adverse Weather / Monsoon,Night (18:00-06:00),0.3065,0.6935,0.5145,Monsoon
2022,7,Maharashtra,Sindhudurg,Sindhudurg,Rural,National Highway,64,19,19,43,Over-speeding,Day (06:00-18:00),0.2969,0.6719,0.4984,Monsoon
2022,8,Maharashtra,Sindhudurg,Sindhudurg,Rural,National Highway,70,18,24,46,Over-speeding,Night (18:00-06:00),0.3429,0.6571,0.54,Monsoon
2022,9,Maharashtra,Sindhudurg,Sindhudurg,Rural,National Highway,65,18,20,41,Drunk Driving,Day (06:00-18:00),0.3077,0.6308,0.4969,Monsoon
2022,10,Maharashtra,Sindhudurg,Sindhudurg,Rural,National Highway,51,13,15,36,Drunk Driving,Day (06:00-18:00),0.2941,0.7059,0.5059,Post-Monsoon
2022,11,Maharashtra,Sindhudurg,Sindhudurg,Rural,National Highway,50,14,16,34,Dangerous Overtaking,Day (06:00-18:00),0.32,0.68,0.524,Post-Monsoon
2022,12,Maharashtra,Sindhudurg,Sindhudurg,Rural,National Highway,52,12,16,33,Road Defect / Pothole,Night (18:00-06:00),0.3077,0.6346,0.4981,Winter
2022,1,Maharashtra,Palghar,Palghar,Rural,National Highway,115,37,39,75,Over-speeding,Night (18:00-06:00),0.3391,0.6522,0.5348,Winter
2022,2,Maharashtra,Palghar,Palghar,Rural,National Highway,121,32,35,75,Over-speeding,Night (18:00-06:00),0.2893,0.6198,0.4752,Winter
2022,3,Maharashtra,Palghar,Palghar,Rural,National Highway,118,29,41,77,Over-speeding,Night (18:00-06:00),0.3475,0.6525,0.5432,Summer
2022,4,Maharashtra,Palghar,Palghar,Rural,National Highway,115,28,39,72,Over-speeding,Day (06:00-18:00),0.3391,0.6261,0.527,Summer
2022,5,Maharashtra,Palghar,Palghar,Rural,National Highway,116,34,38,77,Over-speeding,Day (06:00-18:00),0.3276,0.6638,0.5267,Summer
2022,6,Maharashtra,Palghar,Palghar,Rural,National Highway,148,44,54,94,Over-speeding,Night (18:00-06:00),0.3649,0.6351,0.5554,Monsoon
2022,7,Maharashtra,Palghar,Palghar,Rural,National Highway,156,42,51,95,Adverse Weather / Monsoon,Day (06:00-18:00),0.3269,0.609,0.5096,Monsoon
2022,8,Maharashtra,Palghar,Palghar,Rural,National Highway,159,40,53,99,Over-speeding,Night (18:00-06:00),0.3333,0.6226,0.5201,Monsoon
2022,9,Maharashtra,Palghar,Palghar,Rural,National Highway,146,49,54,92,Over-speeding,Night (18:00-06:00),0.3699,0.6301,0.5589,Monsoon
2022,10,Maharashtra,Palghar,Palghar,Rural,National Highway,120,31,40,75,Dangerous Overtaking,Night (18:00-06:00),0.3333,0.625,0.5208,Post-Monsoon
2022,11,Maharashtra,Palghar,Palghar,Rural,National Highway,125,30,42,83,Dangerous Overtaking,Day (06:00-18:00),0.336,0.664,0.5352,Post-Monsoon
2022,12,Maharashtra,Palghar,Palghar,Rural,National Highway,116,30,35,70,Over-speeding,Day (06:00-18:00),0.3017,0.6034,0.4828,Winter
2023,1,Maharashtra,Pune,Pune Rural,Rural,National Highway,301,67,89,212,Dangerous Overtaking,Night (18:00-06:00),0.2957,0.7043,0.507,Winter
2023,2,Maharashtra,Pune,Pune Rural,Rural,National Highway,294,75,78,203,Over-speeding,Day (06:00-18:00),0.2653,0.6905,0.4724,Winter
2023,3,Maharashtra,Pune,Pune Rural,Rural,National Highway,277,74,80,197,Over-speeding,Night (18:00-06:00),0.2888,0.7112,0.5022,Summer
2023,4,Maharashtra,Pune,Pune Rural,Rural,National Highway,290,65,81,181,Over-speeding,Day (06:00-18:00),0.2793,0.6241,0.4666,Summer
2023,5,Maharashtra,Pune,Pune Rural,Rural,National Highway,277,77,90,187,Over-speeding,Night (18:00-06:00),0.3249,0.6751,0.5274,Summer
2023,6,Maharashtra,Pune,Pune Rural,Rural,National Highway,401,101,122,253,Over-speeding,Night (18:00-06:00),0.3042,0.6309,0.4935,Monsoon
2023,7,Maharashtra,Pune,Pune Rural,Rural,National Highway,399,105,130,269,Adverse Weather / Monsoon,Day (06:00-18:00),0.3258,0.6742,0.5281,Monsoon
2023,8,Maharashtra,Pune,Pune Rural,Rural,National Highway,369,106,106,263,Over-speeding,Night (18:00-06:00),0.2873,0.7127,0.5011,Monsoon
2023,9,Maharashtra,Pune,Pune Rural,Rural,National Highway,389,100,118,257,Dangerous Overtaking,Day (06:00-18:00),0.3033,0.6607,0.5015,Monsoon
2023,10,Maharashtra,Pune,Pune Rural,Rural,National Highway,309,71,89,196,Drunk Driving,Day (06:00-18:00),0.288,0.6343,0.4783,Post-Monsoon
2023,11,Maharashtra,Pune,Pune Rural,Rural,National Highway,300,72,91,209,Over-speeding,Night (18:00-06:00),0.3033,0.6967,0.5123,Post-Monsoon
2023,12,Maharashtra,Pune,Pune Rural,Rural,National Highway,275,74,74,201,Over-speeding,Day (06:00-18:00),0.2691,0.7309,0.4884,Winter
2023,1,Maharashtra,Pune,Pune City,City,Urban / City Road,114,27,28,86,Dangerous Overtaking,Day (06:00-18:00),0.2456,0.7544,0.4719,Winter
2023,2,Maharashtra,Pune,Pune City,City,Urban / City Road,106,21,30,76,Over-speeding,Day (06:00-18:00),0.283,0.717,0.4981,Winter
2023,3,Maharashtra,Pune,Pune City,City,Urban / City Road,106,26,28,78,Over-speeding,Day (06:00-18:00),0.2642,0.7358,0.4849,Summer
2023,4,Maharashtra,Pune,Pune City,City,Urban / City Road,112,25,26,86,Over-speeding,Day (06:00-18:00),0.2321,0.7679,0.4625,Summer
2023,5,Maharashtra,Pune,Pune City,City,Urban / City Road,116,26,32,84,Over-speeding,Night (18:00-06:00),0.2759,0.7241,0.4931,Summer
2023,6,Maharashtra,Pune,Pune City,City,Urban / City Road,144,32,32,112,Over-speeding,Day (06:00-18:00),0.2222,0.7778,0.4556,Monsoon
2023,7,Maharashtra,Pune,Pune City,City,Urban / City Road,145,29,32,113,Adverse Weather / Monsoon,Night (18:00-06:00),0.2207,0.7793,0.4545,Monsoon
2023,8,Maharashtra,Pune,Pune City,City,Urban / City Road,141,32,40,99,Adverse Weather / Monsoon,Night (18:00-06:00),0.2837,0.7021,0.4943,Monsoon
2023,9,Maharashtra,Pune,Pune City,City,Urban / City Road,153,34,36,95,Drunk Driving,Day (06:00-18:00),0.2353,0.6209,0.4216,Monsoon
2023,10,Maharashtra,Pune,Pune City,City,Urban / City Road,99,25,27,72,Adverse Weather / Monsoon,Day (06:00-18:00),0.2727,0.7273,0.4909,Post-Monsoon
2023,11,Maharashtra,Pune,Pune City,City,Urban / City Road,115,23,30,77,Dangerous Overtaking,Night (18:00-06:00),0.2609,0.6696,0.4617,Post-Monsoon
2023,12,Maharashtra,Pune,Pune City,City,Urban / City Road,113,24,27,86,Over-speeding,Day (06:00-18:00),0.2389,0.7611,0.4673,Winter
2023,1,Maharashtra,Nashik,Nashik Rural,Rural,National Highway,228,72,82,146,Over-speeding,Day (06:00-18:00),0.3596,0.6404,0.5518,Winter
2023,2,Maharashtra,Nashik,Nashik Rural,Rural,National Highway,225,74,74,151,Over-speeding,Night (18:00-06:00),0.3289,0.6711,0.5302,Winter
2023,3,Maharashtra,Nashik,Nashik Rural,Rural,National Highway,228,59,78,149,Adverse Weather / Monsoon,Night (18:00-06:00),0.3421,0.6535,0.5382,Summer
2023,4,Maharashtra,Nashik,Nashik Rural,Rural,National Highway,224,75,79,145,Over-speeding,Night (18:00-06:00),0.3527,0.6473,0.5469,Summer
2023,5,Maharashtra,Nashik,Nashik Rural,Rural,National Highway,239,69,81,158,Over-speeding,Day (06:00-18:00),0.3389,0.6611,0.5372,Summer
2023,6,Maharashtra,Nashik,Nashik Rural,Rural,National Highway,311,86,91,188,Over-speeding,Night (18:00-06:00),0.2926,0.6045,0.474,Monsoon
2023,7,Maharashtra,Nashik,Nashik Rural,Rural,National Highway,318,78,114,204,Adverse Weather / Monsoon,Night (18:00-06:00),0.3585,0.6415,0.5509,Monsoon
2023,8,Maharashtra,Nashik,Nashik Rural,Rural,National Highway,317,80,112,205,Adverse Weather / Monsoon,Night (18:00-06:00),0.3533,0.6467,0.5473,Monsoon
2023,9,Maharashtra,Nashik,Nashik Rural,Rural,National Highway,291,80,88,200,Drunk Driving,Day (06:00-18:00),0.3024,0.6873,0.5086,Monsoon
2023,10,Maharashtra,Nashik,Nashik Rural,Rural,National Highway,235,64,72,157,Over-speeding,Night (18:00-06:00),0.3064,0.6681,0.5068,Post-Monsoon
2023,11,Maharashtra,Nashik,Nashik Rural,Rural,National Highway,225,58,82,143,Dangerous Overtaking,Night (18:00-06:00),0.3644,0.6356,0.5551,Post-Monsoon
2023,12,Maharashtra,Nashik,Nashik Rural,Rural,National Highway,217,67,72,144,Drunk Driving,Night (18:00-06:00),0.3318,0.6636,0.5309,Winter
2023,1,Maharashtra,Nashik,Nashik City,City,Urban / City Road,59,17,18,41,Dangerous Overtaking,Day (06:00-18:00),0.3051,0.6949,0.5136,Winter
2023,2,Maharashtra,Nashik,Nashik City,City,Urban / City Road,62,16,16,42,Over-speeding,Night (18:00-06:00),0.2581,0.6774,0.4613,Winter
2023,3,Maharashtra,Nashik,Nashik City,City,Urban / City Road,59,15,18,41,Adverse Weather / Monsoon,Night (18:00-06:00),0.3051,0.6949,0.5136,Summer
2023,4,Maharashtra,Nashik,Nashik City,City,Urban / City Road,65,16,19,46,Over-speeding,Day (06:00-18:00),0.2923,0.7077,0.5046,Summer
2023,5,Maharashtra,Nashik,Nashik City,City,Urban / City Road,61,15,18,40,Drunk Driving,Day (06:00-18:00),0.2951,0.6557,0.4918,Summer
2023,6,Maharashtra,Nashik,Nashik City,City,Urban / City Road,88,22,22,61,Dangerous Overtaking,Night (18:00-06:00),0.25,0.6932,0.458,Monsoon
2023,7,Maharashtra,Nashik,Nashik City,City,Urban / City Road,85,21,23,52,Over-speeding,Night (18:00-06:00),0.2706,0.6118,0.4541,Monsoon
2023,8,Maharashtra,Nashik,Nashik City,City,Urban / City Road,85,19,23,62,Over-speeding,Day (06:00-18:00),0.2706,0.7294,0.4894,Monsoon
2023,9,Maharashtra,Nashik,Nashik City,City,Urban / City Road,88,22,27,61,Over-speeding,Night (18:00-06:00),0.3068,0.6932,0.5148,Monsoon
2023,10,Maharashtra,Nashik,Nashik City,City,Urban / City Road,59,14,16,43,Drunk Driving,Day (06:00-18:00),0.2712,0.7288,0.4898,Post-Monsoon
2023,11,Maharashtra,Nashik,Nashik City,City,Urban / City Road,67,14,18,43,Dangerous Overtaking,Night (18:00-06:00),0.2687,0.6418,0.4612,Post-Monsoon
2023,12,Maharashtra,Nashik,Nashik City,City,Urban / City Road,63,15,19,44,Road Defect / Pothole,Day (06:00-18:00),0.3016,0.6984,0.5111,Winter
2023,1,Maharashtra,Solapur,Solapur Rural,Rural,National Highway,189,47,60,128,Over-speeding,Day (06:00-18:00),0.3175,0.6772,0.5206,Winter
2023,2,Maharashtra,Solapur,Solapur Rural,Rural,National Highway,174,54,54,120,Adverse Weather / Monsoon,Day (06:00-18:00),0.3103,0.6897,0.5172,Winter
2023,3,Maharashtra,Solapur,Solapur Rural,Rural,National Highway,179,50,50,129,Dangerous Overtaking,Day (06:00-18:00),0.2793,0.7207,0.4955,Summer
2023,4,Maharashtra,Solapur,Solapur Rural,Rural,National Highway,189,44,63,124,Over-speeding,Day (06:00-18:00),0.3333,0.6561,0.5302,Summer
2023,5,Maharashtra,Solapur,Solapur Rural,Rural,National Highway,170,50,58,112,Over-speeding,Night (18:00-06:00),0.3412,0.6588,0.5388,Summer
2023,6,Maharashtra,Solapur,Solapur Rural,Rural,National Highway,253,63,83,146,Over-speeding,Day (06:00-18:00),0.3281,0.5771,0.5012,Monsoon
2023,7,Maharashtra,Solapur,Solapur Rural,Rural,National Highway,238,71,79,159,Over-speeding,Night (18:00-06:00),0.3319,0.6681,0.5324,Monsoon
2023,8,Maharashtra,Solapur,Solapur Rural,Rural,National Highway,224,65,70,147,Adverse Weather / Monsoon,Night (18:00-06:00),0.3125,0.6562,0.5094,Monsoon
2023,9,Maharashtra,Solapur,Solapur Rural,Rural,National Highway,218,67,67,145,Over-speeding,Day (06:00-18:00),0.3073,0.6651,0.5069,Monsoon
2023,10,Maharashtra,Solapur,Solapur Rural,Rural,National Highway,174,56,64,110,Over-speeding,Day (06:00-18:00),0.3678,0.6322,0.5575,Post-Monsoon
2023,11,Maharashtra,Solapur,Solapur Rural,Rural,National Highway,185,53,67,118,Drunk Driving,Night (18:00-06:00),0.3622,0.6378,0.5535,Post-Monsoon
2023,12,Maharashtra,Solapur,Solapur Rural,Rural,National Highway,186,46,50,121,Over-speeding,Night (18:00-06:00),0.2688,0.6505,0.464,Winter
2023,1,Maharashtra,Solapur,Solapur City,City,Urban / City Road,36,7,10,26,Over-speeding,Night (18:00-06:00),0.2778,0.7222,0.4944,Winter
2023,2,Maharashtra,Solapur,Solapur City,City,Urban / City Road,33,9,9,24,Over-speeding,Night (18:00-06:00),0.2727,0.7273,0.4909,Winter
2023,3,Maharashtra,Solapur,Solapur City,City,Urban / City Road,35,7,9,26,Dangerous Overtaking,Day (06:00-18:00),0.2571,0.7429,0.48,Summer
2023,4,Maharashtra,Solapur,Solapur City,City,Urban / City Road,30,7,9,21,Dangerous Overtaking,Day (06:00-18:00),0.3,0.7,0.51,Summer
2023,5,Maharashtra,Solapur,Solapur City,City,Urban / City Road,32,7,9,23,Over-speeding,Night (18:00-06:00),0.2812,0.7188,0.4969,Summer
2023,6,Maharashtra,Solapur,Solapur City,City,Urban / City Road,45,10,13,29,Over-speeding,Day (06:00-18:00),0.2889,0.6444,0.4822,Monsoon
2023,7,Maharashtra,Solapur,Solapur City,City,Urban / City Road,47,10,11,29,Adverse Weather / Monsoon,Night (18:00-06:00),0.234,0.617,0.4191,Monsoon
2023,8,Maharashtra,Solapur,Solapur City,City,Urban / City Road,46,9,12,30,Adverse Weather / Monsoon,Day (06:00-18:00),0.2609,0.6522,0.4565,Monsoon
2023,9,Maharashtra,Solapur,Solapur City,City,Urban / City Road,45,11,12,32,Drunk Driving,Day (06:00-18:00),0.2667,0.7111,0.48,Monsoon
2023,10,Maharashtra,Solapur,Solapur City,City,Urban / City Road,35,8,10,25,Dangerous Overtaking,Day (06:00-18:00),0.2857,0.7143,0.5,Post-Monsoon
2023,11,Maharashtra,Solapur,Solapur City,City,Urban / City Road,33,8,8,25,Over-speeding,Day (06:00-18:00),0.2424,0.7576,0.4697,Post-Monsoon
2023,12,Maharashtra,Solapur,Solapur City,City,Urban / City Road,34,7,9,24,Over-speeding,Day (06:00-18:00),0.2647,0.7059,0.4765,Winter
2023,1,Maharashtra,Ahmednagar,Ahmednagar,Rural,State Highway,233,69,82,151,Over-speeding,Day (06:00-18:00),0.3519,0.6481,0.5464,Winter
2023,2,Maharashtra,Ahmednagar,Ahmednagar,Rural,State Highway,227,73,79,148,Adverse Weather / Monsoon,Night (18:00-06:00),0.348,0.652,0.5436,Winter
2023,3,Maharashtra,Ahmednagar,Ahmednagar,Rural,State Highway,210,56,72,128,Dangerous Overtaking,Day (06:00-18:00),0.3429,0.6095,0.5257,Summer
2023,4,Maharashtra,Ahmednagar,Ahmednagar,Rural,State Highway,217,60,75,141,Over-speeding,Day (06:00-18:00),0.3456,0.6498,0.5406,Summer
2023,5,Maharashtra,Ahmednagar,Ahmednagar,Rural,State Highway,229,66,72,153,Adverse Weather / Monsoon,Night (18:00-06:00),0.3144,0.6681,0.5148,Summer
2023,6,Maharashtra,Ahmednagar,Ahmednagar,Rural,State Highway,270,78,83,178,Adverse Weather / Monsoon,Night (18:00-06:00),0.3074,0.6593,0.5052,Monsoon
2023,7,Maharashtra,Ahmednagar,Ahmednagar,Rural,State Highway,277,76,86,191,Adverse Weather / Monsoon,Night (18:00-06:00),0.3105,0.6895,0.5173,Monsoon
2023,8,Maharashtra,Ahmednagar,Ahmednagar,Rural,State Highway,272,78,91,181,Adverse Weather / Monsoon,Night (18:00-06:00),0.3346,0.6654,0.5342,Monsoon
2023,9,Maharashtra,Ahmednagar,Ahmednagar,Rural,State Highway,282,73,83,188,Dangerous Overtaking,Day (06:00-18:00),0.2943,0.6667,0.4943,Monsoon
2023,10,Maharashtra,Ahmednagar,Ahmednagar,Rural,State Highway,229,63,80,149,Over-speeding,Night (18:00-06:00),0.3493,0.6507,0.5445,Post-Monsoon
2023,11,Maharashtra,Ahmednagar,Ahmednagar,Rural,State Highway,226,61,84,139,Over-speeding,Day (06:00-18:00),0.3717,0.615,0.5562,Post-Monsoon
2023,12,Maharashtra,Ahmednagar,Ahmednagar,Rural,State Highway,223,62,82,133,Over-speeding,Day (06:00-18:00),0.3677,0.5964,0.5466,Winter
2023,1,Maharashtra,Thane,Thane Rural,Rural,National Highway,136,44,44,85,Over-speeding,Night (18:00-06:00),0.3235,0.625,0.511,Winter
2023,2,Maharashtra,Thane,Thane Rural,Rural,National Highway,147,44,49,98,Over-speeding,Day (06:00-18:00),0.3333,0.6667,0.5333,Winter
2023,3,Maharashtra,Thane,Thane Rural,Rural,National Highway,152,40,51,87,Over-speeding,Day (06:00-18:00),0.3355,0.5724,0.5072,Summer
2023,4,Maharashtra,Thane,Thane Rural,Rural,National Highway,145,40,41,99,Over-speeding,Night (18:00-06:00),0.2828,0.6828,0.4876,Summer
2023,5,Maharashtra,Thane,Thane Rural,Rural,National Highway,149,44,44,99,Over-speeding,Day (06:00-18:00),0.2953,0.6644,0.4946,Summer
2023,6,Maharashtra,Thane,Thane Rural,Rural,National Highway,188,58,71,116,Dangerous Overtaking,Day (06:00-18:00),0.3777,0.617,0.5628,Monsoon
2023,7,Maharashtra,Thane,Thane Rural,Rural,National Highway,199,55,67,132,Adverse Weather / Monsoon,Day (06:00-18:00),0.3367,0.6633,0.5357,Monsoon
2023,8,Maharashtra,Thane,Thane Rural,Rural,National Highway,200,49,71,124,Adverse Weather / Monsoon,Night (18:00-06:00),0.355,0.62,0.541,Monsoon
2023,9,Maharashtra,Thane,Thane Rural,Rural,National Highway,202,50,70,132,Over-speeding,Day (06:00-18:00),0.3465,0.6535,0.5426,Monsoon
2023,10,Maharashtra,Thane,Thane Rural,Rural,National Highway,139,43,43,96,Over-speeding,Day (06:00-18:00),0.3094,0.6906,0.5165,Post-Monsoon
2023,11,Maharashtra,Thane,Thane Rural,Rural,National Highway,137,45,51,86,Dangerous Overtaking,Day (06:00-18:00),0.3723,0.6277,0.5606,Post-Monsoon
2023,12,Maharashtra,Thane,Thane Rural,Rural,National Highway,157,44,54,103,Drunk Driving,Night (18:00-06:00),0.3439,0.6561,0.5408,Winter
2023,1,Maharashtra,Thane,Thane City,City,Urban / City Road,106,23,29,71,Dangerous Overtaking,Day (06:00-18:00),0.2736,0.6698,0.4745,Winter
2023,2,Maharashtra,Thane,Thane City,City,Urban / City Road,106,23,31,75,Adverse Weather / Monsoon,Night (18:00-06:00),0.2925,0.7075,0.5047,Winter
2023,3,Maharashtra,Thane,Thane City,City,Urban / City Road,108,25,32,69,Adverse Weather / Monsoon,Day (06:00-18:00),0.2963,0.6389,0.488,Summer
2023,4,Maharashtra,Thane,Thane City,City,Urban / City Road,105,23,34,71,Over-speeding,Day (06:00-18:00),0.3238,0.6762,0.5267,Summer
2023,5,Maharashtra,Thane,Thane City,City,Urban / City Road,105,27,27,78,Over-speeding,Night (18:00-06:00),0.2571,0.7429,0.48,Summer
2023,6,Maharashtra,Thane,Thane City,City,Urban / City Road,138,30,39,99,Over-speeding,Night (18:00-06:00),0.2826,0.7174,0.4978,Monsoon
2023,7,Maharashtra,Thane,Thane City,City,Urban / City Road,147,35,42,105,Over-speeding,Night (18:00-06:00),0.2857,0.7143,0.5,Monsoon
2023,8,Maharashtra,Thane,Thane City,City,Urban / City Road,141,32,37,96,Over-speeding,Night (18:00-06:00),0.2624,0.6809,0.4667,Monsoon
2023,9,Maharashtra,Thane,Thane City,City,Urban / City Road,145,35,41,104,Over-speeding,Day (06:00-18:00),0.2828,0.7172,0.4979,Monsoon
2023,10,Maharashtra,Thane,Thane City,City,Urban / City Road,114,22,34,80,Over-speeding,Day (06:00-18:00),0.2982,0.7018,0.5088,Post-Monsoon
2023,11,Maharashtra,Thane,Thane City,City,Urban / City Road,108,28,28,80,Over-speeding,Night (18:00-06:00),0.2593,0.7407,0.4815,Post-Monsoon
2023,12,Maharashtra,Thane,Thane City,City,Urban / City Road,111,27,31,72,Dangerous Overtaking,Day (06:00-18:00),0.2793,0.6486,0.4739,Winter
2023,1,Maharashtra,Mumbai,Mumbai Suburban,City,Urban / Expressway,280,30,30,250,Over-speeding,Day (06:00-18:00),0.1071,0.8929,0.375,Winter
2023,2,Maharashtra,Mumbai,Mumbai Suburban,City,Urban / Expressway,275,29,36,239,Over-speeding,Day (06:00-18:00),0.1309,0.8691,0.3916,Winter
2023,3,Maharashtra,Mumbai,Mumbai Suburban,City,Urban / Expressway,286,30,30,256,Over-speeding,Day (06:00-18:00),0.1049,0.8951,0.3734,Summer
2023,4,Maharashtra,Mumbai,Mumbai Suburban,City,Urban / Expressway,275,27,35,240,Adverse Weather / Monsoon,Day (06:00-18:00),0.1273,0.8727,0.3891,Summer
2023,5,Maharashtra,Mumbai,Mumbai Suburban,City,Urban / Expressway,283,29,30,216,Over-speeding,Day (06:00-18:00),0.106,0.7633,0.335,Summer
2023,6,Maharashtra,Mumbai,Mumbai Suburban,City,Urban / Expressway,362,38,44,318,Adverse Weather / Monsoon,Day (06:00-18:00),0.1215,0.8785,0.3851,Monsoon
2023,7,Maharashtra,Mumbai,Mumbai Suburban,City,Urban / Expressway,355,42,42,313,Over-speeding,Day (06:00-18:00),0.1183,0.8817,0.3828,Monsoon
2023,8,Maharashtra,Mumbai,Mumbai Suburban,City,Urban / Expressway,339,45,52,283,Over-speeding,Day (06:00-18:00),0.1534,0.8348,0.4038,Monsoon
2023,9,Maharashtra,Mumbai,Mumbai Suburban,City,Urban / Expressway,381,38,46,291,Drunk Driving,Night (18:00-06:00),0.1207,0.7638,0.3499,Monsoon
2023,10,Maharashtra,Mumbai,Mumbai Suburban,City,Urban / Expressway,288,29,32,256,Over-speeding,Day (06:00-18:00),0.1111,0.8889,0.3778,Post-Monsoon
2023,11,Maharashtra,Mumbai,Mumbai Suburban,City,Urban / Expressway,270,29,37,220,Dangerous Overtaking,Night (18:00-06:00),0.137,0.8148,0.3815,Post-Monsoon
2023,12,Maharashtra,Mumbai,Mumbai Suburban,City,Urban / Expressway,281,29,39,215,Road Defect / Pothole,Day (06:00-18:00),0.1388,0.7651,0.3683,Winter
2023,1,Maharashtra,Mumbai,Mumbai City,City,Urban / City Road,186,21,25,149,Drunk Driving,Night (18:00-06:00),0.1344,0.8011,0.3747,Winter
2023,2,Maharashtra,Mumbai,Mumbai City,City,Urban / City Road,184,18,24,145,Over-speeding,Day (06:00-18:00),0.1304,0.788,0.3668,Winter
2023,3,Maharashtra,Mumbai,Mumbai City,City,Urban / City Road,198,22,26,159,Over-speeding,Night (18:00-06:00),0.1313,0.803,0.3722,Summer
2023,4,Maharashtra,Mumbai,Mumbai City,City,Urban / City Road,191,21,21,170,Adverse Weather / Monsoon,Day (06:00-18:00),0.1099,0.8901,0.377,Summer
2023,5,Maharashtra,Mumbai,Mumbai City,City,Urban / City Road,196,18,22,169,Adverse Weather / Monsoon,Night (18:00-06:00),0.1122,0.8622,0.3709,Summer
2023,6,Maharashtra,Mumbai,Mumbai City,City,Urban / City Road,258,29,34,224,Dangerous Overtaking,Night (18:00-06:00),0.1318,0.8682,0.3922,Monsoon
2023,7,Maharashtra,Mumbai,Mumbai City,City,Urban / City Road,263,28,28,208,Adverse Weather / Monsoon,Day (06:00-18:00),0.1065,0.7909,0.3437,Monsoon
2023,8,Maharashtra,Mumbai,Mumbai City,City,Urban / City Road,240,25,35,205,Adverse Weather / Monsoon,Day (06:00-18:00),0.1458,0.8542,0.4021,Monsoon
2023,9,Maharashtra,Mumbai,Mumbai City,City,Urban / City Road,253,28,32,221,Over-speeding,Night (18:00-06:00),0.1265,0.8735,0.3885,Monsoon
2023,10,Maharashtra,Mumbai,Mumbai City,City,Urban / City Road,188,22,23,165,Dangerous Overtaking,Day (06:00-18:00),0.1223,0.8777,0.3856,Post-Monsoon
2023,11,Maharashtra,Mumbai,Mumbai City,City,Urban / City Road,186,19,22,164,Over-speeding,Night (18:00-06:00),0.1183,0.8817,0.3828,Post-Monsoon
2023,12,Maharashtra,Mumbai,Mumbai City,City,Urban / City Road,173,21,23,149,Adverse Weather / Monsoon,Day (06:00-18:00),0.1329,0.8613,0.3913,Winter
2023,1,Maharashtra,Nagpur,Nagpur Rural,Rural,National Highway,147,43,54,93,Over-speeding,Night (18:00-06:00),0.3673,0.6327,0.5571,Winter
2023,2,Maharashtra,Nagpur,Nagpur Rural,Rural,National Highway,161,40,54,107,Over-speeding,Day (06:00-18:00),0.3354,0.6646,0.5348,Winter
2023,3,Maharashtra,Nagpur,Nagpur Rural,Rural,National Highway,155,36,44,92,Over-speeding,Night (18:00-06:00),0.2839,0.5935,0.4619,Summer
2023,4,Maharashtra,Nagpur,Nagpur Rural,Rural,National Highway,150,42,45,105,Drunk Driving,Day (06:00-18:00),0.3,0.7,0.51,Summer
2023,5,Maharashtra,Nagpur,Nagpur Rural,Rural,National Highway,160,36,52,88,Over-speeding,Night (18:00-06:00),0.325,0.55,0.49,Summer
2023,6,Maharashtra,Nagpur,Nagpur Rural,Rural,National Highway,203,49,64,139,Over-speeding,Night (18:00-06:00),0.3153,0.6847,0.5207,Monsoon
2023,7,Maharashtra,Nagpur,Nagpur Rural,Rural,National Highway,209,54,54,116,Adverse Weather / Monsoon,Day (06:00-18:00),0.2584,0.555,0.4249,Monsoon
2023,8,Maharashtra,Nagpur,Nagpur Rural,Rural,National Highway,195,62,62,133,Adverse Weather / Monsoon,Day (06:00-18:00),0.3179,0.6821,0.5226,Monsoon
2023,9,Maharashtra,Nagpur,Nagpur Rural,Rural,National Highway,210,55,55,124,Over-speeding,Night (18:00-06:00),0.2619,0.5905,0.439,Monsoon
2023,10,Maharashtra,Nagpur,Nagpur Rural,Rural,National Highway,160,38,55,91,Dangerous Overtaking,Night (18:00-06:00),0.3438,0.5688,0.5144,Post-Monsoon
2023,11,Maharashtra,Nagpur,Nagpur Rural,Rural,National Highway,153,44,44,100,Drunk Driving,Day (06:00-18:00),0.2876,0.6536,0.4837,Post-Monsoon
2023,12,Maharashtra,Nagpur,Nagpur Rural,Rural,National Highway,160,43,56,104,Road Defect / Pothole,Night (18:00-06:00),0.35,0.65,0.545,Winter
2023,1,Maharashtra,Nagpur,Nagpur City,City,Urban / City Road,100,17,20,71,Over-speeding,Day (06:00-18:00),0.2,0.71,0.413,Winter
2023,2,Maharashtra,Nagpur,Nagpur City,City,Urban / City Road,95,19,22,70,Over-speeding,Night (18:00-06:00),0.2316,0.7368,0.4526,Winter
2023,3,Maharashtra,Nagpur,Nagpur City,City,Urban / City Road,104,21,23,81,Over-speeding,Night (18:00-06:00),0.2212,0.7788,0.4548,Summer
2023,4,Maharashtra,Nagpur,Nagpur City,City,Urban / City Road,108,19,25,78,Over-speeding,Day (06:00-18:00),0.2315,0.7222,0.4481,Summer
2023,5,Maharashtra,Nagpur,Nagpur City,City,Urban / City Road,108,22,23,74,Road Defect / Pothole,Day (06:00-18:00),0.213,0.6852,0.4185,Summer
2023,6,Maharashtra,Nagpur,Nagpur City,City,Urban / City Road,121,24,31,90,Drunk Driving,Day (06:00-18:00),0.2562,0.7438,0.4793,Monsoon
2023,7,Maharashtra,Nagpur,Nagpur City,City,Urban / City Road,138,24,28,109,Adverse Weather / Monsoon,Night (18:00-06:00),0.2029,0.7899,0.4399,Monsoon
2023,8,Maharashtra,Nagpur,Nagpur City,City,Urban / City Road,132,27,34,98,Adverse Weather / Monsoon,Day (06:00-18:00),0.2576,0.7424,0.4803,Monsoon
2023,9,Maharashtra,Nagpur,Nagpur City,City,Urban / City Road,142,28,31,103,Drunk Driving,Night (18:00-06:00),0.2183,0.7254,0.4359,Monsoon
2023,10,Maharashtra,Nagpur,Nagpur City,City,Urban / City Road,100,20,21,79,Over-speeding,Day (06:00-18:00),0.21,0.79,0.447,Post-Monsoon
2023,11,Maharashtra,Nagpur,Nagpur City,City,Urban / City Road,100,21,26,74,Over-speeding,Day (06:00-18:00),0.26,0.74,0.482,Post-Monsoon
2023,12,Maharashtra,Nagpur,Nagpur City,City,Urban / City Road,103,20,20,83,Over-speeding,Day (06:00-18:00),0.1942,0.8058,0.4359,Winter
2023,1,Maharashtra,Kolhapur,Kolhapur,Rural,National Highway,156,41,52,104,Over-speeding,Night (18:00-06:00),0.3333,0.6667,0.5333,Winter
2023,2,Maharashtra,Kolhapur,Kolhapur,Rural,National Highway,172,44,55,117,Road Defect / Pothole,Day (06:00-18:00),0.3198,0.6802,0.5238,Winter
2023,3,Maharashtra,Kolhapur,Kolhapur,Rural,National Highway,159,40,53,106,Dangerous Overtaking,Day (06:00-18:00),0.3333,0.6667,0.5333,Summer
2023,4,Maharashtra,Kolhapur,Kolhapur,Rural,National Highway,155,52,53,102,Dangerous Overtaking,Day (06:00-18:00),0.3419,0.6581,0.5394,Summer
2023,5,Maharashtra,Kolhapur,Kolhapur,Rural,National Highway,152,40,54,98,Over-speeding,Day (06:00-18:00),0.3553,0.6447,0.5487,Summer
2023,6,Maharashtra,Kolhapur,Kolhapur,Rural,National Highway,220,63,63,133,Dangerous Overtaking,Day (06:00-18:00),0.2864,0.6045,0.4677,Monsoon
2023,7,Maharashtra,Kolhapur,Kolhapur,Rural,National Highway,218,67,80,128,Adverse Weather / Monsoon,Night (18:00-06:00),0.367,0.5872,0.5431,Monsoon
2023,8,Maharashtra,Kolhapur,Kolhapur,Rural,National Highway,202,52,67,131,Adverse Weather / Monsoon,Night (18:00-06:00),0.3317,0.6485,0.5262,Monsoon
2023,9,Maharashtra,Kolhapur,Kolhapur,Rural,National Highway,220,55,75,129,Over-speeding,Day (06:00-18:00),0.3409,0.5864,0.5168,Monsoon
2023,10,Maharashtra,Kolhapur,Kolhapur,Rural,National Highway,152,41,46,100,Adverse Weather / Monsoon,Day (06:00-18:00),0.3026,0.6579,0.5,Post-Monsoon
2023,11,Maharashtra,Kolhapur,Kolhapur,Rural,National Highway,162,46,54,99,Over-speeding,Day (06:00-18:00),0.3333,0.6111,0.5167,Post-Monsoon
2023,12,Maharashtra,Kolhapur,Kolhapur,Rural,National Highway,160,46,48,112,Over-speeding,Day (06:00-18:00),0.3,0.7,0.51,Winter
2023,1,Maharashtra,Satara,Satara,Rural,National Highway,164,40,55,109,Drunk Driving,Day (06:00-18:00),0.3354,0.6646,0.5348,Winter
2023,2,Maharashtra,Satara,Satara,Rural,National Highway,148,38,50,94,Over-speeding,Day (06:00-18:00),0.3378,0.6351,0.5284,Winter
2023,3,Maharashtra,Satara,Satara,Rural,National Highway,168,40,55,113,Road Defect / Pothole,Night (18:00-06:00),0.3274,0.6726,0.5292,Summer
2023,4,Maharashtra,Satara,Satara,Rural,National Highway,164,38,48,105,Dangerous Overtaking,Night (18:00-06:00),0.2927,0.6402,0.4848,Summer
2023,5,Maharashtra,Satara,Satara,Rural,National Highway,169,42,50,97,Over-speeding,Day (06:00-18:00),0.2959,0.574,0.468,Summer
2023,6,Maharashtra,Satara,Satara,Rural,National Highway,221,57,73,148,Dangerous Overtaking,Night (18:00-06:00),0.3303,0.6697,0.5312,Monsoon
2023,7,Maharashtra,Satara,Satara,Rural,National Highway,200,60,73,127,Adverse Weather / Monsoon,Day (06:00-18:00),0.365,0.635,0.5555,Monsoon
2023,8,Maharashtra,Satara,Satara,Rural,National Highway,208,60,62,146,Adverse Weather / Monsoon,Night (18:00-06:00),0.2981,0.7019,0.5087,Monsoon
2023,9,Maharashtra,Satara,Satara,Rural,National Highway,214,56,74,129,Over-speeding,Night (18:00-06:00),0.3458,0.6028,0.5266,Monsoon
2023,10,Maharashtra,Satara,Satara,Rural,National Highway,149,38,47,102,Drunk Driving,Day (06:00-18:00),0.3154,0.6846,0.5208,Post-Monsoon
2023,11,Maharashtra,Satara,Satara,Rural,National Highway,165,40,57,108,Road Defect / Pothole,Night (18:00-06:00),0.3455,0.6545,0.5418,Post-Monsoon
2023,12,Maharashtra,Satara,Satara,Rural,National Highway,152,39,44,108,Dangerous Overtaking,Night (18:00-06:00),0.2895,0.7105,0.5026,Winter
2023,1,Maharashtra,Jalgaon,Jalgaon,Rural,State Highway,128,39,39,89,Dangerous Overtaking,Day (06:00-18:00),0.3047,0.6953,0.5133,Winter
2023,2,Maharashtra,Jalgaon,Jalgaon,Rural,State Highway,128,35,41,85,Over-speeding,Day (06:00-18:00),0.3203,0.6641,0.5195,Winter
2023,3,Maharashtra,Jalgaon,Jalgaon,Rural,State Highway,126,40,40,86,Dangerous Overtaking,Night (18:00-06:00),0.3175,0.6825,0.5222,Summer
2023,4,Maharashtra,Jalgaon,Jalgaon,Rural,State Highway,143,32,50,93,Road Defect / Pothole,Night (18:00-06:00),0.3497,0.6503,0.5448,Summer
2023,5,Maharashtra,Jalgaon,Jalgaon,Rural,State Highway,132,34,41,91,Dangerous Overtaking,Day (06:00-18:00),0.3106,0.6894,0.5174,Summer
2023,6,Maharashtra,Jalgaon,Jalgaon,Rural,State Highway,186,49,61,125,Drunk Driving,Day (06:00-18:00),0.328,0.672,0.5296,Monsoon
2023,7,Maharashtra,Jalgaon,Jalgaon,Rural,State Highway,181,51,53,128,Adverse Weather / Monsoon,Day (06:00-18:00),0.2928,0.7072,0.505,Monsoon
2023,8,Maharashtra,Jalgaon,Jalgaon,Rural,State Highway,176,44,58,118,Over-speeding,Day (06:00-18:00),0.3295,0.6705,0.5307,Monsoon
2023,9,Maharashtra,Jalgaon,Jalgaon,Rural,State Highway,191,48,61,107,Over-speeding,Day (06:00-18:00),0.3194,0.5602,0.4874,Monsoon
2023,10,Maharashtra,Jalgaon,Jalgaon,Rural,State Highway,139,39,48,91,Over-speeding,Night (18:00-06:00),0.3453,0.6547,0.5417,Post-Monsoon
2023,11,Maharashtra,Jalgaon,Jalgaon,Rural,State Highway,144,36,44,88,Over-speeding,Night (18:00-06:00),0.3056,0.6111,0.4889,Post-Monsoon
2023,12,Maharashtra,Jalgaon,Jalgaon,Rural,State Highway,133,34,38,89,Adverse Weather / Monsoon,Day (06:00-18:00),0.2857,0.6692,0.4865,Winter
2023,1,Maharashtra,Sangli,Sangli,Rural,State Highway,125,35,38,80,Dangerous Overtaking,Day (06:00-18:00),0.304,0.64,0.496,Winter
2023,2,Maharashtra,Sangli,Sangli,Rural,State Highway,126,33,38,88,Over-speeding,Day (06:00-18:00),0.3016,0.6984,0.5111,Winter
2023,3,Maharashtra,Sangli,Sangli,Rural,State Highway,130,34,45,85,Adverse Weather / Monsoon,Day (06:00-18:00),0.3462,0.6538,0.5423,Summer
2023,4,Maharashtra,Sangli,Sangli,Rural,State Highway,118,38,39,73,Over-speeding,Night (18:00-06:00),0.3305,0.6186,0.5161,Summer
2023,5,Maharashtra,Sangli,Sangli,Rural,State Highway,123,35,40,76,Over-speeding,Day (06:00-18:00),0.3252,0.6179,0.5106,Summer
2023,6,Maharashtra,Sangli,Sangli,Rural,State Highway,172,49,49,109,Over-speeding,Night (18:00-06:00),0.2849,0.6337,0.475,Monsoon
2023,7,Maharashtra,Sangli,Sangli,Rural,State Highway,163,51,61,102,Over-speeding,Day (06:00-18:00),0.3742,0.6258,0.562,Monsoon
2023,8,Maharashtra,Sangli,Sangli,Rural,State Highway,155,47,50,99,Adverse Weather / Monsoon,Day (06:00-18:00),0.3226,0.6387,0.5142,Monsoon
2023,9,Maharashtra,Sangli,Sangli,Rural,State Highway,170,39,49,109,Over-speeding,Day (06:00-18:00),0.2882,0.6412,0.4806,Monsoon
2023,10,Maharashtra,Sangli,Sangli,Rural,State Highway,131,36,46,85,Over-speeding,Day (06:00-18:00),0.3511,0.6489,0.5458,Post-Monsoon
2023,11,Maharashtra,Sangli,Sangli,Rural,State Highway,127,34,40,78,Dangerous Overtaking,Day (06:00-18:00),0.315,0.6142,0.4992,Post-Monsoon
2023,12,Maharashtra,Sangli,Sangli,Rural,State Highway,124,30,36,78,Over-speeding,Night (18:00-06:00),0.2903,0.629,0.479,Winter
2023,1,Maharashtra,Nanded,Nanded,Rural,State Highway,109,33,34,75,Over-speeding,Day (06:00-18:00),0.3119,0.6881,0.5183,Winter
2023,2,Maharashtra,Nanded,Nanded,Rural,State Highway,124,31,40,74,Over-speeding,Day (06:00-18:00),0.3226,0.5968,0.5016,Winter
2023,3,Maharashtra,Nanded,Nanded,Rural,State Highway,122,29,42,80,Over-speeding,Day (06:00-18:00),0.3443,0.6557,0.541,Summer
2023,4,Maharashtra,Nanded,Nanded,Rural,State Highway,108,34,34,74,Over-speeding,Night (18:00-06:00),0.3148,0.6852,0.5204,Summer
2023,5,Maharashtra,Nanded,Nanded,Rural,State Highway,121,36,41,71,Drunk Driving,Night (18:00-06:00),0.3388,0.5868,0.5149,Summer
2023,6,Maharashtra,Nanded,Nanded,Rural,State Highway,159,40,54,104,Over-speeding,Day (06:00-18:00),0.3396,0.6541,0.5358,Monsoon
2023,7,Maharashtra,Nanded,Nanded,Rural,State Highway,155,40,56,99,Adverse Weather / Monsoon,Day (06:00-18:00),0.3613,0.6387,0.5529,Monsoon
2023,8,Maharashtra,Nanded,Nanded,Rural,State Highway,157,41,55,96,Adverse Weather / Monsoon,Night (18:00-06:00),0.3503,0.6115,0.5338,Monsoon
2023,9,Maharashtra,Nanded,Nanded,Rural,State Highway,156,41,56,100,Drunk Driving,Day (06:00-18:00),0.359,0.641,0.5513,Monsoon
2023,10,Maharashtra,Nanded,Nanded,Rural,State Highway,119,36,39,70,Over-speeding,Night (18:00-06:00),0.3277,0.5882,0.5042,Post-Monsoon
2023,11,Maharashtra,Nanded,Nanded,Rural,State Highway,105,33,33,72,Road Defect / Pothole,Day (06:00-18:00),0.3143,0.6857,0.52,Post-Monsoon
2023,12,Maharashtra,Nanded,Nanded,Rural,State Highway,117,34,41,76,Over-speeding,Night (18:00-06:00),0.3504,0.6496,0.5453,Winter
2023,1,Maharashtra,Amravati,Amravati Rural,Rural,National Highway,105,27,35,70,Over-speeding,Day (06:00-18:00),0.3333,0.6667,0.5333,Winter
2023,2,Maharashtra,Amravati,Amravati Rural,Rural,National Highway,104,27,30,72,Over-speeding,Night (18:00-06:00),0.2885,0.6923,0.4962,Winter
2023,3,Maharashtra,Amravati,Amravati Rural,Rural,National Highway,109,30,30,64,Drunk Driving,Night (18:00-06:00),0.2752,0.5872,0.4514,Summer
2023,4,Maharashtra,Amravati,Amravati Rural,Rural,National Highway,105,28,37,68,Adverse Weather / Monsoon,Day (06:00-18:00),0.3524,0.6476,0.5467,Summer
2023,5,Maharashtra,Amravati,Amravati Rural,Rural,National Highway,102,32,35,67,Adverse Weather / Monsoon,Day (06:00-18:00),0.3431,0.6569,0.5402,Summer
2023,6,Maharashtra,Amravati,Amravati Rural,Rural,National Highway,144,37,50,94,Over-speeding,Day (06:00-18:00),0.3472,0.6528,0.5431,Monsoon
2023,7,Maharashtra,Amravati,Amravati Rural,Rural,National Highway,149,41,53,96,Adverse Weather / Monsoon,Day (06:00-18:00),0.3557,0.6443,0.549,Monsoon
2023,8,Maharashtra,Amravati,Amravati Rural,Rural,National Highway,150,43,50,83,Adverse Weather / Monsoon,Night (18:00-06:00),0.3333,0.5533,0.4993,Monsoon
2023,9,Maharashtra,Amravati,Amravati Rural,Rural,National Highway,131,39,43,86,Over-speeding,Night (18:00-06:00),0.3282,0.6565,0.5252,Monsoon
2023,10,Maharashtra,Amravati,Amravati Rural,Rural,National Highway,106,33,39,66,Over-speeding,Day (06:00-18:00),0.3679,0.6226,0.5547,Post-Monsoon
2023,11,Maharashtra,Amravati,Amravati Rural,Rural,National Highway,113,29,34,66,Over-speeding,Day (06:00-18:00),0.3009,0.5841,0.4761,Post-Monsoon
2023,12,Maharashtra,Amravati,Amravati Rural,Rural,National Highway,105,34,39,66,Over-speeding,Night (18:00-06:00),0.3714,0.6286,0.56,Winter
2023,1,Maharashtra,Amravati,Amravati City,City,Urban / City Road,38,8,12,26,Dangerous Overtaking,Day (06:00-18:00),0.3158,0.6842,0.5211,Winter
2023,2,Maharashtra,Amravati,Amravati City,City,Urban / City Road,39,9,9,26,Drunk Driving,Day (06:00-18:00),0.2308,0.6667,0.4308,Winter
2023,3,Maharashtra,Amravati,Amravati City,City,Urban / City Road,38,8,10,27,Over-speeding,Day (06:00-18:00),0.2632,0.7105,0.4763,Summer
2023,4,Maharashtra,Amravati,Amravati City,City,Urban / City Road,36,9,10,26,Over-speeding,Day (06:00-18:00),0.2778,0.7222,0.4944,Summer
2023,5,Maharashtra,Amravati,Amravati City,City,Urban / City Road,38,10,11,27,Over-speeding,Day (06:00-18:00),0.2895,0.7105,0.5026,Summer
2023,6,Maharashtra,Amravati,Amravati City,City,Urban / City Road,52,12,14,35,Over-speeding,Day (06:00-18:00),0.2692,0.6731,0.4712,Monsoon
2023,7,Maharashtra,Amravati,Amravati City,City,Urban / City Road,52,11,15,31,Adverse Weather / Monsoon,Day (06:00-18:00),0.2885,0.5962,0.4673,Monsoon
2023,8,Maharashtra,Amravati,Amravati City,City,Urban / City Road,46,11,16,30,Over-speeding,Day (06:00-18:00),0.3478,0.6522,0.5435,Monsoon
2023,9,Maharashtra,Amravati,Amravati City,City,Urban / City Road,52,12,16,33,Dangerous Overtaking,Day (06:00-18:00),0.3077,0.6346,0.4981,Monsoon
2023,10,Maharashtra,Amravati,Amravati City,City,Urban / City Road,36,8,12,24,Over-speeding,Day (06:00-18:00),0.3333,0.6667,0.5333,Post-Monsoon
2023,11,Maharashtra,Amravati,Amravati City,City,Urban / City Road,36,9,10,26,Over-speeding,Day (06:00-18:00),0.2778,0.7222,0.4944,Post-Monsoon
2023,12,Maharashtra,Amravati,Amravati City,City,Urban / City Road,37,9,12,24,Over-speeding,Night (18:00-06:00),0.3243,0.6486,0.5189,Winter
2023,1,Maharashtra,Raigad,Raigad,Rural,National Highway,136,35,47,89,Over-speeding,Day (06:00-18:00),0.3456,0.6544,0.5419,Winter
2023,2,Maharashtra,Raigad,Raigad,Rural,National Highway,156,41,49,96,Over-speeding,Day (06:00-18:00),0.3141,0.6154,0.4987,Winter
2023,3,Maharashtra,Raigad,Raigad,Rural,National Highway,157,37,55,91,Over-speeding,Night (18:00-06:00),0.3503,0.5796,0.5242,Summer
2023,4,Maharashtra,Raigad,Raigad,Rural,National Highway,150,44,53,97,Dangerous Overtaking,Night (18:00-06:00),0.3533,0.6467,0.5473,Summer
2023,5,Maharashtra,Raigad,Raigad,Rural,National Highway,146,43,47,99,Dangerous Overtaking,Night (18:00-06:00),0.3219,0.6781,0.5253,Summer
2023,6,Maharashtra,Raigad,Raigad,Rural,National Highway,200,54,66,134,Over-speeding,Day (06:00-18:00),0.33,0.67,0.531,Monsoon
2023,7,Maharashtra,Raigad,Raigad,Rural,National Highway,205,56,64,141,Over-speeding,Day (06:00-18:00),0.3122,0.6878,0.5185,Monsoon
2023,8,Maharashtra,Raigad,Raigad,Rural,National Highway,200,50,68,132,Adverse Weather / Monsoon,Night (18:00-06:00),0.34,0.66,0.538,Monsoon
2023,9,Maharashtra,Raigad,Raigad,Rural,National Highway,197,59,59,138,Over-speeding,Day (06:00-18:00),0.2995,0.7005,0.5096,Monsoon
2023,10,Maharashtra,Raigad,Raigad,Rural,National Highway,144,45,45,99,Over-speeding,Night (18:00-06:00),0.3125,0.6875,0.5188,Post-Monsoon
2023,11,Maharashtra,Raigad,Raigad,Rural,National Highway,150,45,45,105,Drunk Driving,Day (06:00-18:00),0.3,0.7,0.51,Post-Monsoon
2023,12,Maharashtra,Raigad,Raigad,Rural,National Highway,154,42,43,107,Over-speeding,Night (18:00-06:00),0.2792,0.6948,0.4877,Winter
2023,1,Maharashtra,Buldhana,Buldhana,Rural,National Highway,100,29,29,62,Dangerous Overtaking,Day (06:00-18:00),0.29,0.62,0.476,Winter
2023,2,Maharashtra,Buldhana,Buldhana,Rural,National Highway,109,26,32,62,Adverse Weather / Monsoon,Night (18:00-06:00),0.2936,0.5688,0.4642,Winter
2023,3,Maharashtra,Buldhana,Buldhana,Rural,National Highway,105,29,34,61,Dangerous Overtaking,Day (06:00-18:00),0.3238,0.581,0.4981,Summer
2023,4,Maharashtra,Buldhana,Buldhana,Rural,National Highway,110,28,37,62,Drunk Driving,Day (06:00-18:00),0.3364,0.5636,0.5055,Summer
2023,5,Maharashtra,Buldhana,Buldhana,Rural,National Highway,102,29,31,71,Over-speeding,Day (06:00-18:00),0.3039,0.6961,0.5127,Summer
2023,6,Maharashtra,Buldhana,Buldhana,Rural,National Highway,131,35,48,83,Adverse Weather / Monsoon,Night (18:00-06:00),0.3664,0.6336,0.5565,Monsoon
2023,7,Maharashtra,Buldhana,Buldhana,Rural,National Highway,145,34,49,83,Over-speeding,Night (18:00-06:00),0.3379,0.5724,0.5097,Monsoon
2023,8,Maharashtra,Buldhana,Buldhana,Rural,National Highway,142,34,47,95,Drunk Driving,Night (18:00-06:00),0.331,0.669,0.5317,Monsoon
2023,9,Maharashtra,Buldhana,Buldhana,Rural,National Highway,129,39,39,90,Over-speeding,Day (06:00-18:00),0.3023,0.6977,0.5116,Monsoon
2023,10,Maharashtra,Buldhana,Buldhana,Rural,National Highway,110,31,36,63,Over-speeding,Day (06:00-18:00),0.3273,0.5727,0.4991,Post-Monsoon
2023,11,Maharashtra,Buldhana,Buldhana,Rural,National Highway,99,26,31,68,Over-speeding,Night (18:00-06:00),0.3131,0.6869,0.5192,Post-Monsoon
2023,12,Maharashtra,Buldhana,Buldhana,Rural,National Highway,99,25,33,66,Over-speeding,Night (18:00-06:00),0.3333,0.6667,0.5333,Winter
2023,1,Maharashtra,Beed,Beed,Rural,State Highway,116,28,37,74,Drunk Driving,Day (06:00-18:00),0.319,0.6379,0.5103,Winter
2023,2,Maharashtra,Beed,Beed,Rural,State Highway,118,35,41,77,Adverse Weather / Monsoon,Night (18:00-06:00),0.3475,0.6525,0.5432,Winter
2023,3,Maharashtra,Beed,Beed,Rural,State Highway,113,35,38,75,Road Defect / Pothole,Day (06:00-18:00),0.3363,0.6637,0.5354,Summer
2023,4,Maharashtra,Beed,Beed,Rural,State Highway,106,30,35,68,Dangerous Overtaking,Day (06:00-18:00),0.3302,0.6415,0.5226,Summer
2023,5,Maharashtra,Beed,Beed,Rural,State Highway,115,30,39,69,Dangerous Overtaking,Night (18:00-06:00),0.3391,0.6,0.5191,Summer
2023,6,Maharashtra,Beed,Beed,Rural,State Highway,155,48,54,97,Adverse Weather / Monsoon,Night (18:00-06:00),0.3484,0.6258,0.5361,Monsoon
2023,7,Maharashtra,Beed,Beed,Rural,State Highway,155,42,42,95,Drunk Driving,Day (06:00-18:00),0.271,0.6129,0.4548,Monsoon
2023,8,Maharashtra,Beed,Beed,Rural,State Highway,147,37,46,101,Over-speeding,Day (06:00-18:00),0.3129,0.6871,0.519,Monsoon
2023,9,Maharashtra,Beed,Beed,Rural,State Highway,147,39,45,95,Dangerous Overtaking,Day (06:00-18:00),0.3061,0.6463,0.5,Monsoon
2023,10,Maharashtra,Beed,Beed,Rural,State Highway,105,34,34,71,Dangerous Overtaking,Day (06:00-18:00),0.3238,0.6762,0.5267,Post-Monsoon
2023,11,Maharashtra,Beed,Beed,Rural,State Highway,109,28,32,72,Over-speeding,Day (06:00-18:00),0.2936,0.6606,0.4917,Post-Monsoon
2023,12,Maharashtra,Beed,Beed,Rural,State Highway,117,31,43,74,Road Defect / Pothole,Night (18:00-06:00),0.3675,0.6325,0.5573,Winter
2023,1,Maharashtra,Yavatmal,Yavatmal,Rural,State Highway,105,26,37,68,Over-speeding,Day (06:00-18:00),0.3524,0.6476,0.5467,Winter
2023,2,Maharashtra,Yavatmal,Yavatmal,Rural,State Highway,101,31,31,67,Over-speeding,Day (06:00-18:00),0.3069,0.6634,0.5059,Winter
2023,3,Maharashtra,Yavatmal,Yavatmal,Rural,State Highway,97,34,35,62,Over-speeding,Night (18:00-06:00),0.3608,0.6392,0.5526,Summer
2023,4,Maharashtra,Yavatmal,Yavatmal,Rural,State Highway,104,30,38,66,Over-speeding,Day (06:00-18:00),0.3654,0.6346,0.5558,Summer
2023,5,Maharashtra,Yavatmal,Yavatmal,Rural,State Highway,109,32,39,70,Drunk Driving,Day (06:00-18:00),0.3578,0.6422,0.5505,Summer
2023,6,Maharashtra,Yavatmal,Yavatmal,Rural,State Highway,138,42,45,85,Dangerous Overtaking,Night (18:00-06:00),0.3261,0.6159,0.5109,Monsoon
2023,7,Maharashtra,Yavatmal,Yavatmal,Rural,State Highway,132,39,40,86,Adverse Weather / Monsoon,Day (06:00-18:00),0.303,0.6515,0.4985,Monsoon
2023,8,Maharashtra,Yavatmal,Yavatmal,Rural,State Highway,133,34,48,84,Adverse Weather / Monsoon,Day (06:00-18:00),0.3609,0.6316,0.5504,Monsoon
2023,9,Maharashtra,Yavatmal,Yavatmal,Rural,State Highway,143,42,48,95,Over-speeding,Night (18:00-06:00),0.3357,0.6643,0.535,Monsoon
2023,10,Maharashtra,Yavatmal,Yavatmal,Rural,State Highway,103,31,37,62,Road Defect / Pothole,Day (06:00-18:00),0.3592,0.6019,0.5398,Post-Monsoon
2023,11,Maharashtra,Yavatmal,Yavatmal,Rural,State Highway,110,31,38,72,Over-speeding,Day (06:00-18:00),0.3455,0.6545,0.5418,Post-Monsoon
2023,12,Maharashtra,Yavatmal,Yavatmal,Rural,State Highway,111,30,30,64,Drunk Driving,Day (06:00-18:00),0.2703,0.5766,0.4432,Winter
2023,1,Maharashtra,Chandrapur,Chandrapur,Rural,National Highway,103,27,36,67,Drunk Driving,Night (18:00-06:00),0.3495,0.6505,0.5447,Winter
2023,2,Maharashtra,Chandrapur,Chandrapur,Rural,National Highway,104,25,32,58,Over-speeding,Day (06:00-18:00),0.3077,0.5577,0.475,Winter
2023,3,Maharashtra,Chandrapur,Chandrapur,Rural,National Highway,97,23,29,58,Drunk Driving,Night (18:00-06:00),0.299,0.5979,0.4784,Summer
2023,4,Maharashtra,Chandrapur,Chandrapur,Rural,National Highway,105,24,36,69,Dangerous Overtaking,Day (06:00-18:00),0.3429,0.6571,0.54,Summer
2023,5,Maharashtra,Chandrapur,Chandrapur,Rural,National Highway,103,27,35,68,Over-speeding,Day (06:00-18:00),0.3398,0.6602,0.5379,Summer
2023,6,Maharashtra,Chandrapur,Chandrapur,Rural,National Highway,129,33,39,90,Over-speeding,Day (06:00-18:00),0.3023,0.6977,0.5116,Monsoon
2023,7,Maharashtra,Chandrapur,Chandrapur,Rural,National Highway,135,41,47,88,Adverse Weather / Monsoon,Night (18:00-06:00),0.3481,0.6519,0.5437,Monsoon
2023,8,Maharashtra,Chandrapur,Chandrapur,Rural,National Highway,131,35,37,86,Over-speeding,Day (06:00-18:00),0.2824,0.6565,0.4794,Monsoon
2023,9,Maharashtra,Chandrapur,Chandrapur,Rural,National Highway,137,36,36,87,Road Defect / Pothole,Night (18:00-06:00),0.2628,0.635,0.4533,Monsoon
2023,10,Maharashtra,Chandrapur,Chandrapur,Rural,National Highway,101,25,32,64,Drunk Driving,Night (18:00-06:00),0.3168,0.6337,0.5069,Post-Monsoon
2023,11,Maharashtra,Chandrapur,Chandrapur,Rural,National Highway,101,28,29,61,Over-speeding,Day (06:00-18:00),0.2871,0.604,0.4683,Post-Monsoon
2023,12,Maharashtra,Chandrapur,Chandrapur,Rural,National Highway,96,25,35,61,Road Defect / Pothole,Day (06:00-18:00),0.3646,0.6354,0.5552,Winter
2023,1,Maharashtra,Latur,Latur,Rural,State Highway,82,23,28,54,Over-speeding,Night (18:00-06:00),0.3415,0.6585,0.539,Winter
2023,2,Maharashtra,Latur,Latur,Rural,State Highway,86,28,28,58,Adverse Weather / Monsoon,Day (06:00-18:00),0.3256,0.6744,0.5279,Winter
2023,3,Maharashtra,Latur,Latur,Rural,State Highway,86,22,32,54,Dangerous Overtaking,Day (06:00-18:00),0.3721,0.6279,0.5605,Summer
2023,4,Maharashtra,Latur,Latur,Rural,State Highway,93,25,33,60,Over-speeding,Night (18:00-06:00),0.3548,0.6452,0.5484,Summer
2023,5,Maharashtra,Latur,Latur,Rural,State Highway,95,24,33,62,Over-speeding,Day (06:00-18:00),0.3474,0.6526,0.5432,Summer
2023,6,Maharashtra,Latur,Latur,Rural,State Highway,126,33,33,72,Drunk Driving,Day (06:00-18:00),0.2619,0.5714,0.4333,Monsoon
2023,7,Maharashtra,Latur,Latur,Rural,State Highway,112,34,36,75,Dangerous Overtaking,Day (06:00-18:00),0.3214,0.6696,0.5223,Monsoon
2023,8,Maharashtra,Latur,Latur,Rural,State Highway,121,37,38,83,Adverse Weather / Monsoon,Night (18:00-06:00),0.314,0.686,0.5198,Monsoon
2023,9,Maharashtra,Latur,Latur,Rural,State Highway,111,34,38,71,Over-speeding,Day (06:00-18:00),0.3423,0.6396,0.5342,Monsoon
2023,10,Maharashtra,Latur,Latur,Rural,State Highway,90,23,26,57,Over-speeding,Day (06:00-18:00),0.2889,0.6333,0.4789,Post-Monsoon
2023,11,Maharashtra,Latur,Latur,Rural,State Highway,95,25,25,57,Dangerous Overtaking,Night (18:00-06:00),0.2632,0.6,0.4432,Post-Monsoon
2023,12,Maharashtra,Latur,Latur,Rural,State Highway,95,25,33,62,Over-speeding,Night (18:00-06:00),0.3474,0.6526,0.5432,Winter
2023,1,Maharashtra,Dhule,Dhule,Rural,National Highway,97,27,36,61,Drunk Driving,Night (18:00-06:00),0.3711,0.6289,0.5598,Winter
2023,2,Maharashtra,Dhule,Dhule,Rural,National Highway,101,30,30,57,Over-speeding,Day (06:00-18:00),0.297,0.5644,0.4663,Winter
2023,3,Maharashtra,Dhule,Dhule,Rural,National Highway,98,24,35,63,Dangerous Overtaking,Day (06:00-18:00),0.3571,0.6429,0.55,Summer
2023,4,Maharashtra,Dhule,Dhule,Rural,National Highway,97,25,32,65,Road Defect / Pothole,Day (06:00-18:00),0.3299,0.6701,0.5309,Summer
2023,5,Maharashtra,Dhule,Dhule,Rural,National Highway,89,29,31,58,Over-speeding,Day (06:00-18:00),0.3483,0.6517,0.5438,Summer
2023,6,Maharashtra,Dhule,Dhule,Rural,National Highway,132,35,40,88,Dangerous Overtaking,Night (18:00-06:00),0.303,0.6667,0.503,Monsoon
2023,7,Maharashtra,Dhule,Dhule,Rural,National Highway,134,38,47,87,Adverse Weather / Monsoon,Day (06:00-18:00),0.3507,0.6493,0.5455,Monsoon
2023,8,Maharashtra,Dhule,Dhule,Rural,National Highway,126,34,45,81,Adverse Weather / Monsoon,Day (06:00-18:00),0.3571,0.6429,0.55,Monsoon
2023,9,Maharashtra,Dhule,Dhule,Rural,National Highway,129,32,42,81,Over-speeding,Day (06:00-18:00),0.3256,0.6279,0.514,Monsoon
2023,10,Maharashtra,Dhule,Dhule,Rural,National Highway,89,27,27,55,Dangerous Overtaking,Day (06:00-18:00),0.3034,0.618,0.4888,Post-Monsoon
2023,11,Maharashtra,Dhule,Dhule,Rural,National Highway,95,29,30,64,Dangerous Overtaking,Day (06:00-18:00),0.3158,0.6737,0.5179,Post-Monsoon
2023,12,Maharashtra,Dhule,Dhule,Rural,National Highway,95,23,29,60,Over-speeding,Day (06:00-18:00),0.3053,0.6316,0.4947,Winter
2023,1,Maharashtra,Jalna,Jalna,Rural,State Highway,93,25,29,54,Dangerous Overtaking,Day (06:00-18:00),0.3118,0.5806,0.486,Winter
2023,2,Maharashtra,Jalna,Jalna,Rural,State Highway,91,27,32,59,Over-speeding,Night (18:00-06:00),0.3516,0.6484,0.5462,Winter
2023,3,Maharashtra,Jalna,Jalna,Rural,State Highway,93,24,29,55,Dangerous Overtaking,Night (18:00-06:00),0.3118,0.5914,0.4892,Summer
2023,4,Maharashtra,Jalna,Jalna,Rural,State Highway,90,27,27,63,Adverse Weather / Monsoon,Night (18:00-06:00),0.3,0.7,0.51,Summer
2023,5,Maharashtra,Jalna,Jalna,Rural,State Highway,96,23,26,54,Dangerous Overtaking,Day (06:00-18:00),0.2708,0.5625,0.4396,Summer
2023,6,Maharashtra,Jalna,Jalna,Rural,State Highway,124,33,40,84,Over-speeding,Day (06:00-18:00),0.3226,0.6774,0.5258,Monsoon
2023,7,Maharashtra,Jalna,Jalna,Rural,State Highway,125,34,34,83,Adverse Weather / Monsoon,Day (06:00-18:00),0.272,0.664,0.4712,Monsoon
2023,8,Maharashtra,Jalna,Jalna,Rural,State Highway,120,32,35,72,Adverse Weather / Monsoon,Day (06:00-18:00),0.2917,0.6,0.4717,Monsoon
2023,9,Maharashtra,Jalna,Jalna,Rural,State Highway,124,34,39,85,Over-speeding,Night (18:00-06:00),0.3145,0.6855,0.5202,Monsoon
2023,10,Maharashtra,Jalna,Jalna,Rural,State Highway,89,26,26,63,Over-speeding,Day (06:00-18:00),0.2921,0.7079,0.5045,Post-Monsoon
2023,11,Maharashtra,Jalna,Jalna,Rural,State Highway,93,28,33,60,Over-speeding,Night (18:00-06:00),0.3548,0.6452,0.5484,Post-Monsoon
2023,12,Maharashtra,Jalna,Jalna,Rural,State Highway,95,29,33,61,Over-speeding,Night (18:00-06:00),0.3474,0.6421,0.54,Winter
2023,1,Maharashtra,Parbhani,Parbhani,Rural,State Highway,80,19,22,53,Over-speeding,Night (18:00-06:00),0.275,0.6625,0.4738,Winter
2023,2,Maharashtra,Parbhani,Parbhani,Rural,State Highway,72,19,23,45,Over-speeding,Day (06:00-18:00),0.3194,0.625,0.5069,Winter
2023,3,Maharashtra,Parbhani,Parbhani,Rural,State Highway,78,21,29,49,Over-speeding,Day (06:00-18:00),0.3718,0.6282,0.5603,Summer
2023,4,Maharashtra,Parbhani,Parbhani,Rural,State Highway,74,18,22,45,Over-speeding,Night (18:00-06:00),0.2973,0.6081,0.4797,Summer
2023,5,Maharashtra,Parbhani,Parbhani,Rural,State Highway,82,24,29,53,Adverse Weather / Monsoon,Day (06:00-18:00),0.3537,0.6463,0.5476,Summer
2023,6,Maharashtra,Parbhani,Parbhani,Rural,State Highway,99,30,30,69,Adverse Weather / Monsoon,Day (06:00-18:00),0.303,0.697,0.5121,Monsoon
2023,7,Maharashtra,Parbhani,Parbhani,Rural,State Highway,103,24,30,67,Adverse Weather / Monsoon,Day (06:00-18:00),0.2913,0.6505,0.4864,Monsoon
2023,8,Maharashtra,Parbhani,Parbhani,Rural,State Highway,104,31,33,68,Adverse Weather / Monsoon,Night (18:00-06:00),0.3173,0.6538,0.5135,Monsoon
2023,9,Maharashtra,Parbhani,Parbhani,Rural,State Highway,97,28,29,68,Over-speeding,Night (18:00-06:00),0.299,0.701,0.5093,Monsoon
2023,10,Maharashtra,Parbhani,Parbhani,Rural,State Highway,78,23,23,44,Adverse Weather / Monsoon,Day (06:00-18:00),0.2949,0.5641,0.4641,Post-Monsoon
2023,11,Maharashtra,Parbhani,Parbhani,Rural,State Highway,74,19,25,47,Over-speeding,Day (06:00-18:00),0.3378,0.6351,0.5284,Post-Monsoon
2023,12,Maharashtra,Parbhani,Parbhani,Rural,State Highway,74,23,25,49,Adverse Weather / Monsoon,Night (18:00-06:00),0.3378,0.6622,0.5365,Winter
2023,1,Maharashtra,Akola,Akola,Rural,National Highway,80,22,28,52,Over-speeding,Night (18:00-06:00),0.35,0.65,0.545,Winter
2023,2,Maharashtra,Akola,Akola,Rural,National Highway,81,24,24,45,Over-speeding,Day (06:00-18:00),0.2963,0.5556,0.463,Winter
2023,3,Maharashtra,Akola,Akola,Rural,National Highway,81,24,28,45,Over-speeding,Night (18:00-06:00),0.3457,0.5556,0.5123,Summer
2023,4,Maharashtra,Akola,Akola,Rural,National Highway,75,19,28,47,Over-speeding,Night (18:00-06:00),0.3733,0.6267,0.5613,Summer
2023,5,Maharashtra,Akola,Akola,Rural,National Highway,72,20,24,48,Over-speeding,Day (06:00-18:00),0.3333,0.6667,0.5333,Summer
2023,6,Maharashtra,Akola,Akola,Rural,National Highway,104,32,34,69,Over-speeding,Day (06:00-18:00),0.3269,0.6635,0.526,Monsoon
2023,7,Maharashtra,Akola,Akola,Rural,National Highway,108,26,30,60,Adverse Weather / Monsoon,Night (18:00-06:00),0.2778,0.5556,0.4444,Monsoon
2023,8,Maharashtra,Akola,Akola,Rural,National Highway,109,28,34,63,Over-speeding,Day (06:00-18:00),0.3119,0.578,0.4853,Monsoon
2023,9,Maharashtra,Akola,Akola,Rural,National Highway,104,28,32,72,Dangerous Overtaking,Night (18:00-06:00),0.3077,0.6923,0.5154,Monsoon
2023,10,Maharashtra,Akola,Akola,Rural,National Highway,75,21,26,47,Over-speeding,Night (18:00-06:00),0.3467,0.6267,0.5347,Post-Monsoon
2023,11,Maharashtra,Akola,Akola,Rural,National Highway,84,20,23,49,Over-speeding,Day (06:00-18:00),0.2738,0.5833,0.4488,Post-Monsoon
2023,12,Maharashtra,Akola,Akola,Rural,National Highway,75,21,26,49,Over-speeding,Day (06:00-18:00),0.3467,0.6533,0.5427,Winter
2023,1,Maharashtra,Dharashiv,Dharashiv (Osmanabad),Rural,National Highway,88,26,26,56,Road Defect / Pothole,Night (18:00-06:00),0.2955,0.6364,0.4864,Winter
2023,2,Maharashtra,Dharashiv,Dharashiv (Osmanabad),Rural,National Highway,82,20,30,52,Road Defect / Pothole,Night (18:00-06:00),0.3659,0.6341,0.5561,Winter
2023,3,Maharashtra,Dharashiv,Dharashiv (Osmanabad),Rural,National Highway,87,26,29,55,Drunk Driving,Day (06:00-18:00),0.3333,0.6322,0.523,Summer
2023,4,Maharashtra,Dharashiv,Dharashiv (Osmanabad),Rural,National Highway,87,25,30,55,Over-speeding,Day (06:00-18:00),0.3448,0.6322,0.5345,Summer
2023,5,Maharashtra,Dharashiv,Dharashiv (Osmanabad),Rural,National Highway,87,22,28,49,Drunk Driving,Night (18:00-06:00),0.3218,0.5632,0.4908,Summer
2023,6,Maharashtra,Dharashiv,Dharashiv (Osmanabad),Rural,National Highway,112,29,37,67,Over-speeding,Night (18:00-06:00),0.3304,0.5982,0.5098,Monsoon
2023,7,Maharashtra,Dharashiv,Dharashiv (Osmanabad),Rural,National Highway,107,30,37,70,Adverse Weather / Monsoon,Night (18:00-06:00),0.3458,0.6542,0.5421,Monsoon
2023,8,Maharashtra,Dharashiv,Dharashiv (Osmanabad),Rural,National Highway,96,30,31,63,Adverse Weather / Monsoon,Day (06:00-18:00),0.3229,0.6562,0.5198,Monsoon
2023,9,Maharashtra,Dharashiv,Dharashiv (Osmanabad),Rural,National Highway,105,33,37,68,Dangerous Overtaking,Night (18:00-06:00),0.3524,0.6476,0.5467,Monsoon
2023,10,Maharashtra,Dharashiv,Dharashiv (Osmanabad),Rural,National Highway,82,24,25,54,Dangerous Overtaking,Night (18:00-06:00),0.3049,0.6585,0.5024,Post-Monsoon
2023,11,Maharashtra,Dharashiv,Dharashiv (Osmanabad),Rural,National Highway,87,25,25,53,Dangerous Overtaking,Day (06:00-18:00),0.2874,0.6092,0.4701,Post-Monsoon
2023,12,Maharashtra,Dharashiv,Dharashiv (Osmanabad),Rural,National Highway,78,24,29,48,Over-speeding,Day (06:00-18:00),0.3718,0.6154,0.5564,Winter
2023,1,Maharashtra,Nandurbar,Nandurbar,Rural,State Highway,68,16,24,43,Adverse Weather / Monsoon,Day (06:00-18:00),0.3529,0.6324,0.5426,Winter
2023,2,Maharashtra,Nandurbar,Nandurbar,Rural,State Highway,64,19,21,39,Over-speeding,Day (06:00-18:00),0.3281,0.6094,0.5109,Winter
2023,3,Maharashtra,Nandurbar,Nandurbar,Rural,State Highway,64,17,24,40,Adverse Weather / Monsoon,Day (06:00-18:00),0.375,0.625,0.5625,Summer
2023,4,Maharashtra,Nandurbar,Nandurbar,Rural,State Highway,62,20,24,38,Over-speeding,Night (18:00-06:00),0.3871,0.6129,0.571,Summer
2023,5,Maharashtra,Nandurbar,Nandurbar,Rural,State Highway,60,16,21,37,Dangerous Overtaking,Night (18:00-06:00),0.35,0.6167,0.535,Summer
2023,6,Maharashtra,Nandurbar,Nandurbar,Rural,State Highway,89,22,30,48,Road Defect / Pothole,Day (06:00-18:00),0.3371,0.5393,0.4989,Monsoon
2023,7,Maharashtra,Nandurbar,Nandurbar,Rural,State Highway,82,24,32,50,Adverse Weather / Monsoon,Day (06:00-18:00),0.3902,0.6098,0.5732,Monsoon
2023,8,Maharashtra,Nandurbar,Nandurbar,Rural,State Highway,87,24,27,57,Road Defect / Pothole,Day (06:00-18:00),0.3103,0.6552,0.5069,Monsoon
2023,9,Maharashtra,Nandurbar,Nandurbar,Rural,State Highway,81,20,29,52,Over-speeding,Day (06:00-18:00),0.358,0.642,0.5506,Monsoon
2023,10,Maharashtra,Nandurbar,Nandurbar,Rural,State Highway,63,17,24,39,Adverse Weather / Monsoon,Night (18:00-06:00),0.381,0.619,0.5667,Post-Monsoon
2023,11,Maharashtra,Nandurbar,Nandurbar,Rural,State Highway,58,19,19,39,Drunk Driving,Day (06:00-18:00),0.3276,0.6724,0.5293,Post-Monsoon
2023,12,Maharashtra,Nandurbar,Nandurbar,Rural,State Highway,65,19,21,44,Over-speeding,Day (06:00-18:00),0.3231,0.6769,0.5262,Winter
2023,1,Maharashtra,Ratnagiri,Ratnagiri,Rural,National Highway,75,24,25,50,Adverse Weather / Monsoon,Night (18:00-06:00),0.3333,0.6667,0.5333,Winter
2023,2,Maharashtra,Ratnagiri,Ratnagiri,Rural,National Highway,83,19,27,48,Over-speeding,Day (06:00-18:00),0.3253,0.5783,0.4988,Winter
2023,3,Maharashtra,Ratnagiri,Ratnagiri,Rural,National Highway,76,24,25,50,Drunk Driving,Night (18:00-06:00),0.3289,0.6579,0.5263,Summer
2023,4,Maharashtra,Ratnagiri,Ratnagiri,Rural,National Highway,82,21,23,49,Over-speeding,Day (06:00-18:00),0.2805,0.5976,0.4598,Summer
2023,5,Maharashtra,Ratnagiri,Ratnagiri,Rural,National Highway,82,22,25,56,Over-speeding,Day (06:00-18:00),0.3049,0.6829,0.5098,Summer
2023,6,Maharashtra,Ratnagiri,Ratnagiri,Rural,National Highway,106,29,30,64,Adverse Weather / Monsoon,Day (06:00-18:00),0.283,0.6038,0.4642,Monsoon
2023,7,Maharashtra,Ratnagiri,Ratnagiri,Rural,National Highway,99,25,35,64,Over-speeding,Day (06:00-18:00),0.3535,0.6465,0.5475,Monsoon
2023,8,Maharashtra,Ratnagiri,Ratnagiri,Rural,National Highway,103,29,34,65,Adverse Weather / Monsoon,Night (18:00-06:00),0.3301,0.6311,0.5194,Monsoon
2023,9,Maharashtra,Ratnagiri,Ratnagiri,Rural,National Highway,101,28,33,68,Dangerous Overtaking,Day (06:00-18:00),0.3267,0.6733,0.5287,Monsoon
2023,10,Maharashtra,Ratnagiri,Ratnagiri,Rural,National Highway,80,21,22,54,Over-speeding,Day (06:00-18:00),0.275,0.675,0.4775,Post-Monsoon
2023,11,Maharashtra,Ratnagiri,Ratnagiri,Rural,National Highway,84,23,29,50,Over-speeding,Night (18:00-06:00),0.3452,0.5952,0.5238,Post-Monsoon
2023,12,Maharashtra,Ratnagiri,Ratnagiri,Rural,National Highway,77,20,28,49,Road Defect / Pothole,Day (06:00-18:00),0.3636,0.6364,0.5545,Winter
2023,1,Maharashtra,Gondia,Gondia,Rural,State Highway,53,16,18,34,Over-speeding,Day (06:00-18:00),0.3396,0.6415,0.5321,Winter
2023,2,Maharashtra,Gondia,Gondia,Rural,State Highway,61,19,19,35,Dangerous Overtaking,Day (06:00-18:00),0.3115,0.5738,0.4836,Winter
2023,3,Maharashtra,Gondia,Gondia,Rural,State Highway,61,18,23,38,Over-speeding,Night (18:00-06:00),0.377,0.623,0.5639,Summer
2023,4,Maharashtra,Gondia,Gondia,Rural,State Highway,65,16,23,42,Over-speeding,Day (06:00-18:00),0.3538,0.6462,0.5477,Summer
2023,5,Maharashtra,Gondia,Gondia,Rural,State Highway,59,18,18,41,Drunk Driving,Night (18:00-06:00),0.3051,0.6949,0.5136,Summer
2023,6,Maharashtra,Gondia,Gondia,Rural,State Highway,81,21,28,53,Dangerous Overtaking,Night (18:00-06:00),0.3457,0.6543,0.542,Monsoon
2023,7,Maharashtra,Gondia,Gondia,Rural,State Highway,78,20,29,49,Adverse Weather / Monsoon,Night (18:00-06:00),0.3718,0.6282,0.5603,Monsoon
2023,8,Maharashtra,Gondia,Gondia,Rural,State Highway,74,24,25,49,Over-speeding,Day (06:00-18:00),0.3378,0.6622,0.5365,Monsoon
2023,9,Maharashtra,Gondia,Gondia,Rural,State Highway,78,23,23,53,Over-speeding,Night (18:00-06:00),0.2949,0.6795,0.4987,Monsoon
2023,10,Maharashtra,Gondia,Gondia,Rural,State Highway,59,15,18,37,Dangerous Overtaking,Night (18:00-06:00),0.3051,0.6271,0.4932,Post-Monsoon
2023,11,Maharashtra,Gondia,Gondia,Rural,State Highway,60,18,21,39,Drunk Driving,Day (06:00-18:00),0.35,0.65,0.545,Post-Monsoon
2023,12,Maharashtra,Gondia,Gondia,Rural,State Highway,62,18,20,38,Over-speeding,Day (06:00-18:00),0.3226,0.6129,0.5065,Winter
2023,1,Maharashtra,Wardha,Wardha,Rural,National Highway,75,20,25,50,Dangerous Overtaking,Night (18:00-06:00),0.3333,0.6667,0.5333,Winter
2023,2,Maharashtra,Wardha,Wardha,Rural,National Highway,77,23,27,50,Over-speeding,Day (06:00-18:00),0.3506,0.6494,0.5455,Winter
2023,3,Maharashtra,Wardha,Wardha,Rural,National Highway,71,18,24,47,Dangerous Overtaking,Day (06:00-18:00),0.338,0.662,0.5366,Summer
2023,4,Maharashtra,Wardha,Wardha,Rural,National Highway,77,18,27,50,Over-speeding,Day (06:00-18:00),0.3506,0.6494,0.5455,Summer
2023,5,Maharashtra,Wardha,Wardha,Rural,National Highway,76,20,26,50,Over-speeding,Day (06:00-18:00),0.3421,0.6579,0.5395,Summer
2023,6,Maharashtra,Wardha,Wardha,Rural,National Highway,97,28,28,58,Over-speeding,Night (18:00-06:00),0.2887,0.5979,0.468,Monsoon
2023,7,Maharashtra,Wardha,Wardha,Rural,National Highway,102,30,30,58,Adverse Weather / Monsoon,Day (06:00-18:00),0.2941,0.5686,0.4647,Monsoon
2023,8,Maharashtra,Wardha,Wardha,Rural,National Highway,89,26,28,58,Adverse Weather / Monsoon,Day (06:00-18:00),0.3146,0.6517,0.5101,Monsoon
2023,9,Maharashtra,Wardha,Wardha,Rural,National Highway,94,30,32,62,Over-speeding,Day (06:00-18:00),0.3404,0.6596,0.5383,Monsoon
2023,10,Maharashtra,Wardha,Wardha,Rural,National Highway,68,20,21,43,Dangerous Overtaking,Day (06:00-18:00),0.3088,0.6324,0.4985,Post-Monsoon
2023,11,Maharashtra,Wardha,Wardha,Rural,National Highway,72,21,21,51,Over-speeding,Day (06:00-18:00),0.2917,0.7083,0.5042,Post-Monsoon
2023,12,Maharashtra,Wardha,Wardha,Rural,National Highway,72,20,21,45,Adverse Weather / Monsoon,Night (18:00-06:00),0.2917,0.625,0.4792,Winter
2023,1,Maharashtra,Bhandara,Bhandara,Rural,National Highway,64,20,21,43,Road Defect / Pothole,Day (06:00-18:00),0.3281,0.6719,0.5297,Winter
2023,2,Maharashtra,Bhandara,Bhandara,Rural,National Highway,58,18,22,36,Over-speeding,Night (18:00-06:00),0.3793,0.6207,0.5655,Winter
2023,3,Maharashtra,Bhandara,Bhandara,Rural,National Highway,65,19,20,40,Drunk Driving,Day (06:00-18:00),0.3077,0.6154,0.4923,Summer
2023,4,Maharashtra,Bhandara,Bhandara,Rural,National Highway,60,17,20,40,Over-speeding,Night (18:00-06:00),0.3333,0.6667,0.5333,Summer
2023,5,Maharashtra,Bhandara,Bhandara,Rural,National Highway,59,17,19,40,Over-speeding,Night (18:00-06:00),0.322,0.678,0.5254,Summer
2023,6,Maharashtra,Bhandara,Bhandara,Rural,National Highway,79,24,28,47,Dangerous Overtaking,Night (18:00-06:00),0.3544,0.5949,0.5329,Monsoon
2023,7,Maharashtra,Bhandara,Bhandara,Rural,National Highway,76,26,26,50,Adverse Weather / Monsoon,Day (06:00-18:00),0.3421,0.6579,0.5395,Monsoon
2023,8,Maharashtra,Bhandara,Bhandara,Rural,National Highway,82,25,30,52,Adverse Weather / Monsoon,Night (18:00-06:00),0.3659,0.6341,0.5561,Monsoon
2023,9,Maharashtra,Bhandara,Bhandara,Rural,National Highway,79,23,23,56,Adverse Weather / Monsoon,Night (18:00-06:00),0.2911,0.7089,0.5038,Monsoon
2023,10,Maharashtra,Bhandara,Bhandara,Rural,National Highway,65,17,21,42,Dangerous Overtaking,Day (06:00-18:00),0.3231,0.6462,0.5169,Post-Monsoon
2023,11,Maharashtra,Bhandara,Bhandara,Rural,National Highway,61,17,23,38,Dangerous Overtaking,Night (18:00-06:00),0.377,0.623,0.5639,Post-Monsoon
2023,12,Maharashtra,Bhandara,Bhandara,Rural,National Highway,60,16,23,37,Over-speeding,Night (18:00-06:00),0.3833,0.6167,0.5683,Winter
2023,1,Maharashtra,Washim,Washim,Rural,State Highway,60,18,21,34,Over-speeding,Day (06:00-18:00),0.35,0.5667,0.52,Winter
2023,2,Maharashtra,Washim,Washim,Rural,State Highway,61,16,21,40,Over-speeding,Day (06:00-18:00),0.3443,0.6557,0.541,Winter
2023,3,Maharashtra,Washim,Washim,Rural,State Highway,55,16,17,36,Over-speeding,Day (06:00-18:00),0.3091,0.6545,0.5055,Summer
2023,4,Maharashtra,Washim,Washim,Rural,State Highway,52,15,19,33,Over-speeding,Day (06:00-18:00),0.3654,0.6346,0.5558,Summer
2023,5,Maharashtra,Washim,Washim,Rural,State Highway,55,16,17,38,Dangerous Overtaking,Night (18:00-06:00),0.3091,0.6909,0.5164,Summer
2023,6,Maharashtra,Washim,Washim,Rural,State Highway,72,23,25,47,Dangerous Overtaking,Day (06:00-18:00),0.3472,0.6528,0.5431,Monsoon
2023,7,Maharashtra,Washim,Washim,Rural,State Highway,73,19,27,46,Over-speeding,Day (06:00-18:00),0.3699,0.6301,0.5589,Monsoon
2023,8,Maharashtra,Washim,Washim,Rural,State Highway,74,22,27,46,Adverse Weather / Monsoon,Day (06:00-18:00),0.3649,0.6216,0.5514,Monsoon
2023,9,Maharashtra,Washim,Washim,Rural,State Highway,77,22,27,45,Over-speeding,Night (18:00-06:00),0.3506,0.5844,0.526,Monsoon
2023,10,Maharashtra,Washim,Washim,Rural,State Highway,59,16,20,39,Over-speeding,Day (06:00-18:00),0.339,0.661,0.5373,Post-Monsoon
2023,11,Maharashtra,Washim,Washim,Rural,State Highway,53,17,20,33,Dangerous Overtaking,Day (06:00-18:00),0.3774,0.6226,0.5642,Post-Monsoon
2023,12,Maharashtra,Washim,Washim,Rural,State Highway,54,14,18,36,Over-speeding,Night (18:00-06:00),0.3333,0.6667,0.5333,Winter
2023,1,Maharashtra,Hingoli,Hingoli,Rural,State Highway,49,11,16,33,Dangerous Overtaking,Day (06:00-18:00),0.3265,0.6735,0.5286,Winter
2023,2,Maharashtra,Hingoli,Hingoli,Rural,State Highway,49,13,14,30,Over-speeding,Night (18:00-06:00),0.2857,0.6122,0.4694,Winter
2023,3,Maharashtra,Hingoli,Hingoli,Rural,State Highway,47,14,14,33,Dangerous Overtaking,Day (06:00-18:00),0.2979,0.7021,0.5085,Summer
2023,4,Maharashtra,Hingoli,Hingoli,Rural,State Highway,45,11,17,28,Over-speeding,Day (06:00-18:00),0.3778,0.6222,0.5644,Summer
2023,5,Maharashtra,Hingoli,Hingoli,Rural,State Highway,43,12,15,28,Over-speeding,Day (06:00-18:00),0.3488,0.6512,0.5442,Summer
2023,6,Maharashtra,Hingoli,Hingoli,Rural,State Highway,63,17,22,40,Over-speeding,Day (06:00-18:00),0.3492,0.6349,0.5397,Monsoon
2023,7,Maharashtra,Hingoli,Hingoli,Rural,State Highway,62,19,21,41,Over-speeding,Night (18:00-06:00),0.3387,0.6613,0.5371,Monsoon
2023,8,Maharashtra,Hingoli,Hingoli,Rural,State Highway,64,17,22,42,Adverse Weather / Monsoon,Day (06:00-18:00),0.3438,0.6562,0.5406,Monsoon
2023,9,Maharashtra,Hingoli,Hingoli,Rural,State Highway,61,19,19,40,Over-speeding,Day (06:00-18:00),0.3115,0.6557,0.5082,Monsoon
2023,10,Maharashtra,Hingoli,Hingoli,Rural,State Highway,45,13,16,29,Over-speeding,Night (18:00-06:00),0.3556,0.6444,0.5489,Post-Monsoon
2023,11,Maharashtra,Hingoli,Hingoli,Rural,State Highway,49,13,17,32,Over-speeding,Day (06:00-18:00),0.3469,0.6531,0.5429,Post-Monsoon
2023,12,Maharashtra,Hingoli,Hingoli,Rural,State Highway,48,12,15,33,Over-speeding,Day (06:00-18:00),0.3125,0.6875,0.5187,Winter
2023,1,Maharashtra,Gadchiroli,Gadchiroli,Rural,State Highway,42,13,14,26,Drunk Driving,Day (06:00-18:00),0.3333,0.619,0.519,Winter
2023,2,Maharashtra,Gadchiroli,Gadchiroli,Rural,State Highway,46,14,16,30,Dangerous Overtaking,Day (06:00-18:00),0.3478,0.6522,0.5435,Winter
2023,3,Maharashtra,Gadchiroli,Gadchiroli,Rural,State Highway,43,14,16,26,Over-speeding,Night (18:00-06:00),0.3721,0.6047,0.5535,Summer
2023,4,Maharashtra,Gadchiroli,Gadchiroli,Rural,State Highway,43,12,14,29,Road Defect / Pothole,Day (06:00-18:00),0.3256,0.6744,0.5279,Summer
2023,5,Maharashtra,Gadchiroli,Gadchiroli,Rural,State Highway,41,11,13,28,Over-speeding,Day (06:00-18:00),0.3171,0.6829,0.522,Summer
2023,6,Maharashtra,Gadchiroli,Gadchiroli,Rural,State Highway,59,15,21,36,Road Defect / Pothole,Day (06:00-18:00),0.3559,0.6102,0.539,Monsoon
2023,7,Maharashtra,Gadchiroli,Gadchiroli,Rural,State Highway,59,18,19,39,Adverse Weather / Monsoon,Night (18:00-06:00),0.322,0.661,0.5203,Monsoon
2023,8,Maharashtra,Gadchiroli,Gadchiroli,Rural,State Highway,57,16,18,39,Dangerous Overtaking,Day (06:00-18:00),0.3158,0.6842,0.5211,Monsoon
2023,9,Maharashtra,Gadchiroli,Gadchiroli,Rural,State Highway,58,16,18,39,Dangerous Overtaking,Day (06:00-18:00),0.3103,0.6724,0.5121,Monsoon
2023,10,Maharashtra,Gadchiroli,Gadchiroli,Rural,State Highway,42,11,14,28,Over-speeding,Day (06:00-18:00),0.3333,0.6667,0.5333,Post-Monsoon
2023,11,Maharashtra,Gadchiroli,Gadchiroli,Rural,State Highway,41,13,13,28,Adverse Weather / Monsoon,Night (18:00-06:00),0.3171,0.6829,0.522,Post-Monsoon
2023,12,Maharashtra,Gadchiroli,Gadchiroli,Rural,State Highway,45,11,16,29,Over-speeding,Night (18:00-06:00),0.3556,0.6444,0.5489,Winter
2023,1,Maharashtra,Sindhudurg,Sindhudurg,Rural,National Highway,55,12,19,36,Over-speeding,Night (18:00-06:00),0.3455,0.6545,0.5418,Winter
2023,2,Maharashtra,Sindhudurg,Sindhudurg,Rural,National Highway,54,15,17,37,Over-speeding,Night (18:00-06:00),0.3148,0.6852,0.5204,Winter
2023,3,Maharashtra,Sindhudurg,Sindhudurg,Rural,National Highway,53,14,19,34,Adverse Weather / Monsoon,Day (06:00-18:00),0.3585,0.6415,0.5509,Summer
2023,4,Maharashtra,Sindhudurg,Sindhudurg,Rural,National Highway,51,13,15,35,Dangerous Overtaking,Night (18:00-06:00),0.2941,0.6863,0.5,Summer
2023,5,Maharashtra,Sindhudurg,Sindhudurg,Rural,National Highway,51,13,17,34,Adverse Weather / Monsoon,Night (18:00-06:00),0.3333,0.6667,0.5333,Summer
2023,6,Maharashtra,Sindhudurg,Sindhudurg,Rural,National Highway,72,18,25,47,Over-speeding,Night (18:00-06:00),0.3472,0.6528,0.5431,Monsoon
2023,7,Maharashtra,Sindhudurg,Sindhudurg,Rural,National Highway,64,16,22,41,Over-speeding,Day (06:00-18:00),0.3438,0.6406,0.5359,Monsoon
2023,8,Maharashtra,Sindhudurg,Sindhudurg,Rural,National Highway,70,19,20,41,Adverse Weather / Monsoon,Day (06:00-18:00),0.2857,0.5857,0.4614,Monsoon
2023,9,Maharashtra,Sindhudurg,Sindhudurg,Rural,National Highway,69,20,20,45,Over-speeding,Day (06:00-18:00),0.2899,0.6522,0.4855,Monsoon
2023,10,Maharashtra,Sindhudurg,Sindhudurg,Rural,National Highway,51,15,17,34,Over-speeding,Day (06:00-18:00),0.3333,0.6667,0.5333,Post-Monsoon
2023,11,Maharashtra,Sindhudurg,Sindhudurg,Rural,National Highway,48,15,15,31,Dangerous Overtaking,Day (06:00-18:00),0.3125,0.6458,0.5062,Post-Monsoon
2023,12,Maharashtra,Sindhudurg,Sindhudurg,Rural,National Highway,51,14,18,33,Dangerous Overtaking,Day (06:00-18:00),0.3529,0.6471,0.5471,Winter
2023,1,Maharashtra,Palghar,Palghar,Rural,National Highway,113,35,39,72,Over-speeding,Day (06:00-18:00),0.3451,0.6372,0.5363,Winter
2023,2,Maharashtra,Palghar,Palghar,Rural,National Highway,124,37,39,85,Over-speeding,Day (06:00-18:00),0.3145,0.6855,0.5202,Winter
2023,3,Maharashtra,Palghar,Palghar,Rural,National Highway,120,35,35,83,Adverse Weather / Monsoon,Day (06:00-18:00),0.2917,0.6917,0.4992,Summer
2023,4,Maharashtra,Palghar,Palghar,Rural,National Highway,127,35,42,85,Over-speeding,Night (18:00-06:00),0.3307,0.6693,0.5315,Summer
2023,5,Maharashtra,Palghar,Palghar,Rural,National Highway,119,33,33,81,Over-speeding,Day (06:00-18:00),0.2773,0.6807,0.4815,Summer
2023,6,Maharashtra,Palghar,Palghar,Rural,National Highway,159,49,50,101,Over-speeding,Night (18:00-06:00),0.3145,0.6352,0.505,Monsoon
2023,7,Maharashtra,Palghar,Palghar,Rural,National Highway,168,44,44,96,Over-speeding,Day (06:00-18:00),0.2619,0.5714,0.4333,Monsoon
2023,8,Maharashtra,Palghar,Palghar,Rural,National Highway,165,51,54,108,Adverse Weather / Monsoon,Night (18:00-06:00),0.3273,0.6545,0.5236,Monsoon
2023,9,Maharashtra,Palghar,Palghar,Rural,National Highway,161,50,55,96,Dangerous Overtaking,Night (18:00-06:00),0.3416,0.5963,0.5205,Monsoon
2023,10,Maharashtra,Palghar,Palghar,Rural,National Highway,128,34,35,82,Over-speeding,Night (18:00-06:00),0.2734,0.6406,0.4656,Post-Monsoon
2023,11,Maharashtra,Palghar,Palghar,Rural,National Highway,117,33,37,80,Over-speeding,Day (06:00-18:00),0.3162,0.6838,0.5214,Post-Monsoon
2023,12,Maharashtra,Palghar,Palghar,Rural,National Highway,113,29,35,74,Dangerous Overtaking,Night (18:00-06:00),0.3097,0.6549,0.5062,Winter
