post_id,timestamp,location,text,source,likes,shares,comments,hashtags,category_tag
MAHA_SOC_00001,2022-08-23 11:47:00,Thane,Heavy waterlogging after heavy rain on Thane highway junction. Vehicles skidding and traffic halted for hours. #MonsoonTraffic #ThaneFloods,Twitter/X Public Archive,6,5,1,#MonsoonTraffic;#ThaneFloods;#RoadSafety,waterlogging
MAHA_SOC_00002,2023-06-28 08:49:00,Aurangabad,No pedestrian zebra crossing or foot overbridge near school on Aurangabad road. High risk for children crossing highway! #PedestrianSafety #Aurangabad,Twitter/X Public Archive,16,4,3,#PedestrianSafety;#SafeStreets;#ChildrenSafety,pedestrian_safety
MAHA_SOC_00003,2021-10-03 10:12:00,Aurangabad,Speed limit 80kmph completely ignored on Aurangabad expressway. Reckless lane cutting by intercity buses. Need speed cameras! #HighwayWatch #Aurangabad,Twitter/X Public Archive,28,3,7,#HighwayWatch;#SpeedLimit;#ExpresswaySafety,speeding
MAHA_SOC_00004,2023-09-07 03:28:00,Pune,Dangerous black spot identified on Pune ghat section. Multiple heavy trucks overturned this month. Where are crash barriers? #BlackSpot #HighwaySafety,Twitter/X Public Archive,12,7,7,#BlackSpot;#HighwaySafety;#PuneGhat,black_spot
MAHA_SOC_00005,2022-09-08 15:44:00,Pune,Vehicles driving on wrong side and over-speeding near Pune bypass. Severe accident spot! Strict policing needed. #TrafficViolation #Pune,Citizen Grievance Portal,32,0,0,#TrafficViolation;#Speeding;#PunePolice,speeding
MAHA_SOC_00006,2022-11-08 19:50:00,Mumbai,Speed limit 80kmph completely ignored on Mumbai expressway. Reckless lane cutting by intercity buses. Need speed cameras! #HighwayWatch #Mumbai,Twitter/X Public Archive,5,6,0,#HighwayWatch;#SpeedLimit;#ExpresswaySafety,speeding
MAHA_SOC_00007,2021-02-17 22:37:00,Nagpur,"Streetlights non-functional for past 2 weeks on Nagpur outer ring road. Zero visibility at night, high risk of head-on collisions. #DarkRoads #Nagpur",Twitter/X Public Archive,15,0,2,#DarkRoads;#Streetlights;#CivicFailure,lighting
MAHA_SOC_00008,2022-02-24 03:19:00,Pune,Heavy waterlogging after heavy rain on Pune highway junction. Vehicles skidding and traffic halted for hours. #MonsoonTraffic #PuneFloods,Local News Feedback,11,3,4,#MonsoonTraffic;#PuneFloods;#RoadSafety,waterlogging
MAHA_SOC_00009,2021-08-18 14:07:00,Mumbai,Traffic signals completely dead at major four-way junction in Mumbai. Continuous chaos and minor fender benders. #SignalFailure #Mumbai,Local News Feedback,27,2,16,#SignalFailure;#TrafficJam;#CivicIssue,signal_failure
MAHA_SOC_00010,2022-05-24 05:54:00,Mumbai,"Streetlights non-functional for past 2 weeks on Mumbai outer ring road. Zero visibility at night, high risk of head-on collisions. #DarkRoads #Mumbai",Twitter/X Public Archive,27,6,4,#DarkRoads;#Streetlights;#CivicFailure,lighting
MAHA_SOC_00011,2022-12-13 20:27:00,Thane,Dangerous black spot identified on Thane ghat section. Multiple heavy trucks overturned this month. Where are crash barriers? #BlackSpot #HighwaySafety,Twitter/X Public Archive,21,2,5,#BlackSpot;#HighwaySafety;#ThaneGhat,black_spot
MAHA_SOC_00012,2023-06-15 14:49:00,Ahmednagar,Speed limit 80kmph completely ignored on Ahmednagar expressway. Reckless lane cutting by intercity buses. Need speed cameras! #HighwayWatch #Ahmednagar,Twitter/X Public Archive,33,2,3,#HighwayWatch;#SpeedLimit;#ExpresswaySafety,speeding
MAHA_SOC_00013,2021-11-06 11:40:00,Nagpur,Vehicles driving on wrong side and over-speeding near Nagpur bypass. Severe accident spot! Strict policing needed. #TrafficViolation #Nagpur,Twitter/X Public Archive,62,2,0,#TrafficViolation;#Speeding;#NagpurPolice,speeding
MAHA_SOC_00014,2023-03-23 01:15:00,Pune,"Streetlights non-functional for past 2 weeks on Pune outer ring road. Zero visibility at night, high risk of head-on collisions. #DarkRoads #Pune",Citizen Grievance Portal,44,7,1,#DarkRoads;#Streetlights;#CivicFailure,lighting
MAHA_SOC_00015,2021-05-25 06:07:00,Ahmednagar,Dangerous black spot identified on Ahmednagar ghat section. Multiple heavy trucks overturned this month. Where are crash barriers? #BlackSpot #HighwaySafety,Twitter/X Public Archive,12,0,2,#BlackSpot;#HighwaySafety;#AhmednagarGhat,black_spot
MAHA_SOC_00016,2022-10-26 22:21:00,Nashik,Deep trenches near bus stop in Nashik. Multiple bikers injured yesterday during evening drizzle. Urgent repairs requested. #RoadHazards #Nashik,Twitter/X Public Archive,4,6,1,#RoadHazards;#PotholeCrisis;#NashikRoads,potholes
MAHA_SOC_00017,2023-12-11 02:24:00,Nagpur,Massive potholes on Nagpur road near the main flyover. Commuters risking lives every day! @trafficpolice #PotholeAlert #RoadSafety,Twitter/X Public Archive,78,0,3,#PotholeAlert;#RoadSafety;#NagpurTraffic,potholes
MAHA_SOC_00018,2023-07-11 01:46:00,Nashik,Dangerous black spot identified on Nashik ghat section. Multiple heavy trucks overturned this month. Where are crash barriers? #BlackSpot #HighwaySafety,Civic Forum / Facebook,33,6,1,#BlackSpot;#HighwaySafety;#NashikGhat,black_spot
MAHA_SOC_00019,2023-03-25 07:39:00,Aurangabad,Illegal road digging and open gravel left unattended on Aurangabad main avenue. Two-wheelers constantly slipping. #TwoWheelerSafety #AurangabadCivic,Citizen Grievance Portal,32,1,3,#TwoWheelerSafety;#RoadHazard;#CivicNegligence,road_hazards
MAHA_SOC_00020,2022-10-25 05:59:00,Nagpur,Vehicles driving on wrong side and over-speeding near Nagpur bypass. Severe accident spot! Strict policing needed. #TrafficViolation #Nagpur,Twitter/X Public Archive,37,0,1,#TrafficViolation;#Speeding;#NagpurPolice,speeding
MAHA_SOC_00021,2022-11-16 18:44:00,Pune,"Streetlights non-functional for past 2 weeks on Pune outer ring road. Zero visibility at night, high risk of head-on collisions. #DarkRoads #Pune",Twitter/X Public Archive,18,3,3,#DarkRoads;#Streetlights;#CivicFailure,lighting
MAHA_SOC_00022,2023-09-12 07:22:00,Thane,Speed limit 80kmph completely ignored on Thane expressway. Reckless lane cutting by intercity buses. Need speed cameras! #HighwayWatch #Thane,Civic Forum / Facebook,6,5,0,#HighwayWatch;#SpeedLimit;#ExpresswaySafety,speeding
MAHA_SOC_00023,2021-09-09 12:30:00,Mumbai,Illegal road digging and open gravel left unattended on Mumbai main avenue. Two-wheelers constantly slipping. #TwoWheelerSafety #MumbaiCivic,Local News Feedback,9,1,0,#TwoWheelerSafety;#RoadHazard;#CivicNegligence,road_hazards
MAHA_SOC_00024,2022-12-20 10:11:00,Mumbai,No pedestrian zebra crossing or foot overbridge near school on Mumbai road. High risk for children crossing highway! #PedestrianSafety #Mumbai,Local News Feedback,16,3,1,#PedestrianSafety;#SafeStreets;#ChildrenSafety,pedestrian_safety
MAHA_SOC_00025,2022-06-24 17:07:00,Mumbai,Massive potholes on Mumbai road near the main flyover. Commuters risking lives every day! @trafficpolice #PotholeAlert #RoadSafety,Civic Forum / Facebook,11,3,2,#PotholeAlert;#RoadSafety;#MumbaiTraffic,potholes
MAHA_SOC_00026,2022-03-14 12:34:00,Nagpur,Traffic signals completely dead at major four-way junction in Nagpur. Continuous chaos and minor fender benders. #SignalFailure #Nagpur,Local News Feedback,0,0,2,#SignalFailure;#TrafficJam;#CivicIssue,signal_failure
MAHA_SOC_00027,2021-01-02 06:25:00,Pune,Massive potholes on Pune road near the main flyover. Commuters risking lives every day! @trafficpolice #PotholeAlert #RoadSafety,Twitter/X Public Archive,1,5,5,#PotholeAlert;#RoadSafety;#PuneTraffic,potholes
MAHA_SOC_00028,2023-04-20 09:36:00,Thane,Illegal road digging and open gravel left unattended on Thane main avenue. Two-wheelers constantly slipping. #TwoWheelerSafety #ThaneCivic,Civic Forum / Facebook,0,9,12,#TwoWheelerSafety;#RoadHazard;#CivicNegligence,road_hazards
MAHA_SOC_00029,2021-08-04 18:31:00,Pune,Deep trenches near bus stop in Pune. Multiple bikers injured yesterday during evening drizzle. Urgent repairs requested. #RoadHazards #Pune,Citizen Grievance Portal,8,3,1,#RoadHazards;#PotholeCrisis;#PuneRoads,potholes
MAHA_SOC_00030,2022-03-30 13:59:00,Nashik,Dangerous black spot identified on Nashik ghat section. Multiple heavy trucks overturned this month. Where are crash barriers? #BlackSpot #HighwaySafety,Twitter/X Public Archive,21,14,3,#BlackSpot;#HighwaySafety;#NashikGhat,black_spot
MAHA_SOC_00031,2021-06-03 08:17:00,Thane,Traffic signals completely dead at major four-way junction in Thane. Continuous chaos and minor fender benders. #SignalFailure #Thane,Twitter/X Public Archive,3,0,9,#SignalFailure;#TrafficJam;#CivicIssue,signal_failure
MAHA_SOC_00032,2022-02-07 16:01:00,Pune,Traffic signals completely dead at major four-way junction in Pune. Continuous chaos and minor fender benders. #SignalFailure #Pune,Local News Feedback,2,7,0,#SignalFailure;#TrafficJam;#CivicIssue,signal_failure
MAHA_SOC_00033,2023-05-06 19:51:00,Kolhapur,Dangerous black spot identified on Kolhapur ghat section. Multiple heavy trucks overturned this month. Where are crash barriers? #BlackSpot #HighwaySafety,Citizen Grievance Portal,27,2,5,#BlackSpot;#HighwaySafety;#KolhapurGhat,black_spot
MAHA_SOC_00034,2023-01-04 09:05:00,Mumbai,Vehicles driving on wrong side and over-speeding near Mumbai bypass. Severe accident spot! Strict policing needed. #TrafficViolation #Mumbai,Citizen Grievance Portal,92,3,4,#TrafficViolation;#Speeding;#MumbaiPolice,speeding
MAHA_SOC_00035,2023-09-21 04:43:00,Aurangabad,Illegal road digging and open gravel left unattended on Aurangabad main avenue. Two-wheelers constantly slipping. #TwoWheelerSafety #AurangabadCivic,Twitter/X Public Archive,0,17,0,#TwoWheelerSafety;#RoadHazard;#CivicNegligence,road_hazards
MAHA_SOC_00036,2022-08-05 12:53:00,Mumbai,"Streetlights non-functional for past 2 weeks on Mumbai outer ring road. Zero visibility at night, high risk of head-on collisions. #DarkRoads #Mumbai",Twitter/X Public Archive,7,5,0,#DarkRoads;#Streetlights;#CivicFailure,lighting
MAHA_SOC_00037,2022-06-12 10:52:00,Navi Mumbai,Traffic signals completely dead at major four-way junction in Navi Mumbai. Continuous chaos and minor fender benders. #SignalFailure #Navi Mumbai,Civic Forum / Facebook,8,2,5,#SignalFailure;#TrafficJam;#CivicIssue,signal_failure
MAHA_SOC_00038,2023-04-18 10:02:00,Mumbai,Massive potholes on Mumbai road near the main flyover. Commuters risking lives every day! @trafficpolice #PotholeAlert #RoadSafety,Citizen Grievance Portal,3,3,11,#PotholeAlert;#RoadSafety;#MumbaiTraffic,potholes
MAHA_SOC_00039,2021-06-16 10:30:00,Thane,Dangerous black spot identified on Thane ghat section. Multiple heavy trucks overturned this month. Where are crash barriers? #BlackSpot #HighwaySafety,Citizen Grievance Portal,30,2,1,#BlackSpot;#HighwaySafety;#ThaneGhat,black_spot
MAHA_SOC_00040,2021-10-25 08:45:00,Mumbai,Massive potholes on Mumbai road near the main flyover. Commuters risking lives every day! @trafficpolice #PotholeAlert #RoadSafety,Twitter/X Public Archive,31,4,5,#PotholeAlert;#RoadSafety;#MumbaiTraffic,potholes
MAHA_SOC_00041,2022-07-16 09:58:00,Nashik,Massive potholes on Nashik road near the main flyover. Commuters risking lives every day! @trafficpolice #PotholeAlert #RoadSafety,Local News Feedback,14,6,7,#PotholeAlert;#RoadSafety;#NashikTraffic,potholes
MAHA_SOC_00042,2023-03-08 06:05:00,Nagpur,Massive potholes on Nagpur road near the main flyover. Commuters risking lives every day! @trafficpolice #PotholeAlert #RoadSafety,Citizen Grievance Portal,22,4,0,#PotholeAlert;#RoadSafety;#NagpurTraffic,potholes
MAHA_SOC_00043,2023-05-23 15:33:00,Kolhapur,"Streetlights non-functional for past 2 weeks on Kolhapur outer ring road. Zero visibility at night, high risk of head-on collisions. #DarkRoads #Kolhapur",Twitter/X Public Archive,13,3,2,#DarkRoads;#Streetlights;#CivicFailure,lighting
MAHA_SOC_00044,2021-02-27 09:31:00,Pune,Speed limit 80kmph completely ignored on Pune expressway. Reckless lane cutting by intercity buses. Need speed cameras! #HighwayWatch #Pune,Twitter/X Public Archive,55,6,0,#HighwayWatch;#SpeedLimit;#ExpresswaySafety,speeding
MAHA_SOC_00045,2021-04-08 19:40:00,Pune,Dangerous black spot identified on Pune ghat section. Multiple heavy trucks overturned this month. Where are crash barriers? #BlackSpot #HighwaySafety,Citizen Grievance Portal,48,0,5,#BlackSpot;#HighwaySafety;#PuneGhat,black_spot
MAHA_SOC_00046,2021-04-12 12:54:00,Nagpur,Illegal road digging and open gravel left unattended on Nagpur main avenue. Two-wheelers constantly slipping. #TwoWheelerSafety #NagpurCivic,Twitter/X Public Archive,63,2,3,#TwoWheelerSafety;#RoadHazard;#CivicNegligence,road_hazards
MAHA_SOC_00047,2021-09-19 02:22:00,Nagpur,Deep trenches near bus stop in Nagpur. Multiple bikers injured yesterday during evening drizzle. Urgent repairs requested. #RoadHazards #Nagpur,Civic Forum / Facebook,5,4,3,#RoadHazards;#PotholeCrisis;#NagpurRoads,potholes
MAHA_SOC_00048,2022-07-30 09:18:00,Kolhapur,Dangerous black spot identified on Kolhapur ghat section. Multiple heavy trucks overturned this month. Where are crash barriers? #BlackSpot #HighwaySafety,Twitter/X Public Archive,36,14,5,#BlackSpot;#HighwaySafety;#KolhapurGhat,black_spot
MAHA_SOC_00049,2022-03-01 13:38:00,Pune,Illegal road digging and open gravel left unattended on Pune main avenue. Two-wheelers constantly slipping. #TwoWheelerSafety #PuneCivic,Twitter/X Public Archive,31,0,4,#TwoWheelerSafety;#RoadHazard;#CivicNegligence,road_hazards
MAHA_SOC_00050,2022-04-20 09:20:00,Nashik,Massive potholes on Nashik road near the main flyover. Commuters risking lives every day! @trafficpolice #PotholeAlert #RoadSafety,Twitter/X Public Archive,26,6,2,#PotholeAlert;#RoadSafety;#NashikTraffic,potholes
MAHA_SOC_00051,2023-08-25 07:53:00,Mumbai,Speed limit 80kmph completely ignored on Mumbai expressway. Reckless lane cutting by intercity buses. Need speed cameras! #HighwayWatch #Mumbai,Twitter/X Public Archive,20,4,6,#HighwayWatch;#SpeedLimit;#ExpresswaySafety,speeding
MAHA_SOC_00052,2022-03-05 07:38:00,Aurangabad,No pedestrian zebra crossing or foot overbridge near school on Aurangabad road. High risk for children crossing highway! #PedestrianSafety #Aurangabad,Twitter/X Public Archive,9,1,9,#PedestrianSafety;#SafeStreets;#ChildrenSafety,pedestrian_safety
MAHA_SOC_00053,2021-02-28 07:41:00,Navi Mumbai,Massive potholes on Navi Mumbai road near the main flyover. Commuters risking lives every day! @trafficpolice #PotholeAlert #RoadSafety,Twitter/X Public Archive,19,1,1,#PotholeAlert;#RoadSafety;#Navi MumbaiTraffic,potholes
MAHA_SOC_00054,2022-02-11 15:18:00,Thane,Massive potholes on Thane road near the main flyover. Commuters risking lives every day! @trafficpolice #PotholeAlert #RoadSafety,Civic Forum / Facebook,1,6,2,#PotholeAlert;#RoadSafety;#ThaneTraffic,potholes
MAHA_SOC_00055,2022-07-01 04:06:00,Mumbai,No pedestrian zebra crossing or foot overbridge near school on Mumbai road. High risk for children crossing highway! #PedestrianSafety #Mumbai,Civic Forum / Facebook,25,2,4,#PedestrianSafety;#SafeStreets;#ChildrenSafety,pedestrian_safety
MAHA_SOC_00056,2021-01-30 01:51:00,Kolhapur,Traffic signals completely dead at major four-way junction in Kolhapur. Continuous chaos and minor fender benders. #SignalFailure #Kolhapur,Twitter/X Public Archive,14,0,0,#SignalFailure;#TrafficJam;#CivicIssue,signal_failure
MAHA_SOC_00057,2021-03-21 10:07:00,Mumbai,Heavy waterlogging after heavy rain on Mumbai highway junction. Vehicles skidding and traffic halted for hours. #MonsoonTraffic #MumbaiFloods,Twitter/X Public Archive,0,13,5,#MonsoonTraffic;#MumbaiFloods;#RoadSafety,waterlogging
MAHA_SOC_00058,2022-04-22 18:59:00,Nagpur,"Streetlights non-functional for past 2 weeks on Nagpur outer ring road. Zero visibility at night, high risk of head-on collisions. #DarkRoads #Nagpur",Twitter/X Public Archive,9,2,2,#DarkRoads;#Streetlights;#CivicFailure,lighting
MAHA_SOC_00059,2023-10-26 22:40:00,Nashik,Dangerous black spot identified on Nashik ghat section. Multiple heavy trucks overturned this month. Where are crash barriers? #BlackSpot #HighwaySafety,Local News Feedback,21,5,13,#BlackSpot;#HighwaySafety;#NashikGhat,black_spot
MAHA_SOC_00060,2023-01-26 02:09:00,Kolhapur,Massive potholes on Kolhapur road near the main flyover. Commuters risking lives every day! @trafficpolice #PotholeAlert #RoadSafety,Twitter/X Public Archive,15,0,1,#PotholeAlert;#RoadSafety;#KolhapurTraffic,potholes
MAHA_SOC_00061,2021-10-22 00:05:00,Mumbai,Dangerous black spot identified on Mumbai ghat section. Multiple heavy trucks overturned this month. Where are crash barriers? #BlackSpot #HighwaySafety,Civic Forum / Facebook,42,0,1,#BlackSpot;#HighwaySafety;#MumbaiGhat,black_spot
MAHA_SOC_00062,2022-01-24 20:19:00,Mumbai,"Streetlights non-functional for past 2 weeks on Mumbai outer ring road. Zero visibility at night, high risk of head-on collisions. #DarkRoads #Mumbai",Twitter/X Public Archive,45,7,0,#DarkRoads;#Streetlights;#CivicFailure,lighting
MAHA_SOC_00063,2022-09-06 18:11:00,Solapur,Vehicles driving on wrong side and over-speeding near Solapur bypass. Severe accident spot! Strict policing needed. #TrafficViolation #Solapur,Twitter/X Public Archive,11,0,0,#TrafficViolation;#Speeding;#SolapurPolice,speeding
MAHA_SOC_00064,2021-03-28 10:17:00,Nagpur,Heavy waterlogging after heavy rain on Nagpur highway junction. Vehicles skidding and traffic halted for hours. #MonsoonTraffic #NagpurFloods,Civic Forum / Facebook,29,5,2,#MonsoonTraffic;#NagpurFloods;#RoadSafety,waterlogging
MAHA_SOC_00065,2023-09-01 08:26:00,Pune,Heavy waterlogging after heavy rain on Pune highway junction. Vehicles skidding and traffic halted for hours. #MonsoonTraffic #PuneFloods,Citizen Grievance Portal,4,3,5,#MonsoonTraffic;#PuneFloods;#RoadSafety,waterlogging
MAHA_SOC_00066,2021-06-04 19:24:00,Kolhapur,Heavy waterlogging after heavy rain on Kolhapur highway junction. Vehicles skidding and traffic halted for hours. #MonsoonTraffic #KolhapurFloods,Civic Forum / Facebook,7,1,1,#MonsoonTraffic;#KolhapurFloods;#RoadSafety,waterlogging
MAHA_SOC_00067,2022-10-09 09:33:00,Thane,No pedestrian zebra crossing or foot overbridge near school on Thane road. High risk for children crossing highway! #PedestrianSafety #Thane,Twitter/X Public Archive,23,7,0,#PedestrianSafety;#SafeStreets;#ChildrenSafety,pedestrian_safety
MAHA_SOC_00068,2023-12-25 09:56:00,Satara,Speed limit 80kmph completely ignored on Satara expressway. Reckless lane cutting by intercity buses. Need speed cameras! #HighwayWatch #Satara,Twitter/X Public Archive,4,2,1,#HighwayWatch;#SpeedLimit;#ExpresswaySafety,speeding
MAHA_SOC_00069,2023-01-11 12:13:00,Pune,Traffic signals completely dead at major four-way junction in Pune. Continuous chaos and minor fender benders. #SignalFailure #Pune,Local News Feedback,9,11,7,#SignalFailure;#TrafficJam;#CivicIssue,signal_failure
MAHA_SOC_00070,2021-11-12 01:33:00,Mumbai,"Streetlights non-functional for past 2 weeks on Mumbai outer ring road. Zero visibility at night, high risk of head-on collisions. #DarkRoads #Mumbai",Twitter/X Public Archive,16,11,4,#DarkRoads;#Streetlights;#CivicFailure,lighting
MAHA_SOC_00071,2023-06-08 03:58:00,Pune,Traffic signals completely dead at major four-way junction in Pune. Continuous chaos and minor fender benders. #SignalFailure #Pune,Civic Forum / Facebook,25,3,2,#SignalFailure;#TrafficJam;#CivicIssue,signal_failure
MAHA_SOC_00072,2022-11-05 15:29:00,Mumbai,No pedestrian zebra crossing or foot overbridge near school on Mumbai road. High risk for children crossing highway! #PedestrianSafety #Mumbai,Twitter/X Public Archive,6,1,0,#PedestrianSafety;#SafeStreets;#ChildrenSafety,pedestrian_safety
MAHA_SOC_00073,2022-05-14 12:05:00,Ahmednagar,Dangerous black spot identified on Ahmednagar ghat section. Multiple heavy trucks overturned this month. Where are crash barriers? #BlackSpot #HighwaySafety,Twitter/X Public Archive,23,0,0,#BlackSpot;#HighwaySafety;#AhmednagarGhat,black_spot
MAHA_SOC_00074,2021-08-21 08:48:00,Pune,Dangerous black spot identified on Pune ghat section. Multiple heavy trucks overturned this month. Where are crash barriers? #BlackSpot #HighwaySafety,Twitter/X Public Archive,6,3,6,#BlackSpot;#HighwaySafety;#PuneGhat,black_spot
MAHA_SOC_00075,2022-12-04 01:14:00,Pune,Massive potholes on Pune road near the main flyover. Commuters risking lives every day! @trafficpolice #PotholeAlert #RoadSafety,Twitter/X Public Archive,23,3,3,#PotholeAlert;#RoadSafety;#PuneTraffic,potholes
MAHA_SOC_00076,2021-06-23 18:36:00,Pune,Speed limit 80kmph completely ignored on Pune expressway. Reckless lane cutting by intercity buses. Need speed cameras! #HighwayWatch #Pune,Civic Forum / Facebook,19,12,8,#HighwayWatch;#SpeedLimit;#ExpresswaySafety,speeding
MAHA_SOC_00077,2021-02-27 14:00:00,Nashik,Heavy waterlogging after heavy rain on Nashik highway junction. Vehicles skidding and traffic halted for hours. #MonsoonTraffic #NashikFloods,Twitter/X Public Archive,3,0,1,#MonsoonTraffic;#NashikFloods;#RoadSafety,waterlogging
MAHA_SOC_00078,2023-07-01 11:38:00,Mumbai,Heavy waterlogging after heavy rain on Mumbai highway junction. Vehicles skidding and traffic halted for hours. #MonsoonTraffic #MumbaiFloods,Twitter/X Public Archive,2,5,8,#MonsoonTraffic;#MumbaiFloods;#RoadSafety,waterlogging
MAHA_SOC_00079,2023-03-10 10:10:00,Satara,Illegal road digging and open gravel left unattended on Satara main avenue. Two-wheelers constantly slipping. #TwoWheelerSafety #SataraCivic,Twitter/X Public Archive,10,3,4,#TwoWheelerSafety;#RoadHazard;#CivicNegligence,road_hazards
MAHA_SOC_00080,2022-02-08 11:49:00,Thane,Illegal road digging and open gravel left unattended on Thane main avenue. Two-wheelers constantly slipping. #TwoWheelerSafety #ThaneCivic,Local News Feedback,14,0,5,#TwoWheelerSafety;#RoadHazard;#CivicNegligence,road_hazards
MAHA_SOC_00081,2022-03-08 08:53:00,Nagpur,Dangerous black spot identified on Nagpur ghat section. Multiple heavy trucks overturned this month. Where are crash barriers? #BlackSpot #HighwaySafety,Twitter/X Public Archive,34,8,1,#BlackSpot;#HighwaySafety;#NagpurGhat,black_spot
MAHA_SOC_00082,2023-11-07 15:30:00,Thane,Illegal road digging and open gravel left unattended on Thane main avenue. Two-wheelers constantly slipping. #TwoWheelerSafety #ThaneCivic,Twitter/X Public Archive,7,6,2,#TwoWheelerSafety;#RoadHazard;#CivicNegligence,road_hazards
MAHA_SOC_00083,2022-11-14 22:47:00,Mumbai,Vehicles driving on wrong side and over-speeding near Mumbai bypass. Severe accident spot! Strict policing needed. #TrafficViolation #Mumbai,Twitter/X Public Archive,0,0,5,#TrafficViolation;#Speeding;#MumbaiPolice,speeding
MAHA_SOC_00084,2021-10-02 16:25:00,Mumbai,Deep trenches near bus stop in Mumbai. Multiple bikers injured yesterday during evening drizzle. Urgent repairs requested. #RoadHazards #Mumbai,Twitter/X Public Archive,19,4,2,#RoadHazards;#PotholeCrisis;#MumbaiRoads,potholes
MAHA_SOC_00085,2022-09-08 04:33:00,Pune,No pedestrian zebra crossing or foot overbridge near school on Pune road. High risk for children crossing highway! #PedestrianSafety #Pune,Twitter/X Public Archive,21,5,3,#PedestrianSafety;#SafeStreets;#ChildrenSafety,pedestrian_safety
MAHA_SOC_00086,2023-12-08 11:21:00,Satara,Massive potholes on Satara road near the main flyover. Commuters risking lives every day! @trafficpolice #PotholeAlert #RoadSafety,Civic Forum / Facebook,9,54,0,#PotholeAlert;#RoadSafety;#SataraTraffic,potholes
MAHA_SOC_00087,2022-11-18 23:25:00,Navi Mumbai,Illegal road digging and open gravel left unattended on Navi Mumbai main avenue. Two-wheelers constantly slipping. #TwoWheelerSafety #Navi MumbaiCivic,Civic Forum / Facebook,23,7,5,#TwoWheelerSafety;#RoadHazard;#CivicNegligence,road_hazards
MAHA_SOC_00088,2022-09-27 18:35:00,Nashik,Traffic signals completely dead at major four-way junction in Nashik. Continuous chaos and minor fender benders. #SignalFailure #Nashik,Twitter/X Public Archive,9,0,1,#SignalFailure;#TrafficJam;#CivicIssue,signal_failure
MAHA_SOC_00089,2021-10-18 04:37:00,Nashik,Deep trenches near bus stop in Nashik. Multiple bikers injured yesterday during evening drizzle. Urgent repairs requested. #RoadHazards #Nashik,Citizen Grievance Portal,3,3,3,#RoadHazards;#PotholeCrisis;#NashikRoads,potholes
MAHA_SOC_00090,2022-10-19 11:57:00,Pune,Vehicles driving on wrong side and over-speeding near Pune bypass. Severe accident spot! Strict policing needed. #TrafficViolation #Pune,Twitter/X Public Archive,20,2,5,#TrafficViolation;#Speeding;#PunePolice,speeding
MAHA_SOC_00091,2022-06-13 03:21:00,Aurangabad,Vehicles driving on wrong side and over-speeding near Aurangabad bypass. Severe accident spot! Strict policing needed. #TrafficViolation #Aurangabad,Twitter/X Public Archive,81,11,2,#TrafficViolation;#Speeding;#AurangabadPolice,speeding
MAHA_SOC_00092,2021-04-13 12:06:00,Pune,Vehicles driving on wrong side and over-speeding near Pune bypass. Severe accident spot! Strict policing needed. #TrafficViolation #Pune,Twitter/X Public Archive,1,0,7,#TrafficViolation;#Speeding;#PunePolice,speeding
MAHA_SOC_00093,2021-09-07 21:42:00,Kolhapur,Vehicles driving on wrong side and over-speeding near Kolhapur bypass. Severe accident spot! Strict policing needed. #TrafficViolation #Kolhapur,Citizen Grievance Portal,6,17,5,#TrafficViolation;#Speeding;#KolhapurPolice,speeding
MAHA_SOC_00094,2022-11-20 20:10:00,Thane,Dangerous black spot identified on Thane ghat section. Multiple heavy trucks overturned this month. Where are crash barriers? #BlackSpot #HighwaySafety,Citizen Grievance Portal,2,32,8,#BlackSpot;#HighwaySafety;#ThaneGhat,black_spot
MAHA_SOC_00095,2022-07-01 09:25:00,Mumbai,"Streetlights non-functional for past 2 weeks on Mumbai outer ring road. Zero visibility at night, high risk of head-on collisions. #DarkRoads #Mumbai",Twitter/X Public Archive,67,7,0,#DarkRoads;#Streetlights;#CivicFailure,lighting
MAHA_SOC_00096,2023-07-14 17:49:00,Nashik,Heavy waterlogging after heavy rain on Nashik highway junction. Vehicles skidding and traffic halted for hours. #MonsoonTraffic #NashikFloods,Civic Forum / Facebook,19,0,1,#MonsoonTraffic;#NashikFloods;#RoadSafety,waterlogging
MAHA_SOC_00097,2022-12-15 14:37:00,Pune,Dangerous black spot identified on Pune ghat section. Multiple heavy trucks overturned this month. Where are crash barriers? #BlackSpot #HighwaySafety,Twitter/X Public Archive,56,8,3,#BlackSpot;#HighwaySafety;#PuneGhat,black_spot
MAHA_SOC_00098,2021-05-24 15:15:00,Aurangabad,Deep trenches near bus stop in Aurangabad. Multiple bikers injured yesterday during evening drizzle. Urgent repairs requested. #RoadHazards #Aurangabad,Civic Forum / Facebook,7,1,3,#RoadHazards;#PotholeCrisis;#AurangabadRoads,potholes
MAHA_SOC_00099,2023-04-04 02:31:00,Thane,Deep trenches near bus stop in Thane. Multiple bikers injured yesterday during evening drizzle. Urgent repairs requested. #RoadHazards #Thane,Civic Forum / Facebook,7,3,3,#RoadHazards;#PotholeCrisis;#ThaneRoads,potholes
MAHA_SOC_00100,2023-08-25 13:06:00,Pune,Speed limit 80kmph completely ignored on Pune expressway. Reckless lane cutting by intercity buses. Need speed cameras! #HighwayWatch #Pune,Twitter/X Public Archive,31,0,0,#HighwayWatch;#SpeedLimit;#ExpresswaySafety,speeding
MAHA_SOC_00101,2023-05-24 05:59:00,Mumbai,Deep trenches near bus stop in Mumbai. Multiple bikers injured yesterday during evening drizzle. Urgent repairs requested. #RoadHazards #Mumbai,Twitter/X Public Archive,13,6,0,#RoadHazards;#PotholeCrisis;#MumbaiRoads,potholes
MAHA_SOC_00102,2022-07-15 11:31:00,Pune,"Streetlights non-functional for past 2 weeks on Pune outer ring road. Zero visibility at night, high risk of head-on collisions. #DarkRoads #Pune",Twitter/X Public Archive,11,2,8,#DarkRoads;#Streetlights;#CivicFailure,lighting
MAHA_SOC_00103,2021-05-09 15:16:00,Pune,Massive potholes on Pune road near the main flyover. Commuters risking lives every day! @trafficpolice #PotholeAlert #RoadSafety,Twitter/X Public Archive,3,12,3,#PotholeAlert;#RoadSafety;#PuneTraffic,potholes
MAHA_SOC_00104,2022-07-14 08:01:00,Pune,No pedestrian zebra crossing or foot overbridge near school on Pune road. High risk for children crossing highway! #PedestrianSafety #Pune,Twitter/X Public Archive,27,3,12,#PedestrianSafety;#SafeStreets;#ChildrenSafety,pedestrian_safety
MAHA_SOC_00105,2022-10-28 23:57:00,Pune,Heavy waterlogging after heavy rain on Pune highway junction. Vehicles skidding and traffic halted for hours. #MonsoonTraffic #PuneFloods,Local News Feedback,39,1,11,#MonsoonTraffic;#PuneFloods;#RoadSafety,waterlogging
MAHA_SOC_00106,2021-10-05 21:40:00,Mumbai,Massive potholes on Mumbai road near the main flyover. Commuters risking lives every day! @trafficpolice #PotholeAlert #RoadSafety,Civic Forum / Facebook,20,9,3,#PotholeAlert;#RoadSafety;#MumbaiTraffic,potholes
MAHA_SOC_00107,2022-11-10 13:53:00,Mumbai,Massive potholes on Mumbai road near the main flyover. Commuters risking lives every day! @trafficpolice #PotholeAlert #RoadSafety,Twitter/X Public Archive,1,12,4,#PotholeAlert;#RoadSafety;#MumbaiTraffic,potholes
MAHA_SOC_00108,2023-05-06 20:16:00,Pune,Vehicles driving on wrong side and over-speeding near Pune bypass. Severe accident spot! Strict policing needed. #TrafficViolation #Pune,Twitter/X Public Archive,4,5,4,#TrafficViolation;#Speeding;#PunePolice,speeding
MAHA_SOC_00109,2022-04-21 03:15:00,Pune,Deep trenches near bus stop in Pune. Multiple bikers injured yesterday during evening drizzle. Urgent repairs requested. #RoadHazards #Pune,Citizen Grievance Portal,57,1,0,#RoadHazards;#PotholeCrisis;#PuneRoads,potholes
MAHA_SOC_00110,2022-04-17 04:35:00,Mumbai,Heavy waterlogging after heavy rain on Mumbai highway junction. Vehicles skidding and traffic halted for hours. #MonsoonTraffic #MumbaiFloods,Civic Forum / Facebook,5,5,0,#MonsoonTraffic;#MumbaiFloods;#RoadSafety,waterlogging
MAHA_SOC_00111,2022-04-17 22:07:00,Pune,Heavy waterlogging after heavy rain on Pune highway junction. Vehicles skidding and traffic halted for hours. #MonsoonTraffic #PuneFloods,Twitter/X Public Archive,14,4,0,#MonsoonTraffic;#PuneFloods;#RoadSafety,waterlogging
MAHA_SOC_00112,2022-01-11 14:30:00,Nashik,Deep trenches near bus stop in Nashik. Multiple bikers injured yesterday during evening drizzle. Urgent repairs requested. #RoadHazards #Nashik,Local News Feedback,6,6,5,#RoadHazards;#PotholeCrisis;#NashikRoads,potholes
MAHA_SOC_00113,2023-07-05 01:57:00,Pune,Deep trenches near bus stop in Pune. Multiple bikers injured yesterday during evening drizzle. Urgent repairs requested. #RoadHazards #Pune,Twitter/X Public Archive,8,0,3,#RoadHazards;#PotholeCrisis;#PuneRoads,potholes
MAHA_SOC_00114,2021-11-15 08:17:00,Thane,Illegal road digging and open gravel left unattended on Thane main avenue. Two-wheelers constantly slipping. #TwoWheelerSafety #ThaneCivic,Twitter/X Public Archive,11,4,2,#TwoWheelerSafety;#RoadHazard;#CivicNegligence,road_hazards
MAHA_SOC_00115,2021-06-01 09:31:00,Mumbai,Vehicles driving on wrong side and over-speeding near Mumbai bypass. Severe accident spot! Strict policing needed. #TrafficViolation #Mumbai,Twitter/X Public Archive,30,28,0,#TrafficViolation;#Speeding;#MumbaiPolice,speeding
MAHA_SOC_00116,2021-09-29 12:29:00,Solapur,Vehicles driving on wrong side and over-speeding near Solapur bypass. Severe accident spot! Strict policing needed. #TrafficViolation #Solapur,Twitter/X Public Archive,17,0,2,#TrafficViolation;#Speeding;#SolapurPolice,speeding
MAHA_SOC_00117,2023-06-26 14:28:00,Pune,Heavy waterlogging after heavy rain on Pune highway junction. Vehicles skidding and traffic halted for hours. #MonsoonTraffic #PuneFloods,Civic Forum / Facebook,2,16,0,#MonsoonTraffic;#PuneFloods;#RoadSafety,waterlogging
MAHA_SOC_00118,2023-05-02 16:58:00,Ahmednagar,"Streetlights non-functional for past 2 weeks on Ahmednagar outer ring road. Zero visibility at night, high risk of head-on collisions. #DarkRoads #Ahmednagar",Twitter/X Public Archive,5,4,1,#DarkRoads;#Streetlights;#CivicFailure,lighting
MAHA_SOC_00119,2023-01-25 11:42:00,Nashik,No pedestrian zebra crossing or foot overbridge near school on Nashik road. High risk for children crossing highway! #PedestrianSafety #Nashik,Civic Forum / Facebook,4,4,1,#PedestrianSafety;#SafeStreets;#ChildrenSafety,pedestrian_safety
MAHA_SOC_00120,2021-10-04 12:30:00,Mumbai,Illegal road digging and open gravel left unattended on Mumbai main avenue. Two-wheelers constantly slipping. #TwoWheelerSafety #MumbaiCivic,Twitter/X Public Archive,11,5,4,#TwoWheelerSafety;#RoadHazard;#CivicNegligence,road_hazards
MAHA_SOC_00121,2021-07-06 22:34:00,Mumbai,Deep trenches near bus stop in Mumbai. Multiple bikers injured yesterday during evening drizzle. Urgent repairs requested. #RoadHazards #Mumbai,Civic Forum / Facebook,29,7,1,#RoadHazards;#PotholeCrisis;#MumbaiRoads,potholes
MAHA_SOC_00122,2023-09-20 23:05:00,Nagpur,"Streetlights non-functional for past 2 weeks on Nagpur outer ring road. Zero visibility at night, high risk of head-on collisions. #DarkRoads #Nagpur",Local News Feedback,15,14,0,#DarkRoads;#Streetlights;#CivicFailure,lighting
MAHA_SOC_00123,2023-02-24 16:34:00,Pune,"Streetlights non-functional for past 2 weeks on Pune outer ring road. Zero visibility at night, high risk of head-on collisions. #DarkRoads #Pune",Civic Forum / Facebook,23,6,1,#DarkRoads;#Streetlights;#CivicFailure,lighting
MAHA_SOC_00124,2021-01-17 13:50:00,Mumbai,Dangerous black spot identified on Mumbai ghat section. Multiple heavy trucks overturned this month. Where are crash barriers? #BlackSpot #HighwaySafety,Twitter/X Public Archive,10,3,2,#BlackSpot;#HighwaySafety;#MumbaiGhat,black_spot
MAHA_SOC_00125,2022-02-16 19:50:00,Pune,No pedestrian zebra crossing or foot overbridge near school on Pune road. High risk for children crossing highway! #PedestrianSafety #Pune,Civic Forum / Facebook,49,3,1,#PedestrianSafety;#SafeStreets;#ChildrenSafety,pedestrian_safety
MAHA_SOC_00126,2022-11-07 05:10:00,Satara,Heavy waterlogging after heavy rain on Satara highway junction. Vehicles skidding and traffic halted for hours. #MonsoonTraffic #SataraFloods,Citizen Grievance Portal,23,2,12,#MonsoonTraffic;#SataraFloods;#RoadSafety,waterlogging
MAHA_SOC_00127,2022-07-26 09:49:00,Mumbai,Illegal road digging and open gravel left unattended on Mumbai main avenue. Two-wheelers constantly slipping. #TwoWheelerSafety #MumbaiCivic,Twitter/X Public Archive,4,4,1,#TwoWheelerSafety;#RoadHazard;#CivicNegligence,road_hazards
MAHA_SOC_00128,2022-03-24 19:05:00,Nashik,Illegal road digging and open gravel left unattended on Nashik main avenue. Two-wheelers constantly slipping. #TwoWheelerSafety #NashikCivic,Twitter/X Public Archive,29,0,1,#TwoWheelerSafety;#RoadHazard;#CivicNegligence,road_hazards
MAHA_SOC_00129,2022-07-04 22:22:00,Solapur,Deep trenches near bus stop in Solapur. Multiple bikers injured yesterday during evening drizzle. Urgent repairs requested. #RoadHazards #Solapur,Twitter/X Public Archive,35,9,8,#RoadHazards;#PotholeCrisis;#SolapurRoads,potholes
MAHA_SOC_00130,2022-08-11 15:21:00,Mumbai,Massive potholes on Mumbai road near the main flyover. Commuters risking lives every day! @trafficpolice #PotholeAlert #RoadSafety,Twitter/X Public Archive,48,13,22,#PotholeAlert;#RoadSafety;#MumbaiTraffic,potholes
MAHA_SOC_00131,2021-04-30 01:17:00,Ahmednagar,Massive potholes on Ahmednagar road near the main flyover. Commuters risking lives every day! @trafficpolice #PotholeAlert #RoadSafety,Citizen Grievance Portal,50,16,8,#PotholeAlert;#RoadSafety;#AhmednagarTraffic,potholes
MAHA_SOC_00132,2021-06-21 00:22:00,Mumbai,Massive potholes on Mumbai road near the main flyover. Commuters risking lives every day! @trafficpolice #PotholeAlert #RoadSafety,Civic Forum / Facebook,9,0,1,#PotholeAlert;#RoadSafety;#MumbaiTraffic,potholes
MAHA_SOC_00133,2023-11-15 23:06:00,Thane,Vehicles driving on wrong side and over-speeding near Thane bypass. Severe accident spot! Strict policing needed. #TrafficViolation #Thane,Citizen Grievance Portal,4,3,6,#TrafficViolation;#Speeding;#ThanePolice,speeding
MAHA_SOC_00134,2022-03-24 20:30:00,Thane,"Streetlights non-functional for past 2 weeks on Thane outer ring road. Zero visibility at night, high risk of head-on collisions. #DarkRoads #Thane",Twitter/X Public Archive,0,1,3,#DarkRoads;#Streetlights;#CivicFailure,lighting
MAHA_SOC_00135,2021-05-09 00:03:00,Mumbai,"Streetlights non-functional for past 2 weeks on Mumbai outer ring road. Zero visibility at night, high risk of head-on collisions. #DarkRoads #Mumbai",Local News Feedback,61,0,1,#DarkRoads;#Streetlights;#CivicFailure,lighting
MAHA_SOC_00136,2022-04-18 05:56:00,Nagpur,Massive potholes on Nagpur road near the main flyover. Commuters risking lives every day! @trafficpolice #PotholeAlert #RoadSafety,Civic Forum / Facebook,54,26,12,#PotholeAlert;#RoadSafety;#NagpurTraffic,potholes
MAHA_SOC_00137,2022-12-09 23:55:00,Nagpur,Massive potholes on Nagpur road near the main flyover. Commuters risking lives every day! @trafficpolice #PotholeAlert #RoadSafety,Twitter/X Public Archive,22,4,6,#PotholeAlert;#RoadSafety;#NagpurTraffic,potholes
MAHA_SOC_00138,2023-12-30 19:45:00,Thane,Speed limit 80kmph completely ignored on Thane expressway. Reckless lane cutting by intercity buses. Need speed cameras! #HighwayWatch #Thane,Local News Feedback,21,4,7,#HighwayWatch;#SpeedLimit;#ExpresswaySafety,speeding
MAHA_SOC_00139,2021-01-03 01:03:00,Mumbai,Illegal road digging and open gravel left unattended on Mumbai main avenue. Two-wheelers constantly slipping. #TwoWheelerSafety #MumbaiCivic,Citizen Grievance Portal,2,9,3,#TwoWheelerSafety;#RoadHazard;#CivicNegligence,road_hazards
MAHA_SOC_00140,2021-09-22 01:50:00,Mumbai,"Streetlights non-functional for past 2 weeks on Mumbai outer ring road. Zero visibility at night, high risk of head-on collisions. #DarkRoads #Mumbai",Civic Forum / Facebook,1,9,16,#DarkRoads;#Streetlights;#CivicFailure,lighting
MAHA_SOC_00141,2023-10-28 07:12:00,Nashik,Massive potholes on Nashik road near the main flyover. Commuters risking lives every day! @trafficpolice #PotholeAlert #RoadSafety,Local News Feedback,12,3,1,#PotholeAlert;#RoadSafety;#NashikTraffic,potholes
MAHA_SOC_00142,2023-09-15 03:56:00,Aurangabad,Heavy waterlogging after heavy rain on Aurangabad highway junction. Vehicles skidding and traffic halted for hours. #MonsoonTraffic #AurangabadFloods,Twitter/X Public Archive,1,12,4,#MonsoonTraffic;#AurangabadFloods;#RoadSafety,waterlogging
MAHA_SOC_00143,2021-06-03 16:31:00,Aurangabad,Vehicles driving on wrong side and over-speeding near Aurangabad bypass. Severe accident spot! Strict policing needed. #TrafficViolation #Aurangabad,Twitter/X Public Archive,6,17,3,#TrafficViolation;#Speeding;#AurangabadPolice,speeding
MAHA_SOC_00144,2023-08-12 10:07:00,Solapur,Illegal road digging and open gravel left unattended on Solapur main avenue. Two-wheelers constantly slipping. #TwoWheelerSafety #SolapurCivic,Twitter/X Public Archive,3,13,0,#TwoWheelerSafety;#RoadHazard;#CivicNegligence,road_hazards
MAHA_SOC_00145,2023-09-02 13:17:00,Mumbai,Heavy waterlogging after heavy rain on Mumbai highway junction. Vehicles skidding and traffic halted for hours. #MonsoonTraffic #MumbaiFloods,Twitter/X Public Archive,32,18,0,#MonsoonTraffic;#MumbaiFloods;#RoadSafety,waterlogging
MAHA_SOC_00146,2021-04-13 13:12:00,Mumbai,Dangerous black spot identified on Mumbai ghat section. Multiple heavy trucks overturned this month. Where are crash barriers? #BlackSpot #HighwaySafety,Civic Forum / Facebook,20,1,1,#BlackSpot;#HighwaySafety;#MumbaiGhat,black_spot
MAHA_SOC_00147,2023-08-11 20:28:00,Nashik,Speed limit 80kmph completely ignored on Nashik expressway. Reckless lane cutting by intercity buses. Need speed cameras! #HighwayWatch #Nashik,Local News Feedback,15,7,5,#HighwayWatch;#SpeedLimit;#ExpresswaySafety,speeding
MAHA_SOC_00148,2021-08-30 21:53:00,Mumbai,"Streetlights non-functional for past 2 weeks on Mumbai outer ring road. Zero visibility at night, high risk of head-on collisions. #DarkRoads #Mumbai",Twitter/X Public Archive,11,5,7,#DarkRoads;#Streetlights;#CivicFailure,lighting
MAHA_SOC_00149,2023-11-07 17:35:00,Nashik,Illegal road digging and open gravel left unattended on Nashik main avenue. Two-wheelers constantly slipping. #TwoWheelerSafety #NashikCivic,Civic Forum / Facebook,16,0,2,#TwoWheelerSafety;#RoadHazard;#CivicNegligence,road_hazards
MAHA_SOC_00150,2023-10-20 02:43:00,Mumbai,Vehicles driving on wrong side and over-speeding near Mumbai bypass. Severe accident spot! Strict policing needed. #TrafficViolation #Mumbai,Local News Feedback,1,2,11,#TrafficViolation;#Speeding;#MumbaiPolice,speeding
MAHA_SOC_00151,2023-03-13 15:33:00,Nagpur,No pedestrian zebra crossing or foot overbridge near school on Nagpur road. High risk for children crossing highway! #PedestrianSafety #Nagpur,Twitter/X Public Archive,28,10,2,#PedestrianSafety;#SafeStreets;#ChildrenSafety,pedestrian_safety
MAHA_SOC_00152,2023-02-27 09:50:00,Solapur,No pedestrian zebra crossing or foot overbridge near school on Solapur road. High risk for children crossing highway! #PedestrianSafety #Solapur,Local News Feedback,51,2,4,#PedestrianSafety;#SafeStreets;#ChildrenSafety,pedestrian_safety
MAHA_SOC_00153,2022-06-10 08:54:00,Nagpur,Vehicles driving on wrong side and over-speeding near Nagpur bypass. Severe accident spot! Strict policing needed. #TrafficViolation #Nagpur,Twitter/X Public Archive,1,3,13,#TrafficViolation;#Speeding;#NagpurPolice,speeding
MAHA_SOC_00154,2021-03-29 00:11:00,Pune,Heavy waterlogging after heavy rain on Pune highway junction. Vehicles skidding and traffic halted for hours. #MonsoonTraffic #PuneFloods,Twitter/X Public Archive,24,5,4,#MonsoonTraffic;#PuneFloods;#RoadSafety,waterlogging
MAHA_SOC_00155,2022-02-10 13:21:00,Nagpur,"Streetlights non-functional for past 2 weeks on Nagpur outer ring road. Zero visibility at night, high risk of head-on collisions. #DarkRoads #Nagpur",Twitter/X Public Archive,12,5,0,#DarkRoads;#Streetlights;#CivicFailure,lighting
MAHA_SOC_00156,2021-03-05 21:47:00,Thane,Massive potholes on Thane road near the main flyover. Commuters risking lives every day! @trafficpolice #PotholeAlert #RoadSafety,Civic Forum / Facebook,78,0,1,#PotholeAlert;#RoadSafety;#ThaneTraffic,potholes
MAHA_SOC_00157,2021-11-11 11:19:00,Pune,Dangerous black spot identified on Pune ghat section. Multiple heavy trucks overturned this month. Where are crash barriers? #BlackSpot #HighwaySafety,Civic Forum / Facebook,3,28,4,#BlackSpot;#HighwaySafety;#PuneGhat,black_spot
MAHA_SOC_00158,2023-01-03 19:46:00,Pune,Speed limit 80kmph completely ignored on Pune expressway. Reckless lane cutting by intercity buses. Need speed cameras! #HighwayWatch #Pune,Citizen Grievance Portal,4,16,2,#HighwayWatch;#SpeedLimit;#ExpresswaySafety,speeding
MAHA_SOC_00159,2023-03-03 06:36:00,Aurangabad,Dangerous black spot identified on Aurangabad ghat section. Multiple heavy trucks overturned this month. Where are crash barriers? #BlackSpot #HighwaySafety,Twitter/X Public Archive,23,2,2,#BlackSpot;#HighwaySafety;#AurangabadGhat,black_spot
MAHA_SOC_00160,2021-03-09 02:14:00,Thane,No pedestrian zebra crossing or foot overbridge near school on Thane road. High risk for children crossing highway! #PedestrianSafety #Thane,Citizen Grievance Portal,1,0,9,#PedestrianSafety;#SafeStreets;#ChildrenSafety,pedestrian_safety
MAHA_SOC_00161,2022-07-12 19:14:00,Pune,Dangerous black spot identified on Pune ghat section. Multiple heavy trucks overturned this month. Where are crash barriers? #BlackSpot #HighwaySafety,Local News Feedback,5,0,1,#BlackSpot;#HighwaySafety;#PuneGhat,black_spot
MAHA_SOC_00162,2023-06-22 06:24:00,Nagpur,Illegal road digging and open gravel left unattended on Nagpur main avenue. Two-wheelers constantly slipping. #TwoWheelerSafety #NagpurCivic,Twitter/X Public Archive,27,3,2,#TwoWheelerSafety;#RoadHazard;#CivicNegligence,road_hazards
MAHA_SOC_00163,2021-07-19 20:17:00,Pune,Heavy waterlogging after heavy rain on Pune highway junction. Vehicles skidding and traffic halted for hours. #MonsoonTraffic #PuneFloods,Twitter/X Public Archive,15,9,1,#MonsoonTraffic;#PuneFloods;#RoadSafety,waterlogging
MAHA_SOC_00164,2023-10-28 21:45:00,Solapur,Deep trenches near bus stop in Solapur. Multiple bikers injured yesterday during evening drizzle. Urgent repairs requested. #RoadHazards #Solapur,Citizen Grievance Portal,2,1,1,#RoadHazards;#PotholeCrisis;#SolapurRoads,potholes
MAHA_SOC_00165,2022-08-18 00:18:00,Pune,No pedestrian zebra crossing or foot overbridge near school on Pune road. High risk for children crossing highway! #PedestrianSafety #Pune,Twitter/X Public Archive,2,5,4,#PedestrianSafety;#SafeStreets;#ChildrenSafety,pedestrian_safety
MAHA_SOC_00166,2022-12-25 06:07:00,Pune,Dangerous black spot identified on Pune ghat section. Multiple heavy trucks overturned this month. Where are crash barriers? #BlackSpot #HighwaySafety,Twitter/X Public Archive,6,8,9,#BlackSpot;#HighwaySafety;#PuneGhat,black_spot
MAHA_SOC_00167,2021-11-24 00:44:00,Pune,Vehicles driving on wrong side and over-speeding near Pune bypass. Severe accident spot! Strict policing needed. #TrafficViolation #Pune,Twitter/X Public Archive,11,9,0,#TrafficViolation;#Speeding;#PunePolice,speeding
MAHA_SOC_00168,2023-05-12 04:53:00,Mumbai,Massive potholes on Mumbai road near the main flyover. Commuters risking lives every day! @trafficpolice #PotholeAlert #RoadSafety,Citizen Grievance Portal,48,4,3,#PotholeAlert;#RoadSafety;#MumbaiTraffic,potholes
MAHA_SOC_00169,2023-12-29 16:51:00,Mumbai,Speed limit 80kmph completely ignored on Mumbai expressway. Reckless lane cutting by intercity buses. Need speed cameras! #HighwayWatch #Mumbai,Local News Feedback,0,1,0,#HighwayWatch;#SpeedLimit;#ExpresswaySafety,speeding
MAHA_SOC_00170,2021-01-01 22:39:00,Mumbai,Deep trenches near bus stop in Mumbai. Multiple bikers injured yesterday during evening drizzle. Urgent repairs requested. #RoadHazards #Mumbai,Civic Forum / Facebook,49,15,3,#RoadHazards;#PotholeCrisis;#MumbaiRoads,potholes
MAHA_SOC_00171,2021-06-21 20:20:00,Pune,Vehicles driving on wrong side and over-speeding near Pune bypass. Severe accident spot! Strict policing needed. #TrafficViolation #Pune,Citizen Grievance Portal,0,6,2,#TrafficViolation;#Speeding;#PunePolice,speeding
MAHA_SOC_00172,2021-10-05 22:38:00,Mumbai,Deep trenches near bus stop in Mumbai. Multiple bikers injured yesterday during evening drizzle. Urgent repairs requested. #RoadHazards #Mumbai,Twitter/X Public Archive,40,2,2,#RoadHazards;#PotholeCrisis;#MumbaiRoads,potholes
MAHA_SOC_00173,2022-09-30 21:50:00,Pune,"Streetlights non-functional for past 2 weeks on Pune outer ring road. Zero visibility at night, high risk of head-on collisions. #DarkRoads #Pune",Twitter/X Public Archive,43,6,7,#DarkRoads;#Streetlights;#CivicFailure,lighting
MAHA_SOC_00174,2023-12-09 21:08:00,Mumbai,Vehicles driving on wrong side and over-speeding near Mumbai bypass. Severe accident spot! Strict policing needed. #TrafficViolation #Mumbai,Twitter/X Public Archive,1,3,1,#TrafficViolation;#Speeding;#MumbaiPolice,speeding
MAHA_SOC_00175,2023-05-30 02:52:00,Mumbai,Dangerous black spot identified on Mumbai ghat section. Multiple heavy trucks overturned this month. Where are crash barriers? #BlackSpot #HighwaySafety,Citizen Grievance Portal,11,3,7,#BlackSpot;#HighwaySafety;#MumbaiGhat,black_spot
MAHA_SOC_00176,2022-02-02 03:14:00,Nagpur,"Streetlights non-functional for past 2 weeks on Nagpur outer ring road. Zero visibility at night, high risk of head-on collisions. #DarkRoads #Nagpur",Local News Feedback,7,3,1,#DarkRoads;#Streetlights;#CivicFailure,lighting
MAHA_SOC_00177,2021-03-17 21:21:00,Thane,Massive potholes on Thane road near the main flyover. Commuters risking lives every day! @trafficpolice #PotholeAlert #RoadSafety,Citizen Grievance Portal,23,0,0,#PotholeAlert;#RoadSafety;#ThaneTraffic,potholes
MAHA_SOC_00178,2021-09-07 07:00:00,Mumbai,"Streetlights non-functional for past 2 weeks on Mumbai outer ring road. Zero visibility at night, high risk of head-on collisions. #DarkRoads #Mumbai",Twitter/X Public Archive,17,15,4,#DarkRoads;#Streetlights;#CivicFailure,lighting
MAHA_SOC_00179,2023-09-28 15:16:00,Pune,Heavy waterlogging after heavy rain on Pune highway junction. Vehicles skidding and traffic halted for hours. #MonsoonTraffic #PuneFloods,Twitter/X Public Archive,18,1,5,#MonsoonTraffic;#PuneFloods;#RoadSafety,waterlogging
MAHA_SOC_00180,2023-03-29 17:22:00,Aurangabad,Massive potholes on Aurangabad road near the main flyover. Commuters risking lives every day! @trafficpolice #PotholeAlert #RoadSafety,Local News Feedback,7,8,6,#PotholeAlert;#RoadSafety;#AurangabadTraffic,potholes
MAHA_SOC_00181,2023-08-27 11:26:00,Solapur,"Streetlights non-functional for past 2 weeks on Solapur outer ring road. Zero visibility at night, high risk of head-on collisions. #DarkRoads #Solapur",Twitter/X Public Archive,12,14,0,#DarkRoads;#Streetlights;#CivicFailure,lighting
MAHA_SOC_00182,2021-04-21 21:23:00,Nashik,Speed limit 80kmph completely ignored on Nashik expressway. Reckless lane cutting by intercity buses. Need speed cameras! #HighwayWatch #Nashik,Local News Feedback,7,1,4,#HighwayWatch;#SpeedLimit;#ExpresswaySafety,speeding
MAHA_SOC_00183,2023-06-18 09:02:00,Mumbai,Vehicles driving on wrong side and over-speeding near Mumbai bypass. Severe accident spot! Strict policing needed. #TrafficViolation #Mumbai,Twitter/X Public Archive,9,4,7,#TrafficViolation;#Speeding;#MumbaiPolice,speeding
MAHA_SOC_00184,2021-06-24 20:09:00,Pune,Dangerous black spot identified on Pune ghat section. Multiple heavy trucks overturned this month. Where are crash barriers? #BlackSpot #HighwaySafety,Twitter/X Public Archive,13,8,5,#BlackSpot;#HighwaySafety;#PuneGhat,black_spot
MAHA_SOC_00185,2021-07-21 05:27:00,Mumbai,Vehicles driving on wrong side and over-speeding near Mumbai bypass. Severe accident spot! Strict policing needed. #TrafficViolation #Mumbai,Twitter/X Public Archive,24,8,8,#TrafficViolation;#Speeding;#MumbaiPolice,speeding
MAHA_SOC_00186,2021-07-07 15:41:00,Nagpur,Heavy waterlogging after heavy rain on Nagpur highway junction. Vehicles skidding and traffic halted for hours. #MonsoonTraffic #NagpurFloods,Twitter/X Public Archive,3,21,7,#MonsoonTraffic;#NagpurFloods;#RoadSafety,waterlogging
MAHA_SOC_00187,2021-12-04 08:40:00,Solapur,Massive potholes on Solapur road near the main flyover. Commuters risking lives every day! @trafficpolice #PotholeAlert #RoadSafety,Local News Feedback,4,10,10,#PotholeAlert;#RoadSafety;#SolapurTraffic,potholes
MAHA_SOC_00188,2022-04-13 03:07:00,Mumbai,Vehicles driving on wrong side and over-speeding near Mumbai bypass. Severe accident spot! Strict policing needed. #TrafficViolation #Mumbai,Twitter/X Public Archive,32,2,1,#TrafficViolation;#Speeding;#MumbaiPolice,speeding
MAHA_SOC_00189,2022-07-22 23:14:00,Solapur,Massive potholes on Solapur road near the main flyover. Commuters risking lives every day! @trafficpolice #PotholeAlert #RoadSafety,Twitter/X Public Archive,12,6,2,#PotholeAlert;#RoadSafety;#SolapurTraffic,potholes
MAHA_SOC_00190,2022-05-15 04:16:00,Solapur,Illegal road digging and open gravel left unattended on Solapur main avenue. Two-wheelers constantly slipping. #TwoWheelerSafety #SolapurCivic,Twitter/X Public Archive,10,6,0,#TwoWheelerSafety;#RoadHazard;#CivicNegligence,road_hazards
MAHA_SOC_00191,2022-02-10 20:30:00,Nashik,No pedestrian zebra crossing or foot overbridge near school on Nashik road. High risk for children crossing highway! #PedestrianSafety #Nashik,Twitter/X Public Archive,17,5,3,#PedestrianSafety;#SafeStreets;#ChildrenSafety,pedestrian_safety
MAHA_SOC_00192,2022-02-22 06:04:00,Aurangabad,Illegal road digging and open gravel left unattended on Aurangabad main avenue. Two-wheelers constantly slipping. #TwoWheelerSafety #AurangabadCivic,Twitter/X Public Archive,16,1,4,#TwoWheelerSafety;#RoadHazard;#CivicNegligence,road_hazards
MAHA_SOC_00193,2021-07-27 03:18:00,Pune,Deep trenches near bus stop in Pune. Multiple bikers injured yesterday during evening drizzle. Urgent repairs requested. #RoadHazards #Pune,Citizen Grievance Portal,1,0,0,#RoadHazards;#PotholeCrisis;#PuneRoads,potholes
MAHA_SOC_00194,2022-07-19 10:57:00,Ahmednagar,Illegal road digging and open gravel left unattended on Ahmednagar main avenue. Two-wheelers constantly slipping. #TwoWheelerSafety #AhmednagarCivic,Civic Forum / Facebook,58,0,4,#TwoWheelerSafety;#RoadHazard;#CivicNegligence,road_hazards
MAHA_SOC_00195,2023-03-12 22:41:00,Satara,Heavy waterlogging after heavy rain on Satara highway junction. Vehicles skidding and traffic halted for hours. #MonsoonTraffic #SataraFloods,Citizen Grievance Portal,0,2,3,#MonsoonTraffic;#SataraFloods;#RoadSafety,waterlogging
MAHA_SOC_00196,2022-05-04 22:29:00,Mumbai,Dangerous black spot identified on Mumbai ghat section. Multiple heavy trucks overturned this month. Where are crash barriers? #BlackSpot #HighwaySafety,Twitter/X Public Archive,2,12,0,#BlackSpot;#HighwaySafety;#MumbaiGhat,black_spot
MAHA_SOC_00197,2022-12-15 09:30:00,Satara,Vehicles driving on wrong side and over-speeding near Satara bypass. Severe accident spot! Strict policing needed. #TrafficViolation #Satara,Twitter/X Public Archive,35,3,2,#TrafficViolation;#Speeding;#SataraPolice,speeding
MAHA_SOC_00198,2021-01-20 16:23:00,Pune,Heavy waterlogging after heavy rain on Pune highway junction. Vehicles skidding and traffic halted for hours. #MonsoonTraffic #PuneFloods,Citizen Grievance Portal,8,9,2,#MonsoonTraffic;#PuneFloods;#RoadSafety,waterlogging
MAHA_SOC_00199,2022-05-02 19:42:00,Nagpur,Traffic signals completely dead at major four-way junction in Nagpur. Continuous chaos and minor fender benders. #SignalFailure #Nagpur,Twitter/X Public Archive,19,3,0,#SignalFailure;#TrafficJam;#CivicIssue,signal_failure
MAHA_SOC_00200,2022-01-17 10:02:00,Mumbai,Illegal road digging and open gravel left unattended on Mumbai main avenue. Two-wheelers constantly slipping. #TwoWheelerSafety #MumbaiCivic,Twitter/X Public Archive,0,0,3,#TwoWheelerSafety;#RoadHazard;#CivicNegligence,road_hazards
MAHA_SOC_00201,2021-03-31 05:43:00,Thane,Heavy waterlogging after heavy rain on Thane highway junction. Vehicles skidding and traffic halted for hours. #MonsoonTraffic #ThaneFloods,Local News Feedback,25,2,1,#MonsoonTraffic;#ThaneFloods;#RoadSafety,waterlogging
MAHA_SOC_00202,2023-02-01 11:53:00,Nagpur,Massive potholes on Nagpur road near the main flyover. Commuters risking lives every day! @trafficpolice #PotholeAlert #RoadSafety,Civic Forum / Facebook,24,9,2,#PotholeAlert;#RoadSafety;#NagpurTraffic,potholes
MAHA_SOC_00203,2023-10-14 23:48:00,Pune,Deep trenches near bus stop in Pune. Multiple bikers injured yesterday during evening drizzle. Urgent repairs requested. #RoadHazards #Pune,Civic Forum / Facebook,24,4,1,#RoadHazards;#PotholeCrisis;#PuneRoads,potholes
MAHA_SOC_00204,2023-07-26 03:17:00,Pune,Heavy waterlogging after heavy rain on Pune highway junction. Vehicles skidding and traffic halted for hours. #MonsoonTraffic #PuneFloods,Citizen Grievance Portal,5,10,1,#MonsoonTraffic;#PuneFloods;#RoadSafety,waterlogging
MAHA_SOC_00205,2023-04-09 19:10:00,Nagpur,Massive potholes on Nagpur road near the main flyover. Commuters risking lives every day! @trafficpolice #PotholeAlert #RoadSafety,Twitter/X Public Archive,36,15,3,#PotholeAlert;#RoadSafety;#NagpurTraffic,potholes
MAHA_SOC_00206,2023-05-13 11:35:00,Pune,Massive potholes on Pune road near the main flyover. Commuters risking lives every day! @trafficpolice #PotholeAlert #RoadSafety,Twitter/X Public Archive,22,0,3,#PotholeAlert;#RoadSafety;#PuneTraffic,potholes
MAHA_SOC_00207,2022-01-03 03:22:00,Pune,Traffic signals completely dead at major four-way junction in Pune. Continuous chaos and minor fender benders. #SignalFailure #Pune,Citizen Grievance Portal,15,10,2,#SignalFailure;#TrafficJam;#CivicIssue,signal_failure
MAHA_SOC_00208,2023-08-23 00:51:00,Mumbai,"Streetlights non-functional for past 2 weeks on Mumbai outer ring road. Zero visibility at night, high risk of head-on collisions. #DarkRoads #Mumbai",Twitter/X Public Archive,6,7,2,#DarkRoads;#Streetlights;#CivicFailure,lighting
MAHA_SOC_00209,2023-08-29 00:46:00,Thane,Vehicles driving on wrong side and over-speeding near Thane bypass. Severe accident spot! Strict policing needed. #TrafficViolation #Thane,Citizen Grievance Portal,8,3,1,#TrafficViolation;#Speeding;#ThanePolice,speeding
MAHA_SOC_00210,2022-01-07 12:24:00,Aurangabad,Heavy waterlogging after heavy rain on Aurangabad highway junction. Vehicles skidding and traffic halted for hours. #MonsoonTraffic #AurangabadFloods,Citizen Grievance Portal,0,0,0,#MonsoonTraffic;#AurangabadFloods;#RoadSafety,waterlogging
MAHA_SOC_00211,2022-01-05 23:39:00,Aurangabad,Dangerous black spot identified on Aurangabad ghat section. Multiple heavy trucks overturned this month. Where are crash barriers? #BlackSpot #HighwaySafety,Local News Feedback,76,5,6,#BlackSpot;#HighwaySafety;#AurangabadGhat,black_spot
MAHA_SOC_00212,2023-05-11 09:10:00,Satara,Illegal road digging and open gravel left unattended on Satara main avenue. Two-wheelers constantly slipping. #TwoWheelerSafety #SataraCivic,Local News Feedback,38,0,1,#TwoWheelerSafety;#RoadHazard;#CivicNegligence,road_hazards
MAHA_SOC_00213,2023-10-13 07:07:00,Pune,Vehicles driving on wrong side and over-speeding near Pune bypass. Severe accident spot! Strict policing needed. #TrafficViolation #Pune,Civic Forum / Facebook,5,1,4,#TrafficViolation;#Speeding;#PunePolice,speeding
MAHA_SOC_00214,2022-05-08 02:23:00,Nagpur,Deep trenches near bus stop in Nagpur. Multiple bikers injured yesterday during evening drizzle. Urgent repairs requested. #RoadHazards #Nagpur,Twitter/X Public Archive,13,0,1,#RoadHazards;#PotholeCrisis;#NagpurRoads,potholes
MAHA_SOC_00215,2022-05-11 12:33:00,Pune,Traffic signals completely dead at major four-way junction in Pune. Continuous chaos and minor fender benders. #SignalFailure #Pune,Twitter/X Public Archive,38,7,1,#SignalFailure;#TrafficJam;#CivicIssue,signal_failure
MAHA_SOC_00216,2023-01-11 09:18:00,Aurangabad,Deep trenches near bus stop in Aurangabad. Multiple bikers injured yesterday during evening drizzle. Urgent repairs requested. #RoadHazards #Aurangabad,Twitter/X Public Archive,22,3,2,#RoadHazards;#PotholeCrisis;#AurangabadRoads,potholes
MAHA_SOC_00217,2021-11-08 10:24:00,Thane,Vehicles driving on wrong side and over-speeding near Thane bypass. Severe accident spot! Strict policing needed. #TrafficViolation #Thane,Civic Forum / Facebook,17,19,1,#TrafficViolation;#Speeding;#ThanePolice,speeding
MAHA_SOC_00218,2023-01-16 08:58:00,Solapur,Dangerous black spot identified on Solapur ghat section. Multiple heavy trucks overturned this month. Where are crash barriers? #BlackSpot #HighwaySafety,Civic Forum / Facebook,13,2,2,#BlackSpot;#HighwaySafety;#SolapurGhat,black_spot
MAHA_SOC_00219,2023-11-27 22:57:00,Mumbai,Illegal road digging and open gravel left unattended on Mumbai main avenue. Two-wheelers constantly slipping. #TwoWheelerSafety #MumbaiCivic,Civic Forum / Facebook,8,2,1,#TwoWheelerSafety;#RoadHazard;#CivicNegligence,road_hazards
MAHA_SOC_00220,2023-12-26 16:18:00,Ahmednagar,Heavy waterlogging after heavy rain on Ahmednagar highway junction. Vehicles skidding and traffic halted for hours. #MonsoonTraffic #AhmednagarFloods,Citizen Grievance Portal,35,25,4,#MonsoonTraffic;#AhmednagarFloods;#RoadSafety,waterlogging
MAHA_SOC_00221,2023-05-24 15:08:00,Nashik,Deep trenches near bus stop in Nashik. Multiple bikers injured yesterday during evening drizzle. Urgent repairs requested. #RoadHazards #Nashik,Twitter/X Public Archive,11,0,4,#RoadHazards;#PotholeCrisis;#NashikRoads,potholes
MAHA_SOC_00222,2023-01-05 16:20:00,Thane,No pedestrian zebra crossing or foot overbridge near school on Thane road. High risk for children crossing highway! #PedestrianSafety #Thane,Citizen Grievance Portal,27,1,12,#PedestrianSafety;#SafeStreets;#ChildrenSafety,pedestrian_safety
MAHA_SOC_00223,2022-05-03 19:31:00,Navi Mumbai,Speed limit 80kmph completely ignored on Navi Mumbai expressway. Reckless lane cutting by intercity buses. Need speed cameras! #HighwayWatch #Navi Mumbai,Twitter/X Public Archive,7,4,1,#HighwayWatch;#SpeedLimit;#ExpresswaySafety,speeding
MAHA_SOC_00224,2023-08-30 02:45:00,Pune,Heavy waterlogging after heavy rain on Pune highway junction. Vehicles skidding and traffic halted for hours. #MonsoonTraffic #PuneFloods,Twitter/X Public Archive,11,2,0,#MonsoonTraffic;#PuneFloods;#RoadSafety,waterlogging
MAHA_SOC_00225,2023-01-10 13:50:00,Navi Mumbai,Dangerous black spot identified on Navi Mumbai ghat section. Multiple heavy trucks overturned this month. Where are crash barriers? #BlackSpot #HighwaySafety,Twitter/X Public Archive,4,3,11,#BlackSpot;#HighwaySafety;#Navi MumbaiGhat,black_spot
MAHA_SOC_00226,2023-06-20 08:29:00,Nagpur,Traffic signals completely dead at major four-way junction in Nagpur. Continuous chaos and minor fender benders. #SignalFailure #Nagpur,Civic Forum / Facebook,16,1,3,#SignalFailure;#TrafficJam;#CivicIssue,signal_failure
MAHA_SOC_00227,2021-10-21 08:23:00,Aurangabad,Illegal road digging and open gravel left unattended on Aurangabad main avenue. Two-wheelers constantly slipping. #TwoWheelerSafety #AurangabadCivic,Citizen Grievance Portal,13,20,4,#TwoWheelerSafety;#RoadHazard;#CivicNegligence,road_hazards
MAHA_SOC_00228,2021-04-21 12:10:00,Thane,Heavy waterlogging after heavy rain on Thane highway junction. Vehicles skidding and traffic halted for hours. #MonsoonTraffic #ThaneFloods,Civic Forum / Facebook,21,8,5,#MonsoonTraffic;#ThaneFloods;#RoadSafety,waterlogging
MAHA_SOC_00229,2022-08-14 00:25:00,Nashik,Traffic signals completely dead at major four-way junction in Nashik. Continuous chaos and minor fender benders. #SignalFailure #Nashik,Twitter/X Public Archive,12,12,0,#SignalFailure;#TrafficJam;#CivicIssue,signal_failure
MAHA_SOC_00230,2021-06-25 03:56:00,Navi Mumbai,Illegal road digging and open gravel left unattended on Navi Mumbai main avenue. Two-wheelers constantly slipping. #TwoWheelerSafety #Navi MumbaiCivic,Twitter/X Public Archive,10,2,0,#TwoWheelerSafety;#RoadHazard;#CivicNegligence,road_hazards
MAHA_SOC_00231,2022-12-09 01:23:00,Kolhapur,Heavy waterlogging after heavy rain on Kolhapur highway junction. Vehicles skidding and traffic halted for hours. #MonsoonTraffic #KolhapurFloods,Twitter/X Public Archive,9,9,3,#MonsoonTraffic;#KolhapurFloods;#RoadSafety,waterlogging
MAHA_SOC_00232,2023-02-06 18:07:00,Mumbai,Vehicles driving on wrong side and over-speeding near Mumbai bypass. Severe accident spot! Strict policing needed. #TrafficViolation #Mumbai,Civic Forum / Facebook,9,4,5,#TrafficViolation;#Speeding;#MumbaiPolice,speeding
MAHA_SOC_00233,2023-12-22 20:48:00,Kolhapur,Speed limit 80kmph completely ignored on Kolhapur expressway. Reckless lane cutting by intercity buses. Need speed cameras! #HighwayWatch #Kolhapur,Twitter/X Public Archive,8,32,0,#HighwayWatch;#SpeedLimit;#ExpresswaySafety,speeding
MAHA_SOC_00234,2021-01-15 05:07:00,Mumbai,Deep trenches near bus stop in Mumbai. Multiple bikers injured yesterday during evening drizzle. Urgent repairs requested. #RoadHazards #Mumbai,Civic Forum / Facebook,16,0,6,#RoadHazards;#PotholeCrisis;#MumbaiRoads,potholes
MAHA_SOC_00235,2022-12-22 17:20:00,Pune,No pedestrian zebra crossing or foot overbridge near school on Pune road. High risk for children crossing highway! #PedestrianSafety #Pune,Twitter/X Public Archive,1,7,4,#PedestrianSafety;#SafeStreets;#ChildrenSafety,pedestrian_safety
MAHA_SOC_00236,2023-11-19 02:43:00,Mumbai,Massive potholes on Mumbai road near the main flyover. Commuters risking lives every day! @trafficpolice #PotholeAlert #RoadSafety,Civic Forum / Facebook,17,4,7,#PotholeAlert;#RoadSafety;#MumbaiTraffic,potholes
MAHA_SOC_00237,2021-06-17 16:18:00,Pune,No pedestrian zebra crossing or foot overbridge near school on Pune road. High risk for children crossing highway! #PedestrianSafety #Pune,Twitter/X Public Archive,56,0,3,#PedestrianSafety;#SafeStreets;#ChildrenSafety,pedestrian_safety
MAHA_SOC_00238,2022-12-15 23:27:00,Nagpur,Deep trenches near bus stop in Nagpur. Multiple bikers injured yesterday during evening drizzle. Urgent repairs requested. #RoadHazards #Nagpur,Twitter/X Public Archive,28,2,0,#RoadHazards;#PotholeCrisis;#NagpurRoads,potholes
MAHA_SOC_00239,2021-02-28 21:30:00,Aurangabad,Speed limit 80kmph completely ignored on Aurangabad expressway. Reckless lane cutting by intercity buses. Need speed cameras! #HighwayWatch #Aurangabad,Twitter/X Public Archive,62,6,6,#HighwayWatch;#SpeedLimit;#ExpresswaySafety,speeding
MAHA_SOC_00240,2021-07-12 00:58:00,Nagpur,Vehicles driving on wrong side and over-speeding near Nagpur bypass. Severe accident spot! Strict policing needed. #TrafficViolation #Nagpur,Twitter/X Public Archive,2,9,0,#TrafficViolation;#Speeding;#NagpurPolice,speeding
MAHA_SOC_00241,2022-05-28 22:54:00,Nagpur,Illegal road digging and open gravel left unattended on Nagpur main avenue. Two-wheelers constantly slipping. #TwoWheelerSafety #NagpurCivic,Civic Forum / Facebook,15,39,3,#TwoWheelerSafety;#RoadHazard;#CivicNegligence,road_hazards
MAHA_SOC_00242,2023-03-27 21:49:00,Thane,No pedestrian zebra crossing or foot overbridge near school on Thane road. High risk for children crossing highway! #PedestrianSafety #Thane,Twitter/X Public Archive,9,3,11,#PedestrianSafety;#SafeStreets;#ChildrenSafety,pedestrian_safety
MAHA_SOC_00243,2021-04-17 02:39:00,Nagpur,Heavy waterlogging after heavy rain on Nagpur highway junction. Vehicles skidding and traffic halted for hours. #MonsoonTraffic #NagpurFloods,Twitter/X Public Archive,1,5,3,#MonsoonTraffic;#NagpurFloods;#RoadSafety,waterlogging
MAHA_SOC_00244,2021-12-09 11:33:00,Mumbai,Illegal road digging and open gravel left unattended on Mumbai main avenue. Two-wheelers constantly slipping. #TwoWheelerSafety #MumbaiCivic,Twitter/X Public Archive,8,1,0,#TwoWheelerSafety;#RoadHazard;#CivicNegligence,road_hazards
MAHA_SOC_00245,2021-11-10 09:22:00,Nagpur,Vehicles driving on wrong side and over-speeding near Nagpur bypass. Severe accident spot! Strict policing needed. #TrafficViolation #Nagpur,Citizen Grievance Portal,0,9,2,#TrafficViolation;#Speeding;#NagpurPolice,speeding
MAHA_SOC_00246,2021-04-19 14:50:00,Pune,Speed limit 80kmph completely ignored on Pune expressway. Reckless lane cutting by intercity buses. Need speed cameras! #HighwayWatch #Pune,Twitter/X Public Archive,2,8,2,#HighwayWatch;#SpeedLimit;#ExpresswaySafety,speeding
MAHA_SOC_00247,2021-12-12 01:44:00,Satara,"Streetlights non-functional for past 2 weeks on Satara outer ring road. Zero visibility at night, high risk of head-on collisions. #DarkRoads #Satara",Twitter/X Public Archive,3,9,2,#DarkRoads;#Streetlights;#CivicFailure,lighting
MAHA_SOC_00248,2023-11-07 11:39:00,Nagpur,Speed limit 80kmph completely ignored on Nagpur expressway. Reckless lane cutting by intercity buses. Need speed cameras! #HighwayWatch #Nagpur,Twitter/X Public Archive,11,19,0,#HighwayWatch;#SpeedLimit;#ExpresswaySafety,speeding
MAHA_SOC_00249,2022-11-15 17:44:00,Thane,Vehicles driving on wrong side and over-speeding near Thane bypass. Severe accident spot! Strict policing needed. #TrafficViolation #Thane,Twitter/X Public Archive,2,4,2,#TrafficViolation;#Speeding;#ThanePolice,speeding
MAHA_SOC_00250,2022-11-03 13:47:00,Kolhapur,Deep trenches near bus stop in Kolhapur. Multiple bikers injured yesterday during evening drizzle. Urgent repairs requested. #RoadHazards #Kolhapur,Twitter/X Public Archive,34,8,2,#RoadHazards;#PotholeCrisis;#KolhapurRoads,potholes
MAHA_SOC_00251,2023-10-26 19:44:00,Mumbai,No pedestrian zebra crossing or foot overbridge near school on Mumbai road. High risk for children crossing highway! #PedestrianSafety #Mumbai,Twitter/X Public Archive,19,10,8,#PedestrianSafety;#SafeStreets;#ChildrenSafety,pedestrian_safety
MAHA_SOC_00252,2023-09-29 08:57:00,Nashik,Speed limit 80kmph completely ignored on Nashik expressway. Reckless lane cutting by intercity buses. Need speed cameras! #HighwayWatch #Nashik,Citizen Grievance Portal,75,1,1,#HighwayWatch;#SpeedLimit;#ExpresswaySafety,speeding
MAHA_SOC_00253,2022-09-17 14:59:00,Mumbai,Deep trenches near bus stop in Mumbai. Multiple bikers injured yesterday during evening drizzle. Urgent repairs requested. #RoadHazards #Mumbai,Twitter/X Public Archive,21,0,4,#RoadHazards;#PotholeCrisis;#MumbaiRoads,potholes
MAHA_SOC_00254,2023-08-19 14:56:00,Thane,Deep trenches near bus stop in Thane. Multiple bikers injured yesterday during evening drizzle. Urgent repairs requested. #RoadHazards #Thane,Local News Feedback,4,1,5,#RoadHazards;#PotholeCrisis;#ThaneRoads,potholes
MAHA_SOC_00255,2022-09-13 17:15:00,Nagpur,Speed limit 80kmph completely ignored on Nagpur expressway. Reckless lane cutting by intercity buses. Need speed cameras! #HighwayWatch #Nagpur,Citizen Grievance Portal,39,5,6,#HighwayWatch;#SpeedLimit;#ExpresswaySafety,speeding
MAHA_SOC_00256,2023-01-02 14:00:00,Ahmednagar,Vehicles driving on wrong side and over-speeding near Ahmednagar bypass. Severe accident spot! Strict policing needed. #TrafficViolation #Ahmednagar,Twitter/X Public Archive,8,7,5,#TrafficViolation;#Speeding;#AhmednagarPolice,speeding
MAHA_SOC_00257,2021-09-28 05:55:00,Thane,Dangerous black spot identified on Thane ghat section. Multiple heavy trucks overturned this month. Where are crash barriers? #BlackSpot #HighwaySafety,Civic Forum / Facebook,6,5,1,#BlackSpot;#HighwaySafety;#ThaneGhat,black_spot
MAHA_SOC_00258,2022-11-18 01:23:00,Pune,Illegal road digging and open gravel left unattended on Pune main avenue. Two-wheelers constantly slipping. #TwoWheelerSafety #PuneCivic,Local News Feedback,13,5,5,#TwoWheelerSafety;#RoadHazard;#CivicNegligence,road_hazards
MAHA_SOC_00259,2022-04-27 15:09:00,Nagpur,Deep trenches near bus stop in Nagpur. Multiple bikers injured yesterday during evening drizzle. Urgent repairs requested. #RoadHazards #Nagpur,Twitter/X Public Archive,13,3,10,#RoadHazards;#PotholeCrisis;#NagpurRoads,potholes
MAHA_SOC_00260,2021-06-15 08:46:00,Aurangabad,Vehicles driving on wrong side and over-speeding near Aurangabad bypass. Severe accident spot! Strict policing needed. #TrafficViolation #Aurangabad,Twitter/X Public Archive,6,4,0,#TrafficViolation;#Speeding;#AurangabadPolice,speeding
MAHA_SOC_00261,2023-05-19 16:05:00,Pune,Deep trenches near bus stop in Pune. Multiple bikers injured yesterday during evening drizzle. Urgent repairs requested. #RoadHazards #Pune,Citizen Grievance Portal,24,4,0,#RoadHazards;#PotholeCrisis;#PuneRoads,potholes
MAHA_SOC_00262,2021-08-19 16:52:00,Nashik,Traffic signals completely dead at major four-way junction in Nashik. Continuous chaos and minor fender benders. #SignalFailure #Nashik,Twitter/X Public Archive,32,1,4,#SignalFailure;#TrafficJam;#CivicIssue,signal_failure
MAHA_SOC_00263,2022-03-14 11:58:00,Thane,Massive potholes on Thane road near the main flyover. Commuters risking lives every day! @trafficpolice #PotholeAlert #RoadSafety,Twitter/X Public Archive,33,3,3,#PotholeAlert;#RoadSafety;#ThaneTraffic,potholes
MAHA_SOC_00264,2023-08-15 07:45:00,Mumbai,"Streetlights non-functional for past 2 weeks on Mumbai outer ring road. Zero visibility at night, high risk of head-on collisions. #DarkRoads #Mumbai",Citizen Grievance Portal,10,8,6,#DarkRoads;#Streetlights;#CivicFailure,lighting
MAHA_SOC_00265,2023-12-12 16:40:00,Thane,Traffic signals completely dead at major four-way junction in Thane. Continuous chaos and minor fender benders. #SignalFailure #Thane,Twitter/X Public Archive,15,0,2,#SignalFailure;#TrafficJam;#CivicIssue,signal_failure
MAHA_SOC_00266,2022-09-19 19:33:00,Pune,Vehicles driving on wrong side and over-speeding near Pune bypass. Severe accident spot! Strict policing needed. #TrafficViolation #Pune,Twitter/X Public Archive,12,11,7,#TrafficViolation;#Speeding;#PunePolice,speeding
MAHA_SOC_00267,2021-12-18 18:16:00,Mumbai,Massive potholes on Mumbai road near the main flyover. Commuters risking lives every day! @trafficpolice #PotholeAlert #RoadSafety,Civic Forum / Facebook,1,6,0,#PotholeAlert;#RoadSafety;#MumbaiTraffic,potholes
MAHA_SOC_00268,2023-12-18 12:21:00,Pune,No pedestrian zebra crossing or foot overbridge near school on Pune road. High risk for children crossing highway! #PedestrianSafety #Pune,Citizen Grievance Portal,10,3,3,#PedestrianSafety;#SafeStreets;#ChildrenSafety,pedestrian_safety
MAHA_SOC_00269,2022-10-18 21:14:00,Pune,Vehicles driving on wrong side and over-speeding near Pune bypass. Severe accident spot! Strict policing needed. #TrafficViolation #Pune,Citizen Grievance Portal,5,0,0,#TrafficViolation;#Speeding;#PunePolice,speeding
MAHA_SOC_00270,2022-02-16 21:56:00,Aurangabad,Massive potholes on Aurangabad road near the main flyover. Commuters risking lives every day! @trafficpolice #PotholeAlert #RoadSafety,Twitter/X Public Archive,24,0,3,#PotholeAlert;#RoadSafety;#AurangabadTraffic,potholes
MAHA_SOC_00271,2023-09-18 14:05:00,Thane,"Streetlights non-functional for past 2 weeks on Thane outer ring road. Zero visibility at night, high risk of head-on collisions. #DarkRoads #Thane",Civic Forum / Facebook,1,1,6,#DarkRoads;#Streetlights;#CivicFailure,lighting
MAHA_SOC_00272,2022-07-22 16:32:00,Pune,Traffic signals completely dead at major four-way junction in Pune. Continuous chaos and minor fender benders. #SignalFailure #Pune,Civic Forum / Facebook,1,0,2,#SignalFailure;#TrafficJam;#CivicIssue,signal_failure
MAHA_SOC_00273,2021-10-06 15:24:00,Thane,Deep trenches near bus stop in Thane. Multiple bikers injured yesterday during evening drizzle. Urgent repairs requested. #RoadHazards #Thane,Twitter/X Public Archive,17,1,6,#RoadHazards;#PotholeCrisis;#ThaneRoads,potholes
MAHA_SOC_00274,2021-09-26 02:31:00,Pune,Heavy waterlogging after heavy rain on Pune highway junction. Vehicles skidding and traffic halted for hours. #MonsoonTraffic #PuneFloods,Civic Forum / Facebook,22,4,5,#MonsoonTraffic;#PuneFloods;#RoadSafety,waterlogging
MAHA_SOC_00275,2021-08-08 01:07:00,Mumbai,Deep trenches near bus stop in Mumbai. Multiple bikers injured yesterday during evening drizzle. Urgent repairs requested. #RoadHazards #Mumbai,Civic Forum / Facebook,1,0,0,#RoadHazards;#PotholeCrisis;#MumbaiRoads,potholes
MAHA_SOC_00276,2022-05-22 08:41:00,Thane,Vehicles driving on wrong side and over-speeding near Thane bypass. Severe accident spot! Strict policing needed. #TrafficViolation #Thane,Citizen Grievance Portal,32,4,14,#TrafficViolation;#Speeding;#ThanePolice,speeding
MAHA_SOC_00277,2021-01-28 17:13:00,Nashik,Traffic signals completely dead at major four-way junction in Nashik. Continuous chaos and minor fender benders. #SignalFailure #Nashik,Citizen Grievance Portal,27,9,1,#SignalFailure;#TrafficJam;#CivicIssue,signal_failure
MAHA_SOC_00278,2022-10-08 04:30:00,Satara,Speed limit 80kmph completely ignored on Satara expressway. Reckless lane cutting by intercity buses. Need speed cameras! #HighwayWatch #Satara,Civic Forum / Facebook,26,6,1,#HighwayWatch;#SpeedLimit;#ExpresswaySafety,speeding
MAHA_SOC_00279,2022-06-29 15:38:00,Pune,Massive potholes on Pune road near the main flyover. Commuters risking lives every day! @trafficpolice #PotholeAlert #RoadSafety,Twitter/X Public Archive,3,5,0,#PotholeAlert;#RoadSafety;#PuneTraffic,potholes
MAHA_SOC_00280,2022-01-03 11:50:00,Mumbai,Dangerous black spot identified on Mumbai ghat section. Multiple heavy trucks overturned this month. Where are crash barriers? #BlackSpot #HighwaySafety,Citizen Grievance Portal,0,8,1,#BlackSpot;#HighwaySafety;#MumbaiGhat,black_spot
MAHA_SOC_00281,2022-08-22 14:40:00,Solapur,"Streetlights non-functional for past 2 weeks on Solapur outer ring road. Zero visibility at night, high risk of head-on collisions. #DarkRoads #Solapur",Twitter/X Public Archive,21,12,10,#DarkRoads;#Streetlights;#CivicFailure,lighting
MAHA_SOC_00282,2023-01-17 10:02:00,Satara,Vehicles driving on wrong side and over-speeding near Satara bypass. Severe accident spot! Strict policing needed. #TrafficViolation #Satara,Twitter/X Public Archive,22,3,2,#TrafficViolation;#Speeding;#SataraPolice,speeding
MAHA_SOC_00283,2023-04-17 18:36:00,Mumbai,Heavy waterlogging after heavy rain on Mumbai highway junction. Vehicles skidding and traffic halted for hours. #MonsoonTraffic #MumbaiFloods,Citizen Grievance Portal,19,1,6,#MonsoonTraffic;#MumbaiFloods;#RoadSafety,waterlogging
MAHA_SOC_00284,2023-11-24 20:38:00,Mumbai,Dangerous black spot identified on Mumbai ghat section. Multiple heavy trucks overturned this month. Where are crash barriers? #BlackSpot #HighwaySafety,Twitter/X Public Archive,25,12,13,#BlackSpot;#HighwaySafety;#MumbaiGhat,black_spot
MAHA_SOC_00285,2022-09-24 22:04:00,Mumbai,No pedestrian zebra crossing or foot overbridge near school on Mumbai road. High risk for children crossing highway! #PedestrianSafety #Mumbai,Twitter/X Public Archive,3,0,15,#PedestrianSafety;#SafeStreets;#ChildrenSafety,pedestrian_safety
MAHA_SOC_00286,2023-09-12 03:46:00,Mumbai,Vehicles driving on wrong side and over-speeding near Mumbai bypass. Severe accident spot! Strict policing needed. #TrafficViolation #Mumbai,Citizen Grievance Portal,4,0,1,#TrafficViolation;#Speeding;#MumbaiPolice,speeding
MAHA_SOC_00287,2022-02-17 17:32:00,Mumbai,Heavy waterlogging after heavy rain on Mumbai highway junction. Vehicles skidding and traffic halted for hours. #MonsoonTraffic #MumbaiFloods,Twitter/X Public Archive,7,4,4,#MonsoonTraffic;#MumbaiFloods;#RoadSafety,waterlogging
MAHA_SOC_00288,2021-01-18 20:03:00,Satara,"Streetlights non-functional for past 2 weeks on Satara outer ring road. Zero visibility at night, high risk of head-on collisions. #DarkRoads #Satara",Local News Feedback,0,17,1,#DarkRoads;#Streetlights;#CivicFailure,lighting
MAHA_SOC_00289,2023-04-30 22:23:00,Thane,Massive potholes on Thane road near the main flyover. Commuters risking lives every day! @trafficpolice #PotholeAlert #RoadSafety,Civic Forum / Facebook,6,3,9,#PotholeAlert;#RoadSafety;#ThaneTraffic,potholes
MAHA_SOC_00290,2022-12-17 16:10:00,Thane,Massive potholes on Thane road near the main flyover. Commuters risking lives every day! @trafficpolice #PotholeAlert #RoadSafety,Twitter/X Public Archive,11,0,6,#PotholeAlert;#RoadSafety;#ThaneTraffic,potholes
MAHA_SOC_00291,2023-08-05 22:40:00,Mumbai,Heavy waterlogging after heavy rain on Mumbai highway junction. Vehicles skidding and traffic halted for hours. #MonsoonTraffic #MumbaiFloods,Local News Feedback,4,0,2,#MonsoonTraffic;#MumbaiFloods;#RoadSafety,waterlogging
MAHA_SOC_00292,2021-04-21 09:26:00,Mumbai,Illegal road digging and open gravel left unattended on Mumbai main avenue. Two-wheelers constantly slipping. #TwoWheelerSafety #MumbaiCivic,Citizen Grievance Portal,32,6,0,#TwoWheelerSafety;#RoadHazard;#CivicNegligence,road_hazards
MAHA_SOC_00293,2022-09-01 17:08:00,Thane,Illegal road digging and open gravel left unattended on Thane main avenue. Two-wheelers constantly slipping. #TwoWheelerSafety #ThaneCivic,Civic Forum / Facebook,3,2,0,#TwoWheelerSafety;#RoadHazard;#CivicNegligence,road_hazards
MAHA_SOC_00294,2023-11-27 20:39:00,Navi Mumbai,Massive potholes on Navi Mumbai road near the main flyover. Commuters risking lives every day! @trafficpolice #PotholeAlert #RoadSafety,Citizen Grievance Portal,9,17,0,#PotholeAlert;#RoadSafety;#Navi MumbaiTraffic,potholes
MAHA_SOC_00295,2021-01-05 18:11:00,Ahmednagar,Illegal road digging and open gravel left unattended on Ahmednagar main avenue. Two-wheelers constantly slipping. #TwoWheelerSafety #AhmednagarCivic,Citizen Grievance Portal,1,13,0,#TwoWheelerSafety;#RoadHazard;#CivicNegligence,road_hazards
MAHA_SOC_00296,2021-12-07 01:04:00,Nashik,Dangerous black spot identified on Nashik ghat section. Multiple heavy trucks overturned this month. Where are crash barriers? #BlackSpot #HighwaySafety,Local News Feedback,8,9,6,#BlackSpot;#HighwaySafety;#NashikGhat,black_spot
MAHA_SOC_00297,2022-02-07 07:18:00,Pune,Heavy waterlogging after heavy rain on Pune highway junction. Vehicles skidding and traffic halted for hours. #MonsoonTraffic #PuneFloods,Twitter/X Public Archive,11,3,2,#MonsoonTraffic;#PuneFloods;#RoadSafety,waterlogging
MAHA_SOC_00298,2021-11-26 10:18:00,Thane,Speed limit 80kmph completely ignored on Thane expressway. Reckless lane cutting by intercity buses. Need speed cameras! #HighwayWatch #Thane,Citizen Grievance Portal,9,7,2,#HighwayWatch;#SpeedLimit;#ExpresswaySafety,speeding
MAHA_SOC_00299,2023-02-11 00:38:00,Pune,No pedestrian zebra crossing or foot overbridge near school on Pune road. High risk for children crossing highway! #PedestrianSafety #Pune,Citizen Grievance Portal,7,1,3,#PedestrianSafety;#SafeStreets;#ChildrenSafety,pedestrian_safety
MAHA_SOC_00300,2022-12-17 21:24:00,Thane,Vehicles driving on wrong side and over-speeding near Thane bypass. Severe accident spot! Strict policing needed. #TrafficViolation #Thane,Twitter/X Public Archive,17,12,1,#TrafficViolation;#Speeding;#ThanePolice,speeding
MAHA_SOC_00301,2022-12-17 00:05:00,Mumbai,Vehicles driving on wrong side and over-speeding near Mumbai bypass. Severe accident spot! Strict policing needed. #TrafficViolation #Mumbai,Civic Forum / Facebook,12,3,6,#TrafficViolation;#Speeding;#MumbaiPolice,speeding
MAHA_SOC_00302,2021-04-15 13:08:00,Thane,Dangerous black spot identified on Thane ghat section. Multiple heavy trucks overturned this month. Where are crash barriers? #BlackSpot #HighwaySafety,Twitter/X Public Archive,11,9,2,#BlackSpot;#HighwaySafety;#ThaneGhat,black_spot
MAHA_SOC_00303,2022-04-11 11:19:00,Kolhapur,Speed limit 80kmph completely ignored on Kolhapur expressway. Reckless lane cutting by intercity buses. Need speed cameras! #HighwayWatch #Kolhapur,Citizen Grievance Portal,19,4,7,#HighwayWatch;#SpeedLimit;#ExpresswaySafety,speeding
MAHA_SOC_00304,2023-12-15 14:23:00,Mumbai,Deep trenches near bus stop in Mumbai. Multiple bikers injured yesterday during evening drizzle. Urgent repairs requested. #RoadHazards #Mumbai,Twitter/X Public Archive,5,3,4,#RoadHazards;#PotholeCrisis;#MumbaiRoads,potholes
MAHA_SOC_00305,2022-11-14 21:11:00,Mumbai,Massive potholes on Mumbai road near the main flyover. Commuters risking lives every day! @trafficpolice #PotholeAlert #RoadSafety,Twitter/X Public Archive,18,2,1,#PotholeAlert;#RoadSafety;#MumbaiTraffic,potholes
MAHA_SOC_00306,2022-06-07 22:56:00,Navi Mumbai,Traffic signals completely dead at major four-way junction in Navi Mumbai. Continuous chaos and minor fender benders. #SignalFailure #Navi Mumbai,Twitter/X Public Archive,24,1,4,#SignalFailure;#TrafficJam;#CivicIssue,signal_failure
MAHA_SOC_00307,2023-09-20 05:04:00,Thane,Massive potholes on Thane road near the main flyover. Commuters risking lives every day! @trafficpolice #PotholeAlert #RoadSafety,Citizen Grievance Portal,23,1,6,#PotholeAlert;#RoadSafety;#ThaneTraffic,potholes
MAHA_SOC_00308,2021-07-14 07:01:00,Pune,Traffic signals completely dead at major four-way junction in Pune. Continuous chaos and minor fender benders. #SignalFailure #Pune,Citizen Grievance Portal,36,9,6,#SignalFailure;#TrafficJam;#CivicIssue,signal_failure
MAHA_SOC_00309,2022-07-11 23:55:00,Ahmednagar,Deep trenches near bus stop in Ahmednagar. Multiple bikers injured yesterday during evening drizzle. Urgent repairs requested. #RoadHazards #Ahmednagar,Twitter/X Public Archive,16,18,5,#RoadHazards;#PotholeCrisis;#AhmednagarRoads,potholes
MAHA_SOC_00310,2022-12-08 21:15:00,Mumbai,Heavy waterlogging after heavy rain on Mumbai highway junction. Vehicles skidding and traffic halted for hours. #MonsoonTraffic #MumbaiFloods,Twitter/X Public Archive,0,9,9,#MonsoonTraffic;#MumbaiFloods;#RoadSafety,waterlogging
MAHA_SOC_00311,2023-01-31 11:24:00,Pune,Dangerous black spot identified on Pune ghat section. Multiple heavy trucks overturned this month. Where are crash barriers? #BlackSpot #HighwaySafety,Twitter/X Public Archive,54,17,0,#BlackSpot;#HighwaySafety;#PuneGhat,black_spot
MAHA_SOC_00312,2022-01-12 00:41:00,Mumbai,Deep trenches near bus stop in Mumbai. Multiple bikers injured yesterday during evening drizzle. Urgent repairs requested. #RoadHazards #Mumbai,Twitter/X Public Archive,3,2,8,#RoadHazards;#PotholeCrisis;#MumbaiRoads,potholes
MAHA_SOC_00313,2021-06-16 06:12:00,Mumbai,Dangerous black spot identified on Mumbai ghat section. Multiple heavy trucks overturned this month. Where are crash barriers? #BlackSpot #HighwaySafety,Local News Feedback,84,4,0,#BlackSpot;#HighwaySafety;#MumbaiGhat,black_spot
MAHA_SOC_00314,2023-06-25 18:54:00,Mumbai,Dangerous black spot identified on Mumbai ghat section. Multiple heavy trucks overturned this month. Where are crash barriers? #BlackSpot #HighwaySafety,Civic Forum / Facebook,11,2,2,#BlackSpot;#HighwaySafety;#MumbaiGhat,black_spot
MAHA_SOC_00315,2022-11-26 23:40:00,Pune,Dangerous black spot identified on Pune ghat section. Multiple heavy trucks overturned this month. Where are crash barriers? #BlackSpot #HighwaySafety,Citizen Grievance Portal,19,3,2,#BlackSpot;#HighwaySafety;#PuneGhat,black_spot
MAHA_SOC_00316,2023-08-02 08:37:00,Nashik,Vehicles driving on wrong side and over-speeding near Nashik bypass. Severe accident spot! Strict policing needed. #TrafficViolation #Nashik,Twitter/X Public Archive,15,5,7,#TrafficViolation;#Speeding;#NashikPolice,speeding
MAHA_SOC_00317,2022-10-26 09:33:00,Mumbai,No pedestrian zebra crossing or foot overbridge near school on Mumbai road. High risk for children crossing highway! #PedestrianSafety #Mumbai,Citizen Grievance Portal,26,0,7,#PedestrianSafety;#SafeStreets;#ChildrenSafety,pedestrian_safety
MAHA_SOC_00318,2022-04-07 02:27:00,Nashik,Traffic signals completely dead at major four-way junction in Nashik. Continuous chaos and minor fender benders. #SignalFailure #Nashik,Civic Forum / Facebook,38,14,10,#SignalFailure;#TrafficJam;#CivicIssue,signal_failure
MAHA_SOC_00319,2021-05-23 12:21:00,Pune,Vehicles driving on wrong side and over-speeding near Pune bypass. Severe accident spot! Strict policing needed. #TrafficViolation #Pune,Twitter/X Public Archive,25,6,8,#TrafficViolation;#Speeding;#PunePolice,speeding
MAHA_SOC_00320,2021-06-08 01:25:00,Pune,Deep trenches near bus stop in Pune. Multiple bikers injured yesterday during evening drizzle. Urgent repairs requested. #RoadHazards #Pune,Citizen Grievance Portal,16,2,2,#RoadHazards;#PotholeCrisis;#PuneRoads,potholes
MAHA_SOC_00321,2023-06-03 23:42:00,Thane,Speed limit 80kmph completely ignored on Thane expressway. Reckless lane cutting by intercity buses. Need speed cameras! #HighwayWatch #Thane,Citizen Grievance Portal,7,0,19,#HighwayWatch;#SpeedLimit;#ExpresswaySafety,speeding
MAHA_SOC_00322,2023-02-09 17:45:00,Thane,Vehicles driving on wrong side and over-speeding near Thane bypass. Severe accident spot! Strict policing needed. #TrafficViolation #Thane,Citizen Grievance Portal,51,12,10,#TrafficViolation;#Speeding;#ThanePolice,speeding
MAHA_SOC_00323,2022-03-30 07:24:00,Thane,"Streetlights non-functional for past 2 weeks on Thane outer ring road. Zero visibility at night, high risk of head-on collisions. #DarkRoads #Thane",Civic Forum / Facebook,9,10,1,#DarkRoads;#Streetlights;#CivicFailure,lighting
MAHA_SOC_00324,2021-10-18 07:14:00,Thane,Illegal road digging and open gravel left unattended on Thane main avenue. Two-wheelers constantly slipping. #TwoWheelerSafety #ThaneCivic,Citizen Grievance Portal,14,1,0,#TwoWheelerSafety;#RoadHazard;#CivicNegligence,road_hazards
MAHA_SOC_00325,2021-09-28 16:01:00,Thane,"Streetlights non-functional for past 2 weeks on Thane outer ring road. Zero visibility at night, high risk of head-on collisions. #DarkRoads #Thane",Civic Forum / Facebook,0,17,8,#DarkRoads;#Streetlights;#CivicFailure,lighting
MAHA_SOC_00326,2023-03-04 14:32:00,Nashik,Vehicles driving on wrong side and over-speeding near Nashik bypass. Severe accident spot! Strict policing needed. #TrafficViolation #Nashik,Twitter/X Public Archive,29,7,0,#TrafficViolation;#Speeding;#NashikPolice,speeding
MAHA_SOC_00327,2023-07-02 13:11:00,Mumbai,Heavy waterlogging after heavy rain on Mumbai highway junction. Vehicles skidding and traffic halted for hours. #MonsoonTraffic #MumbaiFloods,Twitter/X Public Archive,17,13,1,#MonsoonTraffic;#MumbaiFloods;#RoadSafety,waterlogging
MAHA_SOC_00328,2022-01-22 16:27:00,Thane,Massive potholes on Thane road near the main flyover. Commuters risking lives every day! @trafficpolice #PotholeAlert #RoadSafety,Civic Forum / Facebook,14,1,10,#PotholeAlert;#RoadSafety;#ThaneTraffic,potholes
MAHA_SOC_00329,2022-05-11 01:07:00,Pune,Dangerous black spot identified on Pune ghat section. Multiple heavy trucks overturned this month. Where are crash barriers? #BlackSpot #HighwaySafety,Citizen Grievance Portal,0,0,6,#BlackSpot;#HighwaySafety;#PuneGhat,black_spot
MAHA_SOC_00330,2022-02-14 07:43:00,Pune,Massive potholes on Pune road near the main flyover. Commuters risking lives every day! @trafficpolice #PotholeAlert #RoadSafety,Local News Feedback,7,1,0,#PotholeAlert;#RoadSafety;#PuneTraffic,potholes
MAHA_SOC_00331,2021-05-26 10:36:00,Thane,Traffic signals completely dead at major four-way junction in Thane. Continuous chaos and minor fender benders. #SignalFailure #Thane,Citizen Grievance Portal,2,0,2,#SignalFailure;#TrafficJam;#CivicIssue,signal_failure
MAHA_SOC_00332,2023-07-06 11:21:00,Pune,No pedestrian zebra crossing or foot overbridge near school on Pune road. High risk for children crossing highway! #PedestrianSafety #Pune,Twitter/X Public Archive,5,6,6,#PedestrianSafety;#SafeStreets;#ChildrenSafety,pedestrian_safety
MAHA_SOC_00333,2021-01-14 09:57:00,Nagpur,Traffic signals completely dead at major four-way junction in Nagpur. Continuous chaos and minor fender benders. #SignalFailure #Nagpur,Twitter/X Public Archive,8,6,0,#SignalFailure;#TrafficJam;#CivicIssue,signal_failure
MAHA_SOC_00334,2022-07-09 04:22:00,Nagpur,Illegal road digging and open gravel left unattended on Nagpur main avenue. Two-wheelers constantly slipping. #TwoWheelerSafety #NagpurCivic,Twitter/X Public Archive,23,0,2,#TwoWheelerSafety;#RoadHazard;#CivicNegligence,road_hazards
MAHA_SOC_00335,2023-03-14 13:44:00,Nagpur,Traffic signals completely dead at major four-way junction in Nagpur. Continuous chaos and minor fender benders. #SignalFailure #Nagpur,Civic Forum / Facebook,162,7,3,#SignalFailure;#TrafficJam;#CivicIssue,signal_failure
MAHA_SOC_00336,2023-05-22 23:06:00,Satara,Dangerous black spot identified on Satara ghat section. Multiple heavy trucks overturned this month. Where are crash barriers? #BlackSpot #HighwaySafety,Twitter/X Public Archive,45,32,2,#BlackSpot;#HighwaySafety;#SataraGhat,black_spot
MAHA_SOC_00337,2021-11-10 23:56:00,Kolhapur,No pedestrian zebra crossing or foot overbridge near school on Kolhapur road. High risk for children crossing highway! #PedestrianSafety #Kolhapur,Citizen Grievance Portal,45,2,5,#PedestrianSafety;#SafeStreets;#ChildrenSafety,pedestrian_safety
MAHA_SOC_00338,2021-01-14 21:38:00,Nagpur,Traffic signals completely dead at major four-way junction in Nagpur. Continuous chaos and minor fender benders. #SignalFailure #Nagpur,Local News Feedback,49,1,1,#SignalFailure;#TrafficJam;#CivicIssue,signal_failure
MAHA_SOC_00339,2023-10-30 04:36:00,Kolhapur,Traffic signals completely dead at major four-way junction in Kolhapur. Continuous chaos and minor fender benders. #SignalFailure #Kolhapur,Local News Feedback,3,0,10,#SignalFailure;#TrafficJam;#CivicIssue,signal_failure
MAHA_SOC_00340,2022-05-19 13:49:00,Mumbai,Vehicles driving on wrong side and over-speeding near Mumbai bypass. Severe accident spot! Strict policing needed. #TrafficViolation #Mumbai,Twitter/X Public Archive,21,12,2,#TrafficViolation;#Speeding;#MumbaiPolice,speeding
MAHA_SOC_00341,2022-11-08 17:51:00,Satara,Illegal road digging and open gravel left unattended on Satara main avenue. Two-wheelers constantly slipping. #TwoWheelerSafety #SataraCivic,Civic Forum / Facebook,1,0,9,#TwoWheelerSafety;#RoadHazard;#CivicNegligence,road_hazards
MAHA_SOC_00342,2021-02-05 11:46:00,Mumbai,"Streetlights non-functional for past 2 weeks on Mumbai outer ring road. Zero visibility at night, high risk of head-on collisions. #DarkRoads #Mumbai",Civic Forum / Facebook,11,6,0,#DarkRoads;#Streetlights;#CivicFailure,lighting
MAHA_SOC_00343,2021-10-09 04:27:00,Thane,"Streetlights non-functional for past 2 weeks on Thane outer ring road. Zero visibility at night, high risk of head-on collisions. #DarkRoads #Thane",Twitter/X Public Archive,10,6,1,#DarkRoads;#Streetlights;#CivicFailure,lighting
MAHA_SOC_00344,2021-11-21 22:05:00,Solapur,Vehicles driving on wrong side and over-speeding near Solapur bypass. Severe accident spot! Strict policing needed. #TrafficViolation #Solapur,Twitter/X Public Archive,20,12,2,#TrafficViolation;#Speeding;#SolapurPolice,speeding
MAHA_SOC_00345,2023-11-24 11:33:00,Thane,Vehicles driving on wrong side and over-speeding near Thane bypass. Severe accident spot! Strict policing needed. #TrafficViolation #Thane,Twitter/X Public Archive,12,10,5,#TrafficViolation;#Speeding;#ThanePolice,speeding
MAHA_SOC_00346,2023-12-18 02:30:00,Pune,Vehicles driving on wrong side and over-speeding near Pune bypass. Severe accident spot! Strict policing needed. #TrafficViolation #Pune,Civic Forum / Facebook,15,30,14,#TrafficViolation;#Speeding;#PunePolice,speeding
MAHA_SOC_00347,2022-02-21 10:49:00,Nagpur,Dangerous black spot identified on Nagpur ghat section. Multiple heavy trucks overturned this month. Where are crash barriers? #BlackSpot #HighwaySafety,Twitter/X Public Archive,28,1,7,#BlackSpot;#HighwaySafety;#NagpurGhat,black_spot
MAHA_SOC_00348,2022-11-20 12:18:00,Aurangabad,Illegal road digging and open gravel left unattended on Aurangabad main avenue. Two-wheelers constantly slipping. #TwoWheelerSafety #AurangabadCivic,Citizen Grievance Portal,28,2,5,#TwoWheelerSafety;#RoadHazard;#CivicNegligence,road_hazards
MAHA_SOC_00349,2021-01-26 19:24:00,Mumbai,Dangerous black spot identified on Mumbai ghat section. Multiple heavy trucks overturned this month. Where are crash barriers? #BlackSpot #HighwaySafety,Twitter/X Public Archive,36,1,1,#BlackSpot;#HighwaySafety;#MumbaiGhat,black_spot
MAHA_SOC_00350,2023-08-01 15:07:00,Nagpur,Vehicles driving on wrong side and over-speeding near Nagpur bypass. Severe accident spot! Strict policing needed. #TrafficViolation #Nagpur,Twitter/X Public Archive,21,7,0,#TrafficViolation;#Speeding;#NagpurPolice,speeding
MAHA_SOC_00351,2021-01-10 23:22:00,Mumbai,Heavy waterlogging after heavy rain on Mumbai highway junction. Vehicles skidding and traffic halted for hours. #MonsoonTraffic #MumbaiFloods,Citizen Grievance Portal,6,0,6,#MonsoonTraffic;#MumbaiFloods;#RoadSafety,waterlogging
MAHA_SOC_00352,2021-02-21 11:29:00,Solapur,Speed limit 80kmph completely ignored on Solapur expressway. Reckless lane cutting by intercity buses. Need speed cameras! #HighwayWatch #Solapur,Local News Feedback,1,11,1,#HighwayWatch;#SpeedLimit;#ExpresswaySafety,speeding
MAHA_SOC_00353,2021-02-20 16:50:00,Mumbai,No pedestrian zebra crossing or foot overbridge near school on Mumbai road. High risk for children crossing highway! #PedestrianSafety #Mumbai,Twitter/X Public Archive,3,0,7,#PedestrianSafety;#SafeStreets;#ChildrenSafety,pedestrian_safety
MAHA_SOC_00354,2021-07-23 18:03:00,Pune,Deep trenches near bus stop in Pune. Multiple bikers injured yesterday during evening drizzle. Urgent repairs requested. #RoadHazards #Pune,Citizen Grievance Portal,51,5,12,#RoadHazards;#PotholeCrisis;#PuneRoads,potholes
MAHA_SOC_00355,2023-04-21 18:46:00,Nashik,Illegal road digging and open gravel left unattended on Nashik main avenue. Two-wheelers constantly slipping. #TwoWheelerSafety #NashikCivic,Twitter/X Public Archive,2,10,0,#TwoWheelerSafety;#RoadHazard;#CivicNegligence,road_hazards
MAHA_SOC_00356,2023-02-12 18:06:00,Mumbai,Dangerous black spot identified on Mumbai ghat section. Multiple heavy trucks overturned this month. Where are crash barriers? #BlackSpot #HighwaySafety,Citizen Grievance Portal,32,5,1,#BlackSpot;#HighwaySafety;#MumbaiGhat,black_spot
MAHA_SOC_00357,2022-11-19 05:25:00,Nagpur,Heavy waterlogging after heavy rain on Nagpur highway junction. Vehicles skidding and traffic halted for hours. #MonsoonTraffic #NagpurFloods,Twitter/X Public Archive,31,5,2,#MonsoonTraffic;#NagpurFloods;#RoadSafety,waterlogging
MAHA_SOC_00358,2022-06-28 18:47:00,Pune,No pedestrian zebra crossing or foot overbridge near school on Pune road. High risk for children crossing highway! #PedestrianSafety #Pune,Twitter/X Public Archive,73,4,7,#PedestrianSafety;#SafeStreets;#ChildrenSafety,pedestrian_safety
MAHA_SOC_00359,2021-11-25 07:50:00,Pune,No pedestrian zebra crossing or foot overbridge near school on Pune road. High risk for children crossing highway! #PedestrianSafety #Pune,Twitter/X Public Archive,5,3,0,#PedestrianSafety;#SafeStreets;#ChildrenSafety,pedestrian_safety
MAHA_SOC_00360,2023-05-13 11:17:00,Mumbai,Traffic signals completely dead at major four-way junction in Mumbai. Continuous chaos and minor fender benders. #SignalFailure #Mumbai,Citizen Grievance Portal,49,4,4,#SignalFailure;#TrafficJam;#CivicIssue,signal_failure
MAHA_SOC_00361,2023-04-30 00:05:00,Mumbai,No pedestrian zebra crossing or foot overbridge near school on Mumbai road. High risk for children crossing highway! #PedestrianSafety #Mumbai,Twitter/X Public Archive,17,0,2,#PedestrianSafety;#SafeStreets;#ChildrenSafety,pedestrian_safety
MAHA_SOC_00362,2023-08-20 22:14:00,Satara,Heavy waterlogging after heavy rain on Satara highway junction. Vehicles skidding and traffic halted for hours. #MonsoonTraffic #SataraFloods,Local News Feedback,73,0,2,#MonsoonTraffic;#SataraFloods;#RoadSafety,waterlogging
MAHA_SOC_00363,2023-09-28 03:20:00,Pune,Vehicles driving on wrong side and over-speeding near Pune bypass. Severe accident spot! Strict policing needed. #TrafficViolation #Pune,Twitter/X Public Archive,7,1,1,#TrafficViolation;#Speeding;#PunePolice,speeding
MAHA_SOC_00364,2021-07-27 08:52:00,Thane,Massive potholes on Thane road near the main flyover. Commuters risking lives every day! @trafficpolice #PotholeAlert #RoadSafety,Civic Forum / Facebook,59,12,1,#PotholeAlert;#RoadSafety;#ThaneTraffic,potholes
MAHA_SOC_00365,2023-04-04 13:22:00,Solapur,Dangerous black spot identified on Solapur ghat section. Multiple heavy trucks overturned this month. Where are crash barriers? #BlackSpot #HighwaySafety,Civic Forum / Facebook,6,7,10,#BlackSpot;#HighwaySafety;#SolapurGhat,black_spot
MAHA_SOC_00366,2023-02-10 19:13:00,Aurangabad,No pedestrian zebra crossing or foot overbridge near school on Aurangabad road. High risk for children crossing highway! #PedestrianSafety #Aurangabad,Citizen Grievance Portal,4,0,0,#PedestrianSafety;#SafeStreets;#ChildrenSafety,pedestrian_safety
MAHA_SOC_00367,2022-10-09 15:33:00,Mumbai,Deep trenches near bus stop in Mumbai. Multiple bikers injured yesterday during evening drizzle. Urgent repairs requested. #RoadHazards #Mumbai,Twitter/X Public Archive,0,0,0,#RoadHazards;#PotholeCrisis;#MumbaiRoads,potholes
MAHA_SOC_00368,2023-06-25 04:49:00,Nagpur,Traffic signals completely dead at major four-way junction in Nagpur. Continuous chaos and minor fender benders. #SignalFailure #Nagpur,Twitter/X Public Archive,22,9,0,#SignalFailure;#TrafficJam;#CivicIssue,signal_failure
MAHA_SOC_00369,2021-11-08 14:51:00,Mumbai,Deep trenches near bus stop in Mumbai. Multiple bikers injured yesterday during evening drizzle. Urgent repairs requested. #RoadHazards #Mumbai,Citizen Grievance Portal,21,15,18,#RoadHazards;#PotholeCrisis;#MumbaiRoads,potholes
MAHA_SOC_00370,2021-06-16 02:31:00,Pune,Dangerous black spot identified on Pune ghat section. Multiple heavy trucks overturned this month. Where are crash barriers? #BlackSpot #HighwaySafety,Local News Feedback,0,4,3,#BlackSpot;#HighwaySafety;#PuneGhat,black_spot
MAHA_SOC_00371,2021-03-14 03:25:00,Mumbai,Illegal road digging and open gravel left unattended on Mumbai main avenue. Two-wheelers constantly slipping. #TwoWheelerSafety #MumbaiCivic,Twitter/X Public Archive,15,4,1,#TwoWheelerSafety;#RoadHazard;#CivicNegligence,road_hazards
MAHA_SOC_00372,2022-09-14 10:45:00,Nashik,No pedestrian zebra crossing or foot overbridge near school on Nashik road. High risk for children crossing highway! #PedestrianSafety #Nashik,Civic Forum / Facebook,2,1,0,#PedestrianSafety;#SafeStreets;#ChildrenSafety,pedestrian_safety
MAHA_SOC_00373,2022-03-06 10:59:00,Pune,Speed limit 80kmph completely ignored on Pune expressway. Reckless lane cutting by intercity buses. Need speed cameras! #HighwayWatch #Pune,Twitter/X Public Archive,19,7,2,#HighwayWatch;#SpeedLimit;#ExpresswaySafety,speeding
MAHA_SOC_00374,2022-06-26 03:32:00,Mumbai,"Streetlights non-functional for past 2 weeks on Mumbai outer ring road. Zero visibility at night, high risk of head-on collisions. #DarkRoads #Mumbai",Citizen Grievance Portal,52,10,25,#DarkRoads;#Streetlights;#CivicFailure,lighting
MAHA_SOC_00375,2021-07-25 09:52:00,Navi Mumbai,Speed limit 80kmph completely ignored on Navi Mumbai expressway. Reckless lane cutting by intercity buses. Need speed cameras! #HighwayWatch #Navi Mumbai,Twitter/X Public Archive,7,0,3,#HighwayWatch;#SpeedLimit;#ExpresswaySafety,speeding
MAHA_SOC_00376,2021-12-21 18:56:00,Nagpur,Heavy waterlogging after heavy rain on Nagpur highway junction. Vehicles skidding and traffic halted for hours. #MonsoonTraffic #NagpurFloods,Twitter/X Public Archive,11,4,7,#MonsoonTraffic;#NagpurFloods;#RoadSafety,waterlogging
MAHA_SOC_00377,2021-04-13 21:34:00,Aurangabad,Dangerous black spot identified on Aurangabad ghat section. Multiple heavy trucks overturned this month. Where are crash barriers? #BlackSpot #HighwaySafety,Twitter/X Public Archive,41,23,0,#BlackSpot;#HighwaySafety;#AurangabadGhat,black_spot
MAHA_SOC_00378,2021-01-12 15:46:00,Nagpur,Illegal road digging and open gravel left unattended on Nagpur main avenue. Two-wheelers constantly slipping. #TwoWheelerSafety #NagpurCivic,Twitter/X Public Archive,17,4,0,#TwoWheelerSafety;#RoadHazard;#CivicNegligence,road_hazards
MAHA_SOC_00379,2021-09-27 07:16:00,Kolhapur,Speed limit 80kmph completely ignored on Kolhapur expressway. Reckless lane cutting by intercity buses. Need speed cameras! #HighwayWatch #Kolhapur,Civic Forum / Facebook,6,2,10,#HighwayWatch;#SpeedLimit;#ExpresswaySafety,speeding
MAHA_SOC_00380,2021-06-29 04:51:00,Nagpur,Deep trenches near bus stop in Nagpur. Multiple bikers injured yesterday during evening drizzle. Urgent repairs requested. #RoadHazards #Nagpur,Twitter/X Public Archive,4,17,4,#RoadHazards;#PotholeCrisis;#NagpurRoads,potholes
MAHA_SOC_00381,2022-09-03 01:03:00,Mumbai,Heavy waterlogging after heavy rain on Mumbai highway junction. Vehicles skidding and traffic halted for hours. #MonsoonTraffic #MumbaiFloods,Twitter/X Public Archive,19,3,12,#MonsoonTraffic;#MumbaiFloods;#RoadSafety,waterlogging
MAHA_SOC_00382,2022-10-19 15:23:00,Mumbai,"Streetlights non-functional for past 2 weeks on Mumbai outer ring road. Zero visibility at night, high risk of head-on collisions. #DarkRoads #Mumbai",Twitter/X Public Archive,1,20,12,#DarkRoads;#Streetlights;#CivicFailure,lighting
MAHA_SOC_00383,2021-11-08 17:59:00,Nashik,No pedestrian zebra crossing or foot overbridge near school on Nashik road. High risk for children crossing highway! #PedestrianSafety #Nashik,Citizen Grievance Portal,44,3,0,#PedestrianSafety;#SafeStreets;#ChildrenSafety,pedestrian_safety
MAHA_SOC_00384,2022-06-09 03:59:00,Aurangabad,Speed limit 80kmph completely ignored on Aurangabad expressway. Reckless lane cutting by intercity buses. Need speed cameras! #HighwayWatch #Aurangabad,Twitter/X Public Archive,1,8,3,#HighwayWatch;#SpeedLimit;#ExpresswaySafety,speeding
MAHA_SOC_00385,2021-02-04 08:05:00,Pune,Speed limit 80kmph completely ignored on Pune expressway. Reckless lane cutting by intercity buses. Need speed cameras! #HighwayWatch #Pune,Twitter/X Public Archive,5,15,4,#HighwayWatch;#SpeedLimit;#ExpresswaySafety,speeding
MAHA_SOC_00386,2023-05-13 06:17:00,Pune,Dangerous black spot identified on Pune ghat section. Multiple heavy trucks overturned this month. Where are crash barriers? #BlackSpot #HighwaySafety,Twitter/X Public Archive,7,29,4,#BlackSpot;#HighwaySafety;#PuneGhat,black_spot
MAHA_SOC_00387,2022-12-08 16:02:00,Nagpur,No pedestrian zebra crossing or foot overbridge near school on Nagpur road. High risk for children crossing highway! #PedestrianSafety #Nagpur,Civic Forum / Facebook,2,2,2,#PedestrianSafety;#SafeStreets;#ChildrenSafety,pedestrian_safety
MAHA_SOC_00388,2021-04-22 13:39:00,Kolhapur,Illegal road digging and open gravel left unattended on Kolhapur main avenue. Two-wheelers constantly slipping. #TwoWheelerSafety #KolhapurCivic,Twitter/X Public Archive,14,2,27,#TwoWheelerSafety;#RoadHazard;#CivicNegligence,road_hazards
MAHA_SOC_00389,2021-11-12 18:19:00,Satara,Vehicles driving on wrong side and over-speeding near Satara bypass. Severe accident spot! Strict policing needed. #TrafficViolation #Satara,Local News Feedback,25,8,6,#TrafficViolation;#Speeding;#SataraPolice,speeding
MAHA_SOC_00390,2021-10-19 23:39:00,Mumbai,Speed limit 80kmph completely ignored on Mumbai expressway. Reckless lane cutting by intercity buses. Need speed cameras! #HighwayWatch #Mumbai,Civic Forum / Facebook,23,1,3,#HighwayWatch;#SpeedLimit;#ExpresswaySafety,speeding
MAHA_SOC_00391,2021-06-14 11:53:00,Navi Mumbai,Illegal road digging and open gravel left unattended on Navi Mumbai main avenue. Two-wheelers constantly slipping. #TwoWheelerSafety #Navi MumbaiCivic,Twitter/X Public Archive,18,3,0,#TwoWheelerSafety;#RoadHazard;#CivicNegligence,road_hazards
MAHA_SOC_00392,2023-02-28 03:02:00,Nagpur,Vehicles driving on wrong side and over-speeding near Nagpur bypass. Severe accident spot! Strict policing needed. #TrafficViolation #Nagpur,Twitter/X Public Archive,18,2,5,#TrafficViolation;#Speeding;#NagpurPolice,speeding
MAHA_SOC_00393,2021-05-24 03:51:00,Kolhapur,Heavy waterlogging after heavy rain on Kolhapur highway junction. Vehicles skidding and traffic halted for hours. #MonsoonTraffic #KolhapurFloods,Twitter/X Public Archive,4,23,3,#MonsoonTraffic;#KolhapurFloods;#RoadSafety,waterlogging
MAHA_SOC_00394,2022-01-22 06:06:00,Nagpur,Heavy waterlogging after heavy rain on Nagpur highway junction. Vehicles skidding and traffic halted for hours. #MonsoonTraffic #NagpurFloods,Twitter/X Public Archive,12,4,2,#MonsoonTraffic;#NagpurFloods;#RoadSafety,waterlogging
MAHA_SOC_00395,2023-05-12 05:10:00,Kolhapur,No pedestrian zebra crossing or foot overbridge near school on Kolhapur road. High risk for children crossing highway! #PedestrianSafety #Kolhapur,Local News Feedback,22,4,0,#PedestrianSafety;#SafeStreets;#ChildrenSafety,pedestrian_safety
MAHA_SOC_00396,2022-05-12 01:19:00,Pune,Deep trenches near bus stop in Pune. Multiple bikers injured yesterday during evening drizzle. Urgent repairs requested. #RoadHazards #Pune,Twitter/X Public Archive,8,17,3,#RoadHazards;#PotholeCrisis;#PuneRoads,potholes
MAHA_SOC_00397,2023-06-21 10:24:00,Solapur,No pedestrian zebra crossing or foot overbridge near school on Solapur road. High risk for children crossing highway! #PedestrianSafety #Solapur,Twitter/X Public Archive,3,1,1,#PedestrianSafety;#SafeStreets;#ChildrenSafety,pedestrian_safety
MAHA_SOC_00398,2022-03-21 11:25:00,Nashik,Heavy waterlogging after heavy rain on Nashik highway junction. Vehicles skidding and traffic halted for hours. #MonsoonTraffic #NashikFloods,Civic Forum / Facebook,10,5,2,#MonsoonTraffic;#NashikFloods;#RoadSafety,waterlogging
MAHA_SOC_00399,2021-09-08 08:45:00,Thane,Illegal road digging and open gravel left unattended on Thane main avenue. Two-wheelers constantly slipping. #TwoWheelerSafety #ThaneCivic,Twitter/X Public Archive,13,9,8,#TwoWheelerSafety;#RoadHazard;#CivicNegligence,road_hazards
MAHA_SOC_00400,2023-08-18 22:40:00,Ahmednagar,Illegal road digging and open gravel left unattended on Ahmednagar main avenue. Two-wheelers constantly slipping. #TwoWheelerSafety #AhmednagarCivic,Twitter/X Public Archive,10,1,1,#TwoWheelerSafety;#RoadHazard;#CivicNegligence,road_hazards
MAHA_SOC_00401,2022-02-10 10:29:00,Thane,Dangerous black spot identified on Thane ghat section. Multiple heavy trucks overturned this month. Where are crash barriers? #BlackSpot #HighwaySafety,Twitter/X Public Archive,23,18,5,#BlackSpot;#HighwaySafety;#ThaneGhat,black_spot
MAHA_SOC_00402,2023-07-09 04:23:00,Mumbai,"Streetlights non-functional for past 2 weeks on Mumbai outer ring road. Zero visibility at night, high risk of head-on collisions. #DarkRoads #Mumbai",Twitter/X Public Archive,28,4,8,#DarkRoads;#Streetlights;#CivicFailure,lighting
MAHA_SOC_00403,2023-09-25 01:50:00,Solapur,Deep trenches near bus stop in Solapur. Multiple bikers injured yesterday during evening drizzle. Urgent repairs requested. #RoadHazards #Solapur,Citizen Grievance Portal,18,4,15,#RoadHazards;#PotholeCrisis;#SolapurRoads,potholes
MAHA_SOC_00404,2022-03-26 14:33:00,Thane,Speed limit 80kmph completely ignored on Thane expressway. Reckless lane cutting by intercity buses. Need speed cameras! #HighwayWatch #Thane,Twitter/X Public Archive,14,9,4,#HighwayWatch;#SpeedLimit;#ExpresswaySafety,speeding
MAHA_SOC_00405,2021-03-31 14:02:00,Solapur,Speed limit 80kmph completely ignored on Solapur expressway. Reckless lane cutting by intercity buses. Need speed cameras! #HighwayWatch #Solapur,Twitter/X Public Archive,14,2,0,#HighwayWatch;#SpeedLimit;#ExpresswaySafety,speeding
MAHA_SOC_00406,2023-03-25 07:57:00,Pune,Illegal road digging and open gravel left unattended on Pune main avenue. Two-wheelers constantly slipping. #TwoWheelerSafety #PuneCivic,Local News Feedback,17,1,0,#TwoWheelerSafety;#RoadHazard;#CivicNegligence,road_hazards
MAHA_SOC_00407,2021-01-04 12:51:00,Thane,No pedestrian zebra crossing or foot overbridge near school on Thane road. High risk for children crossing highway! #PedestrianSafety #Thane,Citizen Grievance Portal,7,2,1,#PedestrianSafety;#SafeStreets;#ChildrenSafety,pedestrian_safety
MAHA_SOC_00408,2023-04-19 14:53:00,Ahmednagar,Heavy waterlogging after heavy rain on Ahmednagar highway junction. Vehicles skidding and traffic halted for hours. #MonsoonTraffic #AhmednagarFloods,Twitter/X Public Archive,50,6,0,#MonsoonTraffic;#AhmednagarFloods;#RoadSafety,waterlogging
MAHA_SOC_00409,2021-06-28 05:16:00,Pune,Deep trenches near bus stop in Pune. Multiple bikers injured yesterday during evening drizzle. Urgent repairs requested. #RoadHazards #Pune,Civic Forum / Facebook,2,2,0,#RoadHazards;#PotholeCrisis;#PuneRoads,potholes
MAHA_SOC_00410,2023-02-17 03:08:00,Thane,Illegal road digging and open gravel left unattended on Thane main avenue. Two-wheelers constantly slipping. #TwoWheelerSafety #ThaneCivic,Twitter/X Public Archive,14,5,4,#TwoWheelerSafety;#RoadHazard;#CivicNegligence,road_hazards
MAHA_SOC_00411,2023-03-07 15:06:00,Pune,"Streetlights non-functional for past 2 weeks on Pune outer ring road. Zero visibility at night, high risk of head-on collisions. #DarkRoads #Pune",Twitter/X Public Archive,27,0,2,#DarkRoads;#Streetlights;#CivicFailure,lighting
MAHA_SOC_00412,2023-07-06 18:41:00,Pune,Illegal road digging and open gravel left unattended on Pune main avenue. Two-wheelers constantly slipping. #TwoWheelerSafety #PuneCivic,Twitter/X Public Archive,1,10,6,#TwoWheelerSafety;#RoadHazard;#CivicNegligence,road_hazards
MAHA_SOC_00413,2023-06-28 03:54:00,Nagpur,Illegal road digging and open gravel left unattended on Nagpur main avenue. Two-wheelers constantly slipping. #TwoWheelerSafety #NagpurCivic,Twitter/X Public Archive,1,40,3,#TwoWheelerSafety;#RoadHazard;#CivicNegligence,road_hazards
MAHA_SOC_00414,2022-10-16 03:20:00,Nashik,Speed limit 80kmph completely ignored on Nashik expressway. Reckless lane cutting by intercity buses. Need speed cameras! #HighwayWatch #Nashik,Twitter/X Public Archive,58,2,4,#HighwayWatch;#SpeedLimit;#ExpresswaySafety,speeding
MAHA_SOC_00415,2023-11-25 22:59:00,Nagpur,Vehicles driving on wrong side and over-speeding near Nagpur bypass. Severe accident spot! Strict policing needed. #TrafficViolation #Nagpur,Twitter/X Public Archive,42,14,0,#TrafficViolation;#Speeding;#NagpurPolice,speeding
MAHA_SOC_00416,2022-07-20 10:31:00,Thane,No pedestrian zebra crossing or foot overbridge near school on Thane road. High risk for children crossing highway! #PedestrianSafety #Thane,Twitter/X Public Archive,10,12,4,#PedestrianSafety;#SafeStreets;#ChildrenSafety,pedestrian_safety
MAHA_SOC_00417,2023-04-14 21:06:00,Ahmednagar,Deep trenches near bus stop in Ahmednagar. Multiple bikers injured yesterday during evening drizzle. Urgent repairs requested. #RoadHazards #Ahmednagar,Twitter/X Public Archive,4,0,0,#RoadHazards;#PotholeCrisis;#AhmednagarRoads,potholes
MAHA_SOC_00418,2022-07-16 19:37:00,Nashik,Deep trenches near bus stop in Nashik. Multiple bikers injured yesterday during evening drizzle. Urgent repairs requested. #RoadHazards #Nashik,Twitter/X Public Archive,8,4,6,#RoadHazards;#PotholeCrisis;#NashikRoads,potholes
MAHA_SOC_00419,2023-12-14 10:13:00,Thane,Heavy waterlogging after heavy rain on Thane highway junction. Vehicles skidding and traffic halted for hours. #MonsoonTraffic #ThaneFloods,Civic Forum / Facebook,5,11,2,#MonsoonTraffic;#ThaneFloods;#RoadSafety,waterlogging
MAHA_SOC_00420,2021-09-07 11:16:00,Nagpur,Speed limit 80kmph completely ignored on Nagpur expressway. Reckless lane cutting by intercity buses. Need speed cameras! #HighwayWatch #Nagpur,Twitter/X Public Archive,65,7,1,#HighwayWatch;#SpeedLimit;#ExpresswaySafety,speeding
MAHA_SOC_00421,2021-12-09 14:19:00,Aurangabad,Illegal road digging and open gravel left unattended on Aurangabad main avenue. Two-wheelers constantly slipping. #TwoWheelerSafety #AurangabadCivic,Civic Forum / Facebook,13,1,2,#TwoWheelerSafety;#RoadHazard;#CivicNegligence,road_hazards
MAHA_SOC_00422,2023-07-04 10:52:00,Mumbai,"Streetlights non-functional for past 2 weeks on Mumbai outer ring road. Zero visibility at night, high risk of head-on collisions. #DarkRoads #Mumbai",Citizen Grievance Portal,43,2,0,#DarkRoads;#Streetlights;#CivicFailure,lighting
MAHA_SOC_00423,2023-04-15 08:14:00,Ahmednagar,Deep trenches near bus stop in Ahmednagar. Multiple bikers injured yesterday during evening drizzle. Urgent repairs requested. #RoadHazards #Ahmednagar,Twitter/X Public Archive,28,9,4,#RoadHazards;#PotholeCrisis;#AhmednagarRoads,potholes
MAHA_SOC_00424,2021-02-28 09:47:00,Satara,Dangerous black spot identified on Satara ghat section. Multiple heavy trucks overturned this month. Where are crash barriers? #BlackSpot #HighwaySafety,Twitter/X Public Archive,0,0,1,#BlackSpot;#HighwaySafety;#SataraGhat,black_spot
MAHA_SOC_00425,2023-02-01 11:47:00,Kolhapur,Deep trenches near bus stop in Kolhapur. Multiple bikers injured yesterday during evening drizzle. Urgent repairs requested. #RoadHazards #Kolhapur,Civic Forum / Facebook,33,7,1,#RoadHazards;#PotholeCrisis;#KolhapurRoads,potholes
MAHA_SOC_00426,2021-12-10 15:58:00,Kolhapur,Deep trenches near bus stop in Kolhapur. Multiple bikers injured yesterday during evening drizzle. Urgent repairs requested. #RoadHazards #Kolhapur,Twitter/X Public Archive,5,7,2,#RoadHazards;#PotholeCrisis;#KolhapurRoads,potholes
MAHA_SOC_00427,2021-10-02 02:00:00,Nashik,Heavy waterlogging after heavy rain on Nashik highway junction. Vehicles skidding and traffic halted for hours. #MonsoonTraffic #NashikFloods,Twitter/X Public Archive,3,0,0,#MonsoonTraffic;#NashikFloods;#RoadSafety,waterlogging
MAHA_SOC_00428,2022-09-13 00:29:00,Nashik,Heavy waterlogging after heavy rain on Nashik highway junction. Vehicles skidding and traffic halted for hours. #MonsoonTraffic #NashikFloods,Civic Forum / Facebook,11,14,1,#MonsoonTraffic;#NashikFloods;#RoadSafety,waterlogging
MAHA_SOC_00429,2021-04-16 14:26:00,Nashik,"Streetlights non-functional for past 2 weeks on Nashik outer ring road. Zero visibility at night, high risk of head-on collisions. #DarkRoads #Nashik",Civic Forum / Facebook,30,3,1,#DarkRoads;#Streetlights;#CivicFailure,lighting
MAHA_SOC_00430,2022-10-02 08:09:00,Navi Mumbai,Illegal road digging and open gravel left unattended on Navi Mumbai main avenue. Two-wheelers constantly slipping. #TwoWheelerSafety #Navi MumbaiCivic,Citizen Grievance Portal,14,1,3,#TwoWheelerSafety;#RoadHazard;#CivicNegligence,road_hazards
MAHA_SOC_00431,2023-01-07 00:29:00,Pune,Heavy waterlogging after heavy rain on Pune highway junction. Vehicles skidding and traffic halted for hours. #MonsoonTraffic #PuneFloods,Civic Forum / Facebook,18,9,14,#MonsoonTraffic;#PuneFloods;#RoadSafety,waterlogging
MAHA_SOC_00432,2023-01-13 05:50:00,Thane,Illegal road digging and open gravel left unattended on Thane main avenue. Two-wheelers constantly slipping. #TwoWheelerSafety #ThaneCivic,Twitter/X Public Archive,7,0,4,#TwoWheelerSafety;#RoadHazard;#CivicNegligence,road_hazards
MAHA_SOC_00433,2021-12-29 16:50:00,Mumbai,Vehicles driving on wrong side and over-speeding near Mumbai bypass. Severe accident spot! Strict policing needed. #TrafficViolation #Mumbai,Twitter/X Public Archive,6,6,0,#TrafficViolation;#Speeding;#MumbaiPolice,speeding
MAHA_SOC_00434,2021-06-12 15:13:00,Mumbai,Vehicles driving on wrong side and over-speeding near Mumbai bypass. Severe accident spot! Strict policing needed. #TrafficViolation #Mumbai,Citizen Grievance Portal,36,2,4,#TrafficViolation;#Speeding;#MumbaiPolice,speeding
MAHA_SOC_00435,2023-05-03 18:29:00,Nashik,Speed limit 80kmph completely ignored on Nashik expressway. Reckless lane cutting by intercity buses. Need speed cameras! #HighwayWatch #Nashik,Citizen Grievance Portal,4,1,4,#HighwayWatch;#SpeedLimit;#ExpresswaySafety,speeding
MAHA_SOC_00436,2022-06-06 14:25:00,Mumbai,Dangerous black spot identified on Mumbai ghat section. Multiple heavy trucks overturned this month. Where are crash barriers? #BlackSpot #HighwaySafety,Twitter/X Public Archive,3,7,8,#BlackSpot;#HighwaySafety;#MumbaiGhat,black_spot
MAHA_SOC_00437,2023-12-05 21:51:00,Pune,Speed limit 80kmph completely ignored on Pune expressway. Reckless lane cutting by intercity buses. Need speed cameras! #HighwayWatch #Pune,Twitter/X Public Archive,31,1,8,#HighwayWatch;#SpeedLimit;#ExpresswaySafety,speeding
MAHA_SOC_00438,2022-04-21 07:28:00,Satara,Illegal road digging and open gravel left unattended on Satara main avenue. Two-wheelers constantly slipping. #TwoWheelerSafety #SataraCivic,Twitter/X Public Archive,1,1,3,#TwoWheelerSafety;#RoadHazard;#CivicNegligence,road_hazards
MAHA_SOC_00439,2023-10-21 23:44:00,Thane,Speed limit 80kmph completely ignored on Thane expressway. Reckless lane cutting by intercity buses. Need speed cameras! #HighwayWatch #Thane,Citizen Grievance Portal,7,9,0,#HighwayWatch;#SpeedLimit;#ExpresswaySafety,speeding
MAHA_SOC_00440,2022-01-13 06:15:00,Mumbai,Illegal road digging and open gravel left unattended on Mumbai main avenue. Two-wheelers constantly slipping. #TwoWheelerSafety #MumbaiCivic,Civic Forum / Facebook,34,3,0,#TwoWheelerSafety;#RoadHazard;#CivicNegligence,road_hazards
MAHA_SOC_00441,2023-06-23 09:50:00,Mumbai,Vehicles driving on wrong side and over-speeding near Mumbai bypass. Severe accident spot! Strict policing needed. #TrafficViolation #Mumbai,Twitter/X Public Archive,6,0,6,#TrafficViolation;#Speeding;#MumbaiPolice,speeding
MAHA_SOC_00442,2022-03-24 10:27:00,Thane,Traffic signals completely dead at major four-way junction in Thane. Continuous chaos and minor fender benders. #SignalFailure #Thane,Civic Forum / Facebook,1,3,0,#SignalFailure;#TrafficJam;#CivicIssue,signal_failure
MAHA_SOC_00443,2023-05-27 08:58:00,Pune,Speed limit 80kmph completely ignored on Pune expressway. Reckless lane cutting by intercity buses. Need speed cameras! #HighwayWatch #Pune,Twitter/X Public Archive,25,5,0,#HighwayWatch;#SpeedLimit;#ExpresswaySafety,speeding
MAHA_SOC_00444,2021-11-17 12:40:00,Pune,"Streetlights non-functional for past 2 weeks on Pune outer ring road. Zero visibility at night, high risk of head-on collisions. #DarkRoads #Pune",Twitter/X Public Archive,23,2,2,#DarkRoads;#Streetlights;#CivicFailure,lighting
MAHA_SOC_00445,2023-01-25 19:54:00,Solapur,Deep trenches near bus stop in Solapur. Multiple bikers injured yesterday during evening drizzle. Urgent repairs requested. #RoadHazards #Solapur,Twitter/X Public Archive,29,4,2,#RoadHazards;#PotholeCrisis;#SolapurRoads,potholes
MAHA_SOC_00446,2021-02-06 09:11:00,Nagpur,Traffic signals completely dead at major four-way junction in Nagpur. Continuous chaos and minor fender benders. #SignalFailure #Nagpur,Twitter/X Public Archive,1,0,0,#SignalFailure;#TrafficJam;#CivicIssue,signal_failure
MAHA_SOC_00447,2021-01-27 12:02:00,Navi Mumbai,Illegal road digging and open gravel left unattended on Navi Mumbai main avenue. Two-wheelers constantly slipping. #TwoWheelerSafety #Navi MumbaiCivic,Civic Forum / Facebook,10,9,1,#TwoWheelerSafety;#RoadHazard;#CivicNegligence,road_hazards
MAHA_SOC_00448,2023-06-21 19:37:00,Solapur,Speed limit 80kmph completely ignored on Solapur expressway. Reckless lane cutting by intercity buses. Need speed cameras! #HighwayWatch #Solapur,Civic Forum / Facebook,35,4,0,#HighwayWatch;#SpeedLimit;#ExpresswaySafety,speeding
MAHA_SOC_00449,2021-08-03 11:24:00,Pune,Massive potholes on Pune road near the main flyover. Commuters risking lives every day! @trafficpolice #PotholeAlert #RoadSafety,Citizen Grievance Portal,10,5,3,#PotholeAlert;#RoadSafety;#PuneTraffic,potholes
MAHA_SOC_00450,2023-08-10 17:33:00,Mumbai,Deep trenches near bus stop in Mumbai. Multiple bikers injured yesterday during evening drizzle. Urgent repairs requested. #RoadHazards #Mumbai,Local News Feedback,0,0,5,#RoadHazards;#PotholeCrisis;#MumbaiRoads,potholes
MAHA_SOC_00451,2023-02-07 05:46:00,Ahmednagar,No pedestrian zebra crossing or foot overbridge near school on Ahmednagar road. High risk for children crossing highway! #PedestrianSafety #Ahmednagar,Twitter/X Public Archive,11,2,2,#PedestrianSafety;#SafeStreets;#ChildrenSafety,pedestrian_safety
MAHA_SOC_00452,2022-06-03 14:47:00,Solapur,No pedestrian zebra crossing or foot overbridge near school on Solapur road. High risk for children crossing highway! #PedestrianSafety #Solapur,Citizen Grievance Portal,11,5,0,#PedestrianSafety;#SafeStreets;#ChildrenSafety,pedestrian_safety
MAHA_SOC_00453,2022-08-19 07:06:00,Pune,Speed limit 80kmph completely ignored on Pune expressway. Reckless lane cutting by intercity buses. Need speed cameras! #HighwayWatch #Pune,Citizen Grievance Portal,7,0,8,#HighwayWatch;#SpeedLimit;#ExpresswaySafety,speeding
MAHA_SOC_00454,2021-12-18 16:41:00,Nashik,Illegal road digging and open gravel left unattended on Nashik main avenue. Two-wheelers constantly slipping. #TwoWheelerSafety #NashikCivic,Twitter/X Public Archive,14,11,0,#TwoWheelerSafety;#RoadHazard;#CivicNegligence,road_hazards
MAHA_SOC_00455,2022-04-22 13:15:00,Nashik,Dangerous black spot identified on Nashik ghat section. Multiple heavy trucks overturned this month. Where are crash barriers? #BlackSpot #HighwaySafety,Local News Feedback,29,0,2,#BlackSpot;#HighwaySafety;#NashikGhat,black_spot
MAHA_SOC_00456,2021-07-15 13:21:00,Pune,Traffic signals completely dead at major four-way junction in Pune. Continuous chaos and minor fender benders. #SignalFailure #Pune,Twitter/X Public Archive,30,4,0,#SignalFailure;#TrafficJam;#CivicIssue,signal_failure
MAHA_SOC_00457,2022-02-17 06:49:00,Mumbai,Illegal road digging and open gravel left unattended on Mumbai main avenue. Two-wheelers constantly slipping. #TwoWheelerSafety #MumbaiCivic,Civic Forum / Facebook,11,1,10,#TwoWheelerSafety;#RoadHazard;#CivicNegligence,road_hazards
MAHA_SOC_00458,2022-09-11 18:01:00,Nagpur,Vehicles driving on wrong side and over-speeding near Nagpur bypass. Severe accident spot! Strict policing needed. #TrafficViolation #Nagpur,Twitter/X Public Archive,19,5,4,#TrafficViolation;#Speeding;#NagpurPolice,speeding
MAHA_SOC_00459,2021-01-06 19:46:00,Navi Mumbai,No pedestrian zebra crossing or foot overbridge near school on Navi Mumbai road. High risk for children crossing highway! #PedestrianSafety #Navi Mumbai,Twitter/X Public Archive,5,0,1,#PedestrianSafety;#SafeStreets;#ChildrenSafety,pedestrian_safety
MAHA_SOC_00460,2021-03-23 07:52:00,Solapur,"Streetlights non-functional for past 2 weeks on Solapur outer ring road. Zero visibility at night, high risk of head-on collisions. #DarkRoads #Solapur",Local News Feedback,1,4,10,#DarkRoads;#Streetlights;#CivicFailure,lighting
MAHA_SOC_00461,2021-07-27 06:04:00,Nashik,Vehicles driving on wrong side and over-speeding near Nashik bypass. Severe accident spot! Strict policing needed. #TrafficViolation #Nashik,Twitter/X Public Archive,53,0,0,#TrafficViolation;#Speeding;#NashikPolice,speeding
MAHA_SOC_00462,2021-10-02 06:10:00,Thane,Deep trenches near bus stop in Thane. Multiple bikers injured yesterday during evening drizzle. Urgent repairs requested. #RoadHazards #Thane,Twitter/X Public Archive,0,0,7,#RoadHazards;#PotholeCrisis;#ThaneRoads,potholes
MAHA_SOC_00463,2023-12-05 16:00:00,Nashik,Traffic signals completely dead at major four-way junction in Nashik. Continuous chaos and minor fender benders. #SignalFailure #Nashik,Twitter/X Public Archive,2,1,2,#SignalFailure;#TrafficJam;#CivicIssue,signal_failure
MAHA_SOC_00464,2023-04-25 22:11:00,Thane,Dangerous black spot identified on Thane ghat section. Multiple heavy trucks overturned this month. Where are crash barriers? #BlackSpot #HighwaySafety,Citizen Grievance Portal,4,2,11,#BlackSpot;#HighwaySafety;#ThaneGhat,black_spot
MAHA_SOC_00465,2023-02-15 17:20:00,Thane,Massive potholes on Thane road near the main flyover. Commuters risking lives every day! @trafficpolice #PotholeAlert #RoadSafety,Twitter/X Public Archive,1,0,1,#PotholeAlert;#RoadSafety;#ThaneTraffic,potholes
MAHA_SOC_00466,2023-12-29 23:26:00,Pune,Speed limit 80kmph completely ignored on Pune expressway. Reckless lane cutting by intercity buses. Need speed cameras! #HighwayWatch #Pune,Twitter/X Public Archive,10,13,2,#HighwayWatch;#SpeedLimit;#ExpresswaySafety,speeding
MAHA_SOC_00467,2022-11-12 09:46:00,Thane,Dangerous black spot identified on Thane ghat section. Multiple heavy trucks overturned this month. Where are crash barriers? #BlackSpot #HighwaySafety,Citizen Grievance Portal,12,0,0,#BlackSpot;#HighwaySafety;#ThaneGhat,black_spot
MAHA_SOC_00468,2023-08-05 05:43:00,Aurangabad,Vehicles driving on wrong side and over-speeding near Aurangabad bypass. Severe accident spot! Strict policing needed. #TrafficViolation #Aurangabad,Civic Forum / Facebook,29,16,1,#TrafficViolation;#Speeding;#AurangabadPolice,speeding
MAHA_SOC_00469,2021-11-24 21:43:00,Mumbai,Illegal road digging and open gravel left unattended on Mumbai main avenue. Two-wheelers constantly slipping. #TwoWheelerSafety #MumbaiCivic,Citizen Grievance Portal,6,2,0,#TwoWheelerSafety;#RoadHazard;#CivicNegligence,road_hazards
MAHA_SOC_00470,2022-03-20 02:00:00,Mumbai,Massive potholes on Mumbai road near the main flyover. Commuters risking lives every day! @trafficpolice #PotholeAlert #RoadSafety,Twitter/X Public Archive,6,1,7,#PotholeAlert;#RoadSafety;#MumbaiTraffic,potholes
MAHA_SOC_00471,2021-09-28 16:52:00,Nashik,Vehicles driving on wrong side and over-speeding near Nashik bypass. Severe accident spot! Strict policing needed. #TrafficViolation #Nashik,Twitter/X Public Archive,31,7,9,#TrafficViolation;#Speeding;#NashikPolice,speeding
MAHA_SOC_00472,2022-02-08 16:56:00,Nashik,No pedestrian zebra crossing or foot overbridge near school on Nashik road. High risk for children crossing highway! #PedestrianSafety #Nashik,Twitter/X Public Archive,30,0,3,#PedestrianSafety;#SafeStreets;#ChildrenSafety,pedestrian_safety
MAHA_SOC_00473,2023-05-25 12:32:00,Thane,Deep trenches near bus stop in Thane. Multiple bikers injured yesterday during evening drizzle. Urgent repairs requested. #RoadHazards #Thane,Local News Feedback,95,1,0,#RoadHazards;#PotholeCrisis;#ThaneRoads,potholes
MAHA_SOC_00474,2021-02-17 08:49:00,Nashik,Vehicles driving on wrong side and over-speeding near Nashik bypass. Severe accident spot! Strict policing needed. #TrafficViolation #Nashik,Civic Forum / Facebook,16,8,3,#TrafficViolation;#Speeding;#NashikPolice,speeding
MAHA_SOC_00475,2023-12-24 00:11:00,Pune,Speed limit 80kmph completely ignored on Pune expressway. Reckless lane cutting by intercity buses. Need speed cameras! #HighwayWatch #Pune,Twitter/X Public Archive,4,5,4,#HighwayWatch;#SpeedLimit;#ExpresswaySafety,speeding
MAHA_SOC_00476,2023-07-16 10:08:00,Thane,Heavy waterlogging after heavy rain on Thane highway junction. Vehicles skidding and traffic halted for hours. #MonsoonTraffic #ThaneFloods,Twitter/X Public Archive,109,4,2,#MonsoonTraffic;#ThaneFloods;#RoadSafety,waterlogging
MAHA_SOC_00477,2021-04-22 16:25:00,Nashik,Massive potholes on Nashik road near the main flyover. Commuters risking lives every day! @trafficpolice #PotholeAlert #RoadSafety,Twitter/X Public Archive,20,1,0,#PotholeAlert;#RoadSafety;#NashikTraffic,potholes
MAHA_SOC_00478,2021-01-03 20:21:00,Navi Mumbai,Massive potholes on Navi Mumbai road near the main flyover. Commuters risking lives every day! @trafficpolice #PotholeAlert #RoadSafety,Local News Feedback,1,9,0,#PotholeAlert;#RoadSafety;#Navi MumbaiTraffic,potholes
MAHA_SOC_00479,2023-09-13 22:56:00,Mumbai,Vehicles driving on wrong side and over-speeding near Mumbai bypass. Severe accident spot! Strict policing needed. #TrafficViolation #Mumbai,Twitter/X Public Archive,7,5,4,#TrafficViolation;#Speeding;#MumbaiPolice,speeding
MAHA_SOC_00480,2022-05-19 08:00:00,Pune,Vehicles driving on wrong side and over-speeding near Pune bypass. Severe accident spot! Strict policing needed. #TrafficViolation #Pune,Twitter/X Public Archive,4,8,1,#TrafficViolation;#Speeding;#PunePolice,speeding
MAHA_SOC_00481,2021-03-09 12:11:00,Navi Mumbai,Illegal road digging and open gravel left unattended on Navi Mumbai main avenue. Two-wheelers constantly slipping. #TwoWheelerSafety #Navi MumbaiCivic,Twitter/X Public Archive,13,2,0,#TwoWheelerSafety;#RoadHazard;#CivicNegligence,road_hazards
MAHA_SOC_00482,2023-12-22 05:57:00,Aurangabad,Traffic signals completely dead at major four-way junction in Aurangabad. Continuous chaos and minor fender benders. #SignalFailure #Aurangabad,Civic Forum / Facebook,2,0,0,#SignalFailure;#TrafficJam;#CivicIssue,signal_failure
MAHA_SOC_00483,2023-03-16 19:18:00,Solapur,Deep trenches near bus stop in Solapur. Multiple bikers injured yesterday during evening drizzle. Urgent repairs requested. #RoadHazards #Solapur,Twitter/X Public Archive,3,5,5,#RoadHazards;#PotholeCrisis;#SolapurRoads,potholes
MAHA_SOC_00484,2021-06-20 18:03:00,Nagpur,"Streetlights non-functional for past 2 weeks on Nagpur outer ring road. Zero visibility at night, high risk of head-on collisions. #DarkRoads #Nagpur",Local News Feedback,0,5,0,#DarkRoads;#Streetlights;#CivicFailure,lighting
MAHA_SOC_00485,2023-12-12 14:04:00,Nagpur,Illegal road digging and open gravel left unattended on Nagpur main avenue. Two-wheelers constantly slipping. #TwoWheelerSafety #NagpurCivic,Twitter/X Public Archive,11,2,7,#TwoWheelerSafety;#RoadHazard;#CivicNegligence,road_hazards
MAHA_SOC_00486,2023-04-07 22:25:00,Thane,Deep trenches near bus stop in Thane. Multiple bikers injured yesterday during evening drizzle. Urgent repairs requested. #RoadHazards #Thane,Local News Feedback,3,15,1,#RoadHazards;#PotholeCrisis;#ThaneRoads,potholes
MAHA_SOC_00487,2021-04-06 01:40:00,Solapur,No pedestrian zebra crossing or foot overbridge near school on Solapur road. High risk for children crossing highway! #PedestrianSafety #Solapur,Twitter/X Public Archive,18,10,2,#PedestrianSafety;#SafeStreets;#ChildrenSafety,pedestrian_safety
MAHA_SOC_00488,2022-06-08 10:36:00,Mumbai,Heavy waterlogging after heavy rain on Mumbai highway junction. Vehicles skidding and traffic halted for hours. #MonsoonTraffic #MumbaiFloods,Civic Forum / Facebook,73,10,0,#MonsoonTraffic;#MumbaiFloods;#RoadSafety,waterlogging
MAHA_SOC_00489,2021-01-07 09:03:00,Nashik,Speed limit 80kmph completely ignored on Nashik expressway. Reckless lane cutting by intercity buses. Need speed cameras! #HighwayWatch #Nashik,Twitter/X Public Archive,23,4,0,#HighwayWatch;#SpeedLimit;#ExpresswaySafety,speeding
MAHA_SOC_00490,2023-04-27 18:53:00,Mumbai,Vehicles driving on wrong side and over-speeding near Mumbai bypass. Severe accident spot! Strict policing needed. #TrafficViolation #Mumbai,Local News Feedback,121,1,7,#TrafficViolation;#Speeding;#MumbaiPolice,speeding
MAHA_SOC_00491,2022-12-16 23:04:00,Nashik,Traffic signals completely dead at major four-way junction in Nashik. Continuous chaos and minor fender benders. #SignalFailure #Nashik,Twitter/X Public Archive,50,24,10,#SignalFailure;#TrafficJam;#CivicIssue,signal_failure
MAHA_SOC_00492,2021-08-27 17:23:00,Pune,"Streetlights non-functional for past 2 weeks on Pune outer ring road. Zero visibility at night, high risk of head-on collisions. #DarkRoads #Pune",Twitter/X Public Archive,44,0,7,#DarkRoads;#Streetlights;#CivicFailure,lighting
MAHA_SOC_00493,2021-11-28 18:35:00,Nashik,Speed limit 80kmph completely ignored on Nashik expressway. Reckless lane cutting by intercity buses. Need speed cameras! #HighwayWatch #Nashik,Citizen Grievance Portal,12,10,0,#HighwayWatch;#SpeedLimit;#ExpresswaySafety,speeding
MAHA_SOC_00494,2023-11-15 23:44:00,Nagpur,Dangerous black spot identified on Nagpur ghat section. Multiple heavy trucks overturned this month. Where are crash barriers? #BlackSpot #HighwaySafety,Citizen Grievance Portal,1,5,8,#BlackSpot;#HighwaySafety;#NagpurGhat,black_spot
MAHA_SOC_00495,2021-09-01 17:42:00,Mumbai,Illegal road digging and open gravel left unattended on Mumbai main avenue. Two-wheelers constantly slipping. #TwoWheelerSafety #MumbaiCivic,Twitter/X Public Archive,9,5,8,#TwoWheelerSafety;#RoadHazard;#CivicNegligence,road_hazards
MAHA_SOC_00496,2023-08-22 09:55:00,Pune,No pedestrian zebra crossing or foot overbridge near school on Pune road. High risk for children crossing highway! #PedestrianSafety #Pune,Civic Forum / Facebook,5,9,4,#PedestrianSafety;#SafeStreets;#ChildrenSafety,pedestrian_safety
MAHA_SOC_00497,2022-07-16 07:00:00,Nagpur,"Streetlights non-functional for past 2 weeks on Nagpur outer ring road. Zero visibility at night, high risk of head-on collisions. #DarkRoads #Nagpur",Twitter/X Public Archive,15,1,10,#DarkRoads;#Streetlights;#CivicFailure,lighting
MAHA_SOC_00498,2022-11-07 02:08:00,Mumbai,"Streetlights non-functional for past 2 weeks on Mumbai outer ring road. Zero visibility at night, high risk of head-on collisions. #DarkRoads #Mumbai",Twitter/X Public Archive,32,13,0,#DarkRoads;#Streetlights;#CivicFailure,lighting
MAHA_SOC_00499,2021-07-27 06:13:00,Pune,Deep trenches near bus stop in Pune. Multiple bikers injured yesterday during evening drizzle. Urgent repairs requested. #RoadHazards #Pune,Twitter/X Public Archive,6,8,0,#RoadHazards;#PotholeCrisis;#PuneRoads,potholes
MAHA_SOC_00500,2023-06-10 00:04:00,Pune,Speed limit 80kmph completely ignored on Pune expressway. Reckless lane cutting by intercity buses. Need speed cameras! #HighwayWatch #Pune,Local News Feedback,6,10,2,#HighwayWatch;#SpeedLimit;#ExpresswaySafety,speeding
MAHA_SOC_00501,2021-01-18 19:53:00,Navi Mumbai,Illegal road digging and open gravel left unattended on Navi Mumbai main avenue. Two-wheelers constantly slipping. #TwoWheelerSafety #Navi MumbaiCivic,Twitter/X Public Archive,16,1,1,#TwoWheelerSafety;#RoadHazard;#CivicNegligence,road_hazards
MAHA_SOC_00502,2022-10-01 15:16:00,Aurangabad,"Streetlights non-functional for past 2 weeks on Aurangabad outer ring road. Zero visibility at night, high risk of head-on collisions. #DarkRoads #Aurangabad",Twitter/X Public Archive,12,3,11,#DarkRoads;#Streetlights;#CivicFailure,lighting
MAHA_SOC_00503,2022-10-12 07:14:00,Thane,Dangerous black spot identified on Thane ghat section. Multiple heavy trucks overturned this month. Where are crash barriers? #BlackSpot #HighwaySafety,Twitter/X Public Archive,22,1,6,#BlackSpot;#HighwaySafety;#ThaneGhat,black_spot
MAHA_SOC_00504,2023-03-05 14:34:00,Aurangabad,Massive potholes on Aurangabad road near the main flyover. Commuters risking lives every day! @trafficpolice #PotholeAlert #RoadSafety,Twitter/X Public Archive,20,2,6,#PotholeAlert;#RoadSafety;#AurangabadTraffic,potholes
MAHA_SOC_00505,2023-12-11 14:24:00,Nashik,No pedestrian zebra crossing or foot overbridge near school on Nashik road. High risk for children crossing highway! #PedestrianSafety #Nashik,Twitter/X Public Archive,6,3,17,#PedestrianSafety;#SafeStreets;#ChildrenSafety,pedestrian_safety
MAHA_SOC_00506,2021-08-22 09:12:00,Thane,No pedestrian zebra crossing or foot overbridge near school on Thane road. High risk for children crossing highway! #PedestrianSafety #Thane,Civic Forum / Facebook,19,0,4,#PedestrianSafety;#SafeStreets;#ChildrenSafety,pedestrian_safety
MAHA_SOC_00507,2022-02-14 08:45:00,Mumbai,No pedestrian zebra crossing or foot overbridge near school on Mumbai road. High risk for children crossing highway! #PedestrianSafety #Mumbai,Civic Forum / Facebook,8,0,6,#PedestrianSafety;#SafeStreets;#ChildrenSafety,pedestrian_safety
MAHA_SOC_00508,2023-12-18 20:11:00,Pune,No pedestrian zebra crossing or foot overbridge near school on Pune road. High risk for children crossing highway! #PedestrianSafety #Pune,Twitter/X Public Archive,14,0,5,#PedestrianSafety;#SafeStreets;#ChildrenSafety,pedestrian_safety
MAHA_SOC_00509,2021-04-22 08:00:00,Pune,No pedestrian zebra crossing or foot overbridge near school on Pune road. High risk for children crossing highway! #PedestrianSafety #Pune,Twitter/X Public Archive,2,6,1,#PedestrianSafety;#SafeStreets;#ChildrenSafety,pedestrian_safety
MAHA_SOC_00510,2021-11-22 11:42:00,Pune,Heavy waterlogging after heavy rain on Pune highway junction. Vehicles skidding and traffic halted for hours. #MonsoonTraffic #PuneFloods,Citizen Grievance Portal,5,12,1,#MonsoonTraffic;#PuneFloods;#RoadSafety,waterlogging
MAHA_SOC_00511,2022-05-16 20:24:00,Pune,Vehicles driving on wrong side and over-speeding near Pune bypass. Severe accident spot! Strict policing needed. #TrafficViolation #Pune,Twitter/X Public Archive,6,1,6,#TrafficViolation;#Speeding;#PunePolice,speeding
MAHA_SOC_00512,2021-07-15 01:36:00,Pune,Vehicles driving on wrong side and over-speeding near Pune bypass. Severe accident spot! Strict policing needed. #TrafficViolation #Pune,Civic Forum / Facebook,2,3,1,#TrafficViolation;#Speeding;#PunePolice,speeding
MAHA_SOC_00513,2023-09-04 07:29:00,Pune,Deep trenches near bus stop in Pune. Multiple bikers injured yesterday during evening drizzle. Urgent repairs requested. #RoadHazards #Pune,Twitter/X Public Archive,15,0,6,#RoadHazards;#PotholeCrisis;#PuneRoads,potholes
MAHA_SOC_00514,2021-07-20 04:18:00,Pune,Heavy waterlogging after heavy rain on Pune highway junction. Vehicles skidding and traffic halted for hours. #MonsoonTraffic #PuneFloods,Citizen Grievance Portal,7,12,2,#MonsoonTraffic;#PuneFloods;#RoadSafety,waterlogging
MAHA_SOC_00515,2021-01-29 23:07:00,Pune,Illegal road digging and open gravel left unattended on Pune main avenue. Two-wheelers constantly slipping. #TwoWheelerSafety #PuneCivic,Twitter/X Public Archive,20,29,5,#TwoWheelerSafety;#RoadHazard;#CivicNegligence,road_hazards
MAHA_SOC_00516,2021-09-19 20:00:00,Aurangabad,Illegal road digging and open gravel left unattended on Aurangabad main avenue. Two-wheelers constantly slipping. #TwoWheelerSafety #AurangabadCivic,Citizen Grievance Portal,25,2,0,#TwoWheelerSafety;#RoadHazard;#CivicNegligence,road_hazards
MAHA_SOC_00517,2022-09-07 22:03:00,Pune,Massive potholes on Pune road near the main flyover. Commuters risking lives every day! @trafficpolice #PotholeAlert #RoadSafety,Twitter/X Public Archive,55,1,9,#PotholeAlert;#RoadSafety;#PuneTraffic,potholes
MAHA_SOC_00518,2021-01-16 16:44:00,Ahmednagar,Traffic signals completely dead at major four-way junction in Ahmednagar. Continuous chaos and minor fender benders. #SignalFailure #Ahmednagar,Twitter/X Public Archive,1,9,0,#SignalFailure;#TrafficJam;#CivicIssue,signal_failure
MAHA_SOC_00519,2023-12-06 00:10:00,Thane,Dangerous black spot identified on Thane ghat section. Multiple heavy trucks overturned this month. Where are crash barriers? #BlackSpot #HighwaySafety,Twitter/X Public Archive,11,23,7,#BlackSpot;#HighwaySafety;#ThaneGhat,black_spot
MAHA_SOC_00520,2023-03-14 21:13:00,Navi Mumbai,Massive potholes on Navi Mumbai road near the main flyover. Commuters risking lives every day! @trafficpolice #PotholeAlert #RoadSafety,Twitter/X Public Archive,6,7,2,#PotholeAlert;#RoadSafety;#Navi MumbaiTraffic,potholes
MAHA_SOC_00521,2021-11-20 14:07:00,Pune,Vehicles driving on wrong side and over-speeding near Pune bypass. Severe accident spot! Strict policing needed. #TrafficViolation #Pune,Citizen Grievance Portal,5,1,1,#TrafficViolation;#Speeding;#PunePolice,speeding
MAHA_SOC_00522,2022-10-03 13:24:00,Pune,No pedestrian zebra crossing or foot overbridge near school on Pune road. High risk for children crossing highway! #PedestrianSafety #Pune,Civic Forum / Facebook,2,3,7,#PedestrianSafety;#SafeStreets;#ChildrenSafety,pedestrian_safety
MAHA_SOC_00523,2023-02-27 06:03:00,Pune,Deep trenches near bus stop in Pune. Multiple bikers injured yesterday during evening drizzle. Urgent repairs requested. #RoadHazards #Pune,Twitter/X Public Archive,28,0,0,#RoadHazards;#PotholeCrisis;#PuneRoads,potholes
MAHA_SOC_00524,2022-06-21 01:10:00,Thane,"Streetlights non-functional for past 2 weeks on Thane outer ring road. Zero visibility at night, high risk of head-on collisions. #DarkRoads #Thane",Civic Forum / Facebook,38,10,3,#DarkRoads;#Streetlights;#CivicFailure,lighting
MAHA_SOC_00525,2023-06-01 14:40:00,Nashik,Illegal road digging and open gravel left unattended on Nashik main avenue. Two-wheelers constantly slipping. #TwoWheelerSafety #NashikCivic,Twitter/X Public Archive,11,8,0,#TwoWheelerSafety;#RoadHazard;#CivicNegligence,road_hazards
MAHA_SOC_00526,2022-03-24 15:29:00,Nashik,No pedestrian zebra crossing or foot overbridge near school on Nashik road. High risk for children crossing highway! #PedestrianSafety #Nashik,Twitter/X Public Archive,4,10,1,#PedestrianSafety;#SafeStreets;#ChildrenSafety,pedestrian_safety
MAHA_SOC_00527,2021-03-29 03:26:00,Nagpur,Massive potholes on Nagpur road near the main flyover. Commuters risking lives every day! @trafficpolice #PotholeAlert #RoadSafety,Local News Feedback,33,3,3,#PotholeAlert;#RoadSafety;#NagpurTraffic,potholes
MAHA_SOC_00528,2021-07-28 12:42:00,Thane,Vehicles driving on wrong side and over-speeding near Thane bypass. Severe accident spot! Strict policing needed. #TrafficViolation #Thane,Twitter/X Public Archive,0,17,0,#TrafficViolation;#Speeding;#ThanePolice,speeding
MAHA_SOC_00529,2021-06-15 04:12:00,Mumbai,Massive potholes on Mumbai road near the main flyover. Commuters risking lives every day! @trafficpolice #PotholeAlert #RoadSafety,Civic Forum / Facebook,4,10,9,#PotholeAlert;#RoadSafety;#MumbaiTraffic,potholes
MAHA_SOC_00530,2022-02-12 08:14:00,Pune,Massive potholes on Pune road near the main flyover. Commuters risking lives every day! @trafficpolice #PotholeAlert #RoadSafety,Twitter/X Public Archive,38,13,1,#PotholeAlert;#RoadSafety;#PuneTraffic,potholes
MAHA_SOC_00531,2022-10-08 18:43:00,Pune,Speed limit 80kmph completely ignored on Pune expressway. Reckless lane cutting by intercity buses. Need speed cameras! #HighwayWatch #Pune,Citizen Grievance Portal,2,0,2,#HighwayWatch;#SpeedLimit;#ExpresswaySafety,speeding
MAHA_SOC_00532,2022-09-06 04:09:00,Aurangabad,Traffic signals completely dead at major four-way junction in Aurangabad. Continuous chaos and minor fender benders. #SignalFailure #Aurangabad,Local News Feedback,6,0,14,#SignalFailure;#TrafficJam;#CivicIssue,signal_failure
MAHA_SOC_00533,2022-03-08 02:19:00,Ahmednagar,Speed limit 80kmph completely ignored on Ahmednagar expressway. Reckless lane cutting by intercity buses. Need speed cameras! #HighwayWatch #Ahmednagar,Local News Feedback,36,13,4,#HighwayWatch;#SpeedLimit;#ExpresswaySafety,speeding
MAHA_SOC_00534,2023-01-30 06:19:00,Mumbai,No pedestrian zebra crossing or foot overbridge near school on Mumbai road. High risk for children crossing highway! #PedestrianSafety #Mumbai,Twitter/X Public Archive,1,2,1,#PedestrianSafety;#SafeStreets;#ChildrenSafety,pedestrian_safety
MAHA_SOC_00535,2023-06-21 12:56:00,Nashik,Speed limit 80kmph completely ignored on Nashik expressway. Reckless lane cutting by intercity buses. Need speed cameras! #HighwayWatch #Nashik,Twitter/X Public Archive,19,2,4,#HighwayWatch;#SpeedLimit;#ExpresswaySafety,speeding
MAHA_SOC_00536,2021-07-30 12:17:00,Nashik,No pedestrian zebra crossing or foot overbridge near school on Nashik road. High risk for children crossing highway! #PedestrianSafety #Nashik,Citizen Grievance Portal,5,8,6,#PedestrianSafety;#SafeStreets;#ChildrenSafety,pedestrian_safety
MAHA_SOC_00537,2022-02-23 19:49:00,Mumbai,Heavy waterlogging after heavy rain on Mumbai highway junction. Vehicles skidding and traffic halted for hours. #MonsoonTraffic #MumbaiFloods,Twitter/X Public Archive,48,1,4,#MonsoonTraffic;#MumbaiFloods;#RoadSafety,waterlogging
MAHA_SOC_00538,2023-06-23 07:49:00,Aurangabad,Vehicles driving on wrong side and over-speeding near Aurangabad bypass. Severe accident spot! Strict policing needed. #TrafficViolation #Aurangabad,Twitter/X Public Archive,9,4,4,#TrafficViolation;#Speeding;#AurangabadPolice,speeding
MAHA_SOC_00539,2021-06-17 05:02:00,Pune,No pedestrian zebra crossing or foot overbridge near school on Pune road. High risk for children crossing highway! #PedestrianSafety #Pune,Twitter/X Public Archive,0,7,4,#PedestrianSafety;#SafeStreets;#ChildrenSafety,pedestrian_safety
MAHA_SOC_00540,2022-04-22 19:15:00,Pune,No pedestrian zebra crossing or foot overbridge near school on Pune road. High risk for children crossing highway! #PedestrianSafety #Pune,Twitter/X Public Archive,20,0,1,#PedestrianSafety;#SafeStreets;#ChildrenSafety,pedestrian_safety
MAHA_SOC_00541,2022-07-08 21:10:00,Thane,Illegal road digging and open gravel left unattended on Thane main avenue. Two-wheelers constantly slipping. #TwoWheelerSafety #ThaneCivic,Civic Forum / Facebook,10,3,1,#TwoWheelerSafety;#RoadHazard;#CivicNegligence,road_hazards
MAHA_SOC_00542,2021-06-25 02:37:00,Nashik,Speed limit 80kmph completely ignored on Nashik expressway. Reckless lane cutting by intercity buses. Need speed cameras! #HighwayWatch #Nashik,Citizen Grievance Portal,4,7,0,#HighwayWatch;#SpeedLimit;#ExpresswaySafety,speeding
MAHA_SOC_00543,2021-08-14 01:15:00,Nashik,Massive potholes on Nashik road near the main flyover. Commuters risking lives every day! @trafficpolice #PotholeAlert #RoadSafety,Twitter/X Public Archive,22,14,2,#PotholeAlert;#RoadSafety;#NashikTraffic,potholes
MAHA_SOC_00544,2023-09-26 09:43:00,Nashik,Dangerous black spot identified on Nashik ghat section. Multiple heavy trucks overturned this month. Where are crash barriers? #BlackSpot #HighwaySafety,Twitter/X Public Archive,57,6,3,#BlackSpot;#HighwaySafety;#NashikGhat,black_spot
MAHA_SOC_00545,2022-12-01 20:57:00,Navi Mumbai,No pedestrian zebra crossing or foot overbridge near school on Navi Mumbai road. High risk for children crossing highway! #PedestrianSafety #Navi Mumbai,Twitter/X Public Archive,0,2,0,#PedestrianSafety;#SafeStreets;#ChildrenSafety,pedestrian_safety
MAHA_SOC_00546,2023-09-10 16:30:00,Mumbai,Massive potholes on Mumbai road near the main flyover. Commuters risking lives every day! @trafficpolice #PotholeAlert #RoadSafety,Twitter/X Public Archive,3,1,5,#PotholeAlert;#RoadSafety;#MumbaiTraffic,potholes
MAHA_SOC_00547,2022-05-11 17:28:00,Mumbai,Dangerous black spot identified on Mumbai ghat section. Multiple heavy trucks overturned this month. Where are crash barriers? #BlackSpot #HighwaySafety,Civic Forum / Facebook,39,3,0,#BlackSpot;#HighwaySafety;#MumbaiGhat,black_spot
MAHA_SOC_00548,2023-10-17 15:37:00,Kolhapur,Dangerous black spot identified on Kolhapur ghat section. Multiple heavy trucks overturned this month. Where are crash barriers? #BlackSpot #HighwaySafety,Citizen Grievance Portal,16,4,4,#BlackSpot;#HighwaySafety;#KolhapurGhat,black_spot
MAHA_SOC_00549,2022-01-26 22:04:00,Nagpur,Speed limit 80kmph completely ignored on Nagpur expressway. Reckless lane cutting by intercity buses. Need speed cameras! #HighwayWatch #Nagpur,Civic Forum / Facebook,53,4,4,#HighwayWatch;#SpeedLimit;#ExpresswaySafety,speeding
MAHA_SOC_00550,2022-11-27 05:49:00,Solapur,Heavy waterlogging after heavy rain on Solapur highway junction. Vehicles skidding and traffic halted for hours. #MonsoonTraffic #SolapurFloods,Civic Forum / Facebook,36,4,3,#MonsoonTraffic;#SolapurFloods;#RoadSafety,waterlogging
MAHA_SOC_00551,2023-07-29 12:02:00,Pune,Illegal road digging and open gravel left unattended on Pune main avenue. Two-wheelers constantly slipping. #TwoWheelerSafety #PuneCivic,Citizen Grievance Portal,5,4,0,#TwoWheelerSafety;#RoadHazard;#CivicNegligence,road_hazards
MAHA_SOC_00552,2023-06-08 22:27:00,Ahmednagar,"Streetlights non-functional for past 2 weeks on Ahmednagar outer ring road. Zero visibility at night, high risk of head-on collisions. #DarkRoads #Ahmednagar",Civic Forum / Facebook,22,12,4,#DarkRoads;#Streetlights;#CivicFailure,lighting
MAHA_SOC_00553,2021-07-30 17:54:00,Mumbai,Dangerous black spot identified on Mumbai ghat section. Multiple heavy trucks overturned this month. Where are crash barriers? #BlackSpot #HighwaySafety,Twitter/X Public Archive,0,0,1,#BlackSpot;#HighwaySafety;#MumbaiGhat,black_spot
MAHA_SOC_00554,2023-04-09 08:42:00,Thane,Deep trenches near bus stop in Thane. Multiple bikers injured yesterday during evening drizzle. Urgent repairs requested. #RoadHazards #Thane,Twitter/X Public Archive,16,2,3,#RoadHazards;#PotholeCrisis;#ThaneRoads,potholes
MAHA_SOC_00555,2021-03-05 22:29:00,Pune,Heavy waterlogging after heavy rain on Pune highway junction. Vehicles skidding and traffic halted for hours. #MonsoonTraffic #PuneFloods,Civic Forum / Facebook,6,0,3,#MonsoonTraffic;#PuneFloods;#RoadSafety,waterlogging
MAHA_SOC_00556,2022-10-20 22:06:00,Kolhapur,Dangerous black spot identified on Kolhapur ghat section. Multiple heavy trucks overturned this month. Where are crash barriers? #BlackSpot #HighwaySafety,Twitter/X Public Archive,2,5,2,#BlackSpot;#HighwaySafety;#KolhapurGhat,black_spot
MAHA_SOC_00557,2021-11-04 14:01:00,Pune,"Streetlights non-functional for past 2 weeks on Pune outer ring road. Zero visibility at night, high risk of head-on collisions. #DarkRoads #Pune",Citizen Grievance Portal,41,5,1,#DarkRoads;#Streetlights;#CivicFailure,lighting
MAHA_SOC_00558,2022-01-28 17:25:00,Mumbai,Traffic signals completely dead at major four-way junction in Mumbai. Continuous chaos and minor fender benders. #SignalFailure #Mumbai,Twitter/X Public Archive,20,2,7,#SignalFailure;#TrafficJam;#CivicIssue,signal_failure
MAHA_SOC_00559,2023-06-06 19:55:00,Ahmednagar,No pedestrian zebra crossing or foot overbridge near school on Ahmednagar road. High risk for children crossing highway! #PedestrianSafety #Ahmednagar,Civic Forum / Facebook,15,7,3,#PedestrianSafety;#SafeStreets;#ChildrenSafety,pedestrian_safety
MAHA_SOC_00560,2023-02-20 10:24:00,Pune,Illegal road digging and open gravel left unattended on Pune main avenue. Two-wheelers constantly slipping. #TwoWheelerSafety #PuneCivic,Twitter/X Public Archive,25,1,2,#TwoWheelerSafety;#RoadHazard;#CivicNegligence,road_hazards
MAHA_SOC_00561,2022-05-08 07:17:00,Nagpur,Speed limit 80kmph completely ignored on Nagpur expressway. Reckless lane cutting by intercity buses. Need speed cameras! #HighwayWatch #Nagpur,Twitter/X Public Archive,37,2,7,#HighwayWatch;#SpeedLimit;#ExpresswaySafety,speeding
MAHA_SOC_00562,2022-10-12 18:09:00,Pune,Vehicles driving on wrong side and over-speeding near Pune bypass. Severe accident spot! Strict policing needed. #TrafficViolation #Pune,Twitter/X Public Archive,6,14,2,#TrafficViolation;#Speeding;#PunePolice,speeding
MAHA_SOC_00563,2023-12-08 19:07:00,Mumbai,Speed limit 80kmph completely ignored on Mumbai expressway. Reckless lane cutting by intercity buses. Need speed cameras! #HighwayWatch #Mumbai,Civic Forum / Facebook,13,13,3,#HighwayWatch;#SpeedLimit;#ExpresswaySafety,speeding
MAHA_SOC_00564,2022-01-29 17:30:00,Pune,Vehicles driving on wrong side and over-speeding near Pune bypass. Severe accident spot! Strict policing needed. #TrafficViolation #Pune,Civic Forum / Facebook,3,1,2,#TrafficViolation;#Speeding;#PunePolice,speeding
MAHA_SOC_00565,2021-03-23 20:16:00,Kolhapur,No pedestrian zebra crossing or foot overbridge near school on Kolhapur road. High risk for children crossing highway! #PedestrianSafety #Kolhapur,Local News Feedback,5,2,5,#PedestrianSafety;#SafeStreets;#ChildrenSafety,pedestrian_safety
MAHA_SOC_00566,2022-02-05 02:38:00,Pune,Massive potholes on Pune road near the main flyover. Commuters risking lives every day! @trafficpolice #PotholeAlert #RoadSafety,Twitter/X Public Archive,13,6,9,#PotholeAlert;#RoadSafety;#PuneTraffic,potholes
MAHA_SOC_00567,2022-11-10 10:59:00,Satara,Speed limit 80kmph completely ignored on Satara expressway. Reckless lane cutting by intercity buses. Need speed cameras! #HighwayWatch #Satara,Twitter/X Public Archive,46,0,0,#HighwayWatch;#SpeedLimit;#ExpresswaySafety,speeding
MAHA_SOC_00568,2023-12-05 03:11:00,Mumbai,No pedestrian zebra crossing or foot overbridge near school on Mumbai road. High risk for children crossing highway! #PedestrianSafety #Mumbai,Local News Feedback,4,20,5,#PedestrianSafety;#SafeStreets;#ChildrenSafety,pedestrian_safety
MAHA_SOC_00569,2021-09-23 08:50:00,Mumbai,Vehicles driving on wrong side and over-speeding near Mumbai bypass. Severe accident spot! Strict policing needed. #TrafficViolation #Mumbai,Twitter/X Public Archive,26,1,4,#TrafficViolation;#Speeding;#MumbaiPolice,speeding
MAHA_SOC_00570,2021-07-31 04:51:00,Pune,Vehicles driving on wrong side and over-speeding near Pune bypass. Severe accident spot! Strict policing needed. #TrafficViolation #Pune,Twitter/X Public Archive,25,17,6,#TrafficViolation;#Speeding;#PunePolice,speeding
MAHA_SOC_00571,2023-05-02 03:45:00,Kolhapur,Illegal road digging and open gravel left unattended on Kolhapur main avenue. Two-wheelers constantly slipping. #TwoWheelerSafety #KolhapurCivic,Twitter/X Public Archive,21,0,4,#TwoWheelerSafety;#RoadHazard;#CivicNegligence,road_hazards
MAHA_SOC_00572,2022-03-13 20:07:00,Nashik,Speed limit 80kmph completely ignored on Nashik expressway. Reckless lane cutting by intercity buses. Need speed cameras! #HighwayWatch #Nashik,Civic Forum / Facebook,18,0,6,#HighwayWatch;#SpeedLimit;#ExpresswaySafety,speeding
MAHA_SOC_00573,2022-03-04 23:29:00,Solapur,Speed limit 80kmph completely ignored on Solapur expressway. Reckless lane cutting by intercity buses. Need speed cameras! #HighwayWatch #Solapur,Local News Feedback,12,1,4,#HighwayWatch;#SpeedLimit;#ExpresswaySafety,speeding
MAHA_SOC_00574,2023-09-18 03:36:00,Thane,Dangerous black spot identified on Thane ghat section. Multiple heavy trucks overturned this month. Where are crash barriers? #BlackSpot #HighwaySafety,Twitter/X Public Archive,22,13,8,#BlackSpot;#HighwaySafety;#ThaneGhat,black_spot
MAHA_SOC_00575,2022-03-22 07:04:00,Pune,Heavy waterlogging after heavy rain on Pune highway junction. Vehicles skidding and traffic halted for hours. #MonsoonTraffic #PuneFloods,Twitter/X Public Archive,9,1,1,#MonsoonTraffic;#PuneFloods;#RoadSafety,waterlogging
MAHA_SOC_00576,2021-02-27 01:58:00,Pune,Dangerous black spot identified on Pune ghat section. Multiple heavy trucks overturned this month. Where are crash barriers? #BlackSpot #HighwaySafety,Citizen Grievance Portal,57,4,0,#BlackSpot;#HighwaySafety;#PuneGhat,black_spot
MAHA_SOC_00577,2021-03-05 06:15:00,Solapur,Vehicles driving on wrong side and over-speeding near Solapur bypass. Severe accident spot! Strict policing needed. #TrafficViolation #Solapur,Citizen Grievance Portal,76,1,0,#TrafficViolation;#Speeding;#SolapurPolice,speeding
MAHA_SOC_00578,2023-07-05 04:13:00,Pune,Massive potholes on Pune road near the main flyover. Commuters risking lives every day! @trafficpolice #PotholeAlert #RoadSafety,Twitter/X Public Archive,7,13,0,#PotholeAlert;#RoadSafety;#PuneTraffic,potholes
MAHA_SOC_00579,2023-07-24 19:52:00,Mumbai,Traffic signals completely dead at major four-way junction in Mumbai. Continuous chaos and minor fender benders. #SignalFailure #Mumbai,Citizen Grievance Portal,7,15,11,#SignalFailure;#TrafficJam;#CivicIssue,signal_failure
MAHA_SOC_00580,2022-03-27 08:57:00,Pune,No pedestrian zebra crossing or foot overbridge near school on Pune road. High risk for children crossing highway! #PedestrianSafety #Pune,Citizen Grievance Portal,5,12,0,#PedestrianSafety;#SafeStreets;#ChildrenSafety,pedestrian_safety
MAHA_SOC_00581,2021-06-09 08:52:00,Solapur,Dangerous black spot identified on Solapur ghat section. Multiple heavy trucks overturned this month. Where are crash barriers? #BlackSpot #HighwaySafety,Twitter/X Public Archive,17,1,8,#BlackSpot;#HighwaySafety;#SolapurGhat,black_spot
MAHA_SOC_00582,2021-02-08 03:33:00,Thane,Deep trenches near bus stop in Thane. Multiple bikers injured yesterday during evening drizzle. Urgent repairs requested. #RoadHazards #Thane,Twitter/X Public Archive,37,3,2,#RoadHazards;#PotholeCrisis;#ThaneRoads,potholes
MAHA_SOC_00583,2022-01-15 21:06:00,Pune,No pedestrian zebra crossing or foot overbridge near school on Pune road. High risk for children crossing highway! #PedestrianSafety #Pune,Twitter/X Public Archive,9,7,1,#PedestrianSafety;#SafeStreets;#ChildrenSafety,pedestrian_safety
MAHA_SOC_00584,2022-11-14 18:08:00,Mumbai,"Streetlights non-functional for past 2 weeks on Mumbai outer ring road. Zero visibility at night, high risk of head-on collisions. #DarkRoads #Mumbai",Citizen Grievance Portal,0,8,0,#DarkRoads;#Streetlights;#CivicFailure,lighting
MAHA_SOC_00585,2022-10-18 00:26:00,Satara,Illegal road digging and open gravel left unattended on Satara main avenue. Two-wheelers constantly slipping. #TwoWheelerSafety #SataraCivic,Twitter/X Public Archive,1,0,0,#TwoWheelerSafety;#RoadHazard;#CivicNegligence,road_hazards
MAHA_SOC_00586,2021-11-30 18:04:00,Mumbai,Massive potholes on Mumbai road near the main flyover. Commuters risking lives every day! @trafficpolice #PotholeAlert #RoadSafety,Local News Feedback,24,1,18,#PotholeAlert;#RoadSafety;#MumbaiTraffic,potholes
MAHA_SOC_00587,2023-08-04 05:45:00,Kolhapur,Dangerous black spot identified on Kolhapur ghat section. Multiple heavy trucks overturned this month. Where are crash barriers? #BlackSpot #HighwaySafety,Twitter/X Public Archive,60,14,0,#BlackSpot;#HighwaySafety;#KolhapurGhat,black_spot
MAHA_SOC_00588,2021-04-25 05:35:00,Ahmednagar,Dangerous black spot identified on Ahmednagar ghat section. Multiple heavy trucks overturned this month. Where are crash barriers? #BlackSpot #HighwaySafety,Twitter/X Public Archive,81,10,10,#BlackSpot;#HighwaySafety;#AhmednagarGhat,black_spot
MAHA_SOC_00589,2021-02-11 00:34:00,Kolhapur,Speed limit 80kmph completely ignored on Kolhapur expressway. Reckless lane cutting by intercity buses. Need speed cameras! #HighwayWatch #Kolhapur,Local News Feedback,8,9,1,#HighwayWatch;#SpeedLimit;#ExpresswaySafety,speeding
MAHA_SOC_00590,2021-09-03 06:36:00,Pune,Deep trenches near bus stop in Pune. Multiple bikers injured yesterday during evening drizzle. Urgent repairs requested. #RoadHazards #Pune,Twitter/X Public Archive,46,23,2,#RoadHazards;#PotholeCrisis;#PuneRoads,potholes
MAHA_SOC_00591,2022-05-13 03:50:00,Nashik,Heavy waterlogging after heavy rain on Nashik highway junction. Vehicles skidding and traffic halted for hours. #MonsoonTraffic #NashikFloods,Citizen Grievance Portal,4,15,0,#MonsoonTraffic;#NashikFloods;#RoadSafety,waterlogging
MAHA_SOC_00592,2023-02-27 07:59:00,Pune,Vehicles driving on wrong side and over-speeding near Pune bypass. Severe accident spot! Strict policing needed. #TrafficViolation #Pune,Twitter/X Public Archive,44,10,12,#TrafficViolation;#Speeding;#PunePolice,speeding
MAHA_SOC_00593,2022-05-19 01:43:00,Ahmednagar,Heavy waterlogging after heavy rain on Ahmednagar highway junction. Vehicles skidding and traffic halted for hours. #MonsoonTraffic #AhmednagarFloods,Local News Feedback,9,5,4,#MonsoonTraffic;#AhmednagarFloods;#RoadSafety,waterlogging
MAHA_SOC_00594,2023-03-18 09:49:00,Mumbai,Speed limit 80kmph completely ignored on Mumbai expressway. Reckless lane cutting by intercity buses. Need speed cameras! #HighwayWatch #Mumbai,Citizen Grievance Portal,39,2,8,#HighwayWatch;#SpeedLimit;#ExpresswaySafety,speeding
MAHA_SOC_00595,2021-01-02 18:12:00,Thane,Illegal road digging and open gravel left unattended on Thane main avenue. Two-wheelers constantly slipping. #TwoWheelerSafety #ThaneCivic,Twitter/X Public Archive,55,2,6,#TwoWheelerSafety;#RoadHazard;#CivicNegligence,road_hazards
MAHA_SOC_00596,2021-09-15 18:49:00,Nashik,No pedestrian zebra crossing or foot overbridge near school on Nashik road. High risk for children crossing highway! #PedestrianSafety #Nashik,Citizen Grievance Portal,3,0,1,#PedestrianSafety;#SafeStreets;#ChildrenSafety,pedestrian_safety
MAHA_SOC_00597,2022-09-22 13:26:00,Nashik,"Streetlights non-functional for past 2 weeks on Nashik outer ring road. Zero visibility at night, high risk of head-on collisions. #DarkRoads #Nashik",Citizen Grievance Portal,3,8,5,#DarkRoads;#Streetlights;#CivicFailure,lighting
MAHA_SOC_00598,2023-09-23 16:04:00,Pune,Traffic signals completely dead at major four-way junction in Pune. Continuous chaos and minor fender benders. #SignalFailure #Pune,Civic Forum / Facebook,11,1,3,#SignalFailure;#TrafficJam;#CivicIssue,signal_failure
MAHA_SOC_00599,2022-09-21 02:25:00,Mumbai,Deep trenches near bus stop in Mumbai. Multiple bikers injured yesterday during evening drizzle. Urgent repairs requested. #RoadHazards #Mumbai,Citizen Grievance Portal,2,13,0,#RoadHazards;#PotholeCrisis;#MumbaiRoads,potholes
MAHA_SOC_00600,2021-07-14 01:27:00,Mumbai,Dangerous black spot identified on Mumbai ghat section. Multiple heavy trucks overturned this month. Where are crash barriers? #BlackSpot #HighwaySafety,Twitter/X Public Archive,38,16,1,#BlackSpot;#HighwaySafety;#MumbaiGhat,black_spot
MAHA_SOC_00601,2021-06-30 21:11:00,Thane,"Streetlights non-functional for past 2 weeks on Thane outer ring road. Zero visibility at night, high risk of head-on collisions. #DarkRoads #Thane",Twitter/X Public Archive,11,0,7,#DarkRoads;#Streetlights;#CivicFailure,lighting
MAHA_SOC_00602,2021-06-16 21:08:00,Aurangabad,Traffic signals completely dead at major four-way junction in Aurangabad. Continuous chaos and minor fender benders. #SignalFailure #Aurangabad,Twitter/X Public Archive,36,5,0,#SignalFailure;#TrafficJam;#CivicIssue,signal_failure
MAHA_SOC_00603,2023-11-16 20:27:00,Mumbai,No pedestrian zebra crossing or foot overbridge near school on Mumbai road. High risk for children crossing highway! #PedestrianSafety #Mumbai,Twitter/X Public Archive,8,3,0,#PedestrianSafety;#SafeStreets;#ChildrenSafety,pedestrian_safety
MAHA_SOC_00604,2022-06-02 13:16:00,Aurangabad,Illegal road digging and open gravel left unattended on Aurangabad main avenue. Two-wheelers constantly slipping. #TwoWheelerSafety #AurangabadCivic,Citizen Grievance Portal,50,5,1,#TwoWheelerSafety;#RoadHazard;#CivicNegligence,road_hazards
MAHA_SOC_00605,2021-10-14 22:51:00,Aurangabad,"Streetlights non-functional for past 2 weeks on Aurangabad outer ring road. Zero visibility at night, high risk of head-on collisions. #DarkRoads #Aurangabad",Twitter/X Public Archive,75,6,1,#DarkRoads;#Streetlights;#CivicFailure,lighting
MAHA_SOC_00606,2023-10-20 17:42:00,Pune,Heavy waterlogging after heavy rain on Pune highway junction. Vehicles skidding and traffic halted for hours. #MonsoonTraffic #PuneFloods,Twitter/X Public Archive,19,2,2,#MonsoonTraffic;#PuneFloods;#RoadSafety,waterlogging
MAHA_SOC_00607,2021-07-01 04:19:00,Pune,Dangerous black spot identified on Pune ghat section. Multiple heavy trucks overturned this month. Where are crash barriers? #BlackSpot #HighwaySafety,Civic Forum / Facebook,15,3,6,#BlackSpot;#HighwaySafety;#PuneGhat,black_spot
MAHA_SOC_00608,2022-03-02 12:17:00,Thane,Deep trenches near bus stop in Thane. Multiple bikers injured yesterday during evening drizzle. Urgent repairs requested. #RoadHazards #Thane,Twitter/X Public Archive,4,1,1,#RoadHazards;#PotholeCrisis;#ThaneRoads,potholes
MAHA_SOC_00609,2021-03-18 04:28:00,Mumbai,Deep trenches near bus stop in Mumbai. Multiple bikers injured yesterday during evening drizzle. Urgent repairs requested. #RoadHazards #Mumbai,Twitter/X Public Archive,2,2,6,#RoadHazards;#PotholeCrisis;#MumbaiRoads,potholes
MAHA_SOC_00610,2021-10-16 06:56:00,Pune,Dangerous black spot identified on Pune ghat section. Multiple heavy trucks overturned this month. Where are crash barriers? #BlackSpot #HighwaySafety,Twitter/X Public Archive,44,11,0,#BlackSpot;#HighwaySafety;#PuneGhat,black_spot
MAHA_SOC_00611,2022-10-31 23:48:00,Thane,Illegal road digging and open gravel left unattended on Thane main avenue. Two-wheelers constantly slipping. #TwoWheelerSafety #ThaneCivic,Twitter/X Public Archive,6,7,6,#TwoWheelerSafety;#RoadHazard;#CivicNegligence,road_hazards
MAHA_SOC_00612,2023-04-22 18:28:00,Nagpur,Massive potholes on Nagpur road near the main flyover. Commuters risking lives every day! @trafficpolice #PotholeAlert #RoadSafety,Citizen Grievance Portal,38,0,1,#PotholeAlert;#RoadSafety;#NagpurTraffic,potholes
MAHA_SOC_00613,2021-09-01 13:30:00,Nagpur,No pedestrian zebra crossing or foot overbridge near school on Nagpur road. High risk for children crossing highway! #PedestrianSafety #Nagpur,Twitter/X Public Archive,14,2,1,#PedestrianSafety;#SafeStreets;#ChildrenSafety,pedestrian_safety
MAHA_SOC_00614,2021-02-17 03:56:00,Pune,Illegal road digging and open gravel left unattended on Pune main avenue. Two-wheelers constantly slipping. #TwoWheelerSafety #PuneCivic,Twitter/X Public Archive,2,7,0,#TwoWheelerSafety;#RoadHazard;#CivicNegligence,road_hazards
MAHA_SOC_00615,2022-05-31 19:58:00,Satara,No pedestrian zebra crossing or foot overbridge near school on Satara road. High risk for children crossing highway! #PedestrianSafety #Satara,Twitter/X Public Archive,15,4,1,#PedestrianSafety;#SafeStreets;#ChildrenSafety,pedestrian_safety
MAHA_SOC_00616,2023-10-13 09:06:00,Nagpur,Dangerous black spot identified on Nagpur ghat section. Multiple heavy trucks overturned this month. Where are crash barriers? #BlackSpot #HighwaySafety,Citizen Grievance Portal,31,12,2,#BlackSpot;#HighwaySafety;#NagpurGhat,black_spot
MAHA_SOC_00617,2023-02-25 13:05:00,Nashik,Dangerous black spot identified on Nashik ghat section. Multiple heavy trucks overturned this month. Where are crash barriers? #BlackSpot #HighwaySafety,Twitter/X Public Archive,62,16,1,#BlackSpot;#HighwaySafety;#NashikGhat,black_spot
MAHA_SOC_00618,2021-12-02 19:25:00,Thane,Deep trenches near bus stop in Thane. Multiple bikers injured yesterday during evening drizzle. Urgent repairs requested. #RoadHazards #Thane,Twitter/X Public Archive,11,13,11,#RoadHazards;#PotholeCrisis;#ThaneRoads,potholes
MAHA_SOC_00619,2022-02-20 20:39:00,Nashik,Traffic signals completely dead at major four-way junction in Nashik. Continuous chaos and minor fender benders. #SignalFailure #Nashik,Citizen Grievance Portal,12,0,6,#SignalFailure;#TrafficJam;#CivicIssue,signal_failure
MAHA_SOC_00620,2022-10-18 06:02:00,Mumbai,"Streetlights non-functional for past 2 weeks on Mumbai outer ring road. Zero visibility at night, high risk of head-on collisions. #DarkRoads #Mumbai",Twitter/X Public Archive,9,4,0,#DarkRoads;#Streetlights;#CivicFailure,lighting
MAHA_SOC_00621,2022-09-16 18:22:00,Mumbai,Heavy waterlogging after heavy rain on Mumbai highway junction. Vehicles skidding and traffic halted for hours. #MonsoonTraffic #MumbaiFloods,Citizen Grievance Portal,8,0,2,#MonsoonTraffic;#MumbaiFloods;#RoadSafety,waterlogging
MAHA_SOC_00622,2021-10-17 17:55:00,Nashik,Traffic signals completely dead at major four-way junction in Nashik. Continuous chaos and minor fender benders. #SignalFailure #Nashik,Citizen Grievance Portal,9,0,3,#SignalFailure;#TrafficJam;#CivicIssue,signal_failure
MAHA_SOC_00623,2022-11-19 12:55:00,Satara,Speed limit 80kmph completely ignored on Satara expressway. Reckless lane cutting by intercity buses. Need speed cameras! #HighwayWatch #Satara,Civic Forum / Facebook,12,7,3,#HighwayWatch;#SpeedLimit;#ExpresswaySafety,speeding
MAHA_SOC_00624,2021-09-18 08:32:00,Pune,Traffic signals completely dead at major four-way junction in Pune. Continuous chaos and minor fender benders. #SignalFailure #Pune,Twitter/X Public Archive,45,7,1,#SignalFailure;#TrafficJam;#CivicIssue,signal_failure
MAHA_SOC_00625,2023-05-21 02:37:00,Mumbai,No pedestrian zebra crossing or foot overbridge near school on Mumbai road. High risk for children crossing highway! #PedestrianSafety #Mumbai,Twitter/X Public Archive,16,6,0,#PedestrianSafety;#SafeStreets;#ChildrenSafety,pedestrian_safety
MAHA_SOC_00626,2022-11-22 15:13:00,Navi Mumbai,Vehicles driving on wrong side and over-speeding near Navi Mumbai bypass. Severe accident spot! Strict policing needed. #TrafficViolation #Navi Mumbai,Local News Feedback,3,6,4,#TrafficViolation;#Speeding;#Navi MumbaiPolice,speeding
MAHA_SOC_00627,2022-10-15 00:53:00,Nashik,Massive potholes on Nashik road near the main flyover. Commuters risking lives every day! @trafficpolice #PotholeAlert #RoadSafety,Twitter/X Public Archive,50,5,0,#PotholeAlert;#RoadSafety;#NashikTraffic,potholes
MAHA_SOC_00628,2023-04-21 11:18:00,Nagpur,Illegal road digging and open gravel left unattended on Nagpur main avenue. Two-wheelers constantly slipping. #TwoWheelerSafety #NagpurCivic,Twitter/X Public Archive,1,2,1,#TwoWheelerSafety;#RoadHazard;#CivicNegligence,road_hazards
MAHA_SOC_00629,2023-08-22 07:35:00,Mumbai,Dangerous black spot identified on Mumbai ghat section. Multiple heavy trucks overturned this month. Where are crash barriers? #BlackSpot #HighwaySafety,Civic Forum / Facebook,31,6,6,#BlackSpot;#HighwaySafety;#MumbaiGhat,black_spot
MAHA_SOC_00630,2023-10-12 15:42:00,Solapur,Traffic signals completely dead at major four-way junction in Solapur. Continuous chaos and minor fender benders. #SignalFailure #Solapur,Civic Forum / Facebook,0,0,0,#SignalFailure;#TrafficJam;#CivicIssue,signal_failure
MAHA_SOC_00631,2022-04-25 07:21:00,Mumbai,"Streetlights non-functional for past 2 weeks on Mumbai outer ring road. Zero visibility at night, high risk of head-on collisions. #DarkRoads #Mumbai",Civic Forum / Facebook,5,0,1,#DarkRoads;#Streetlights;#CivicFailure,lighting
MAHA_SOC_00632,2021-04-04 08:19:00,Pune,Speed limit 80kmph completely ignored on Pune expressway. Reckless lane cutting by intercity buses. Need speed cameras! #HighwayWatch #Pune,Local News Feedback,13,1,0,#HighwayWatch;#SpeedLimit;#ExpresswaySafety,speeding
MAHA_SOC_00633,2023-10-27 21:37:00,Pune,Dangerous black spot identified on Pune ghat section. Multiple heavy trucks overturned this month. Where are crash barriers? #BlackSpot #HighwaySafety,Twitter/X Public Archive,2,2,4,#BlackSpot;#HighwaySafety;#PuneGhat,black_spot
MAHA_SOC_00634,2022-06-28 19:29:00,Thane,Traffic signals completely dead at major four-way junction in Thane. Continuous chaos and minor fender benders. #SignalFailure #Thane,Citizen Grievance Portal,7,1,6,#SignalFailure;#TrafficJam;#CivicIssue,signal_failure
MAHA_SOC_00635,2023-08-12 18:13:00,Nagpur,Speed limit 80kmph completely ignored on Nagpur expressway. Reckless lane cutting by intercity buses. Need speed cameras! #HighwayWatch #Nagpur,Twitter/X Public Archive,23,5,5,#HighwayWatch;#SpeedLimit;#ExpresswaySafety,speeding
MAHA_SOC_00636,2022-07-06 11:05:00,Pune,Speed limit 80kmph completely ignored on Pune expressway. Reckless lane cutting by intercity buses. Need speed cameras! #HighwayWatch #Pune,Citizen Grievance Portal,15,0,5,#HighwayWatch;#SpeedLimit;#ExpresswaySafety,speeding
MAHA_SOC_00637,2023-09-10 16:02:00,Satara,Illegal road digging and open gravel left unattended on Satara main avenue. Two-wheelers constantly slipping. #TwoWheelerSafety #SataraCivic,Civic Forum / Facebook,16,3,0,#TwoWheelerSafety;#RoadHazard;#CivicNegligence,road_hazards
MAHA_SOC_00638,2021-04-09 16:41:00,Mumbai,Massive potholes on Mumbai road near the main flyover. Commuters risking lives every day! @trafficpolice #PotholeAlert #RoadSafety,Twitter/X Public Archive,6,0,1,#PotholeAlert;#RoadSafety;#MumbaiTraffic,potholes
MAHA_SOC_00639,2022-11-28 16:06:00,Kolhapur,Speed limit 80kmph completely ignored on Kolhapur expressway. Reckless lane cutting by intercity buses. Need speed cameras! #HighwayWatch #Kolhapur,Twitter/X Public Archive,24,3,0,#HighwayWatch;#SpeedLimit;#ExpresswaySafety,speeding
MAHA_SOC_00640,2021-07-18 02:42:00,Mumbai,Dangerous black spot identified on Mumbai ghat section. Multiple heavy trucks overturned this month. Where are crash barriers? #BlackSpot #HighwaySafety,Civic Forum / Facebook,1,8,11,#BlackSpot;#HighwaySafety;#MumbaiGhat,black_spot
MAHA_SOC_00641,2023-01-21 00:27:00,Pune,No pedestrian zebra crossing or foot overbridge near school on Pune road. High risk for children crossing highway! #PedestrianSafety #Pune,Twitter/X Public Archive,2,17,1,#PedestrianSafety;#SafeStreets;#ChildrenSafety,pedestrian_safety
MAHA_SOC_00642,2023-11-30 18:14:00,Pune,Massive potholes on Pune road near the main flyover. Commuters risking lives every day! @trafficpolice #PotholeAlert #RoadSafety,Civic Forum / Facebook,8,19,7,#PotholeAlert;#RoadSafety;#PuneTraffic,potholes
MAHA_SOC_00643,2022-01-04 19:04:00,Mumbai,Massive potholes on Mumbai road near the main flyover. Commuters risking lives every day! @trafficpolice #PotholeAlert #RoadSafety,Citizen Grievance Portal,17,4,2,#PotholeAlert;#RoadSafety;#MumbaiTraffic,potholes
MAHA_SOC_00644,2021-09-25 22:00:00,Navi Mumbai,Illegal road digging and open gravel left unattended on Navi Mumbai main avenue. Two-wheelers constantly slipping. #TwoWheelerSafety #Navi MumbaiCivic,Civic Forum / Facebook,16,3,7,#TwoWheelerSafety;#RoadHazard;#CivicNegligence,road_hazards
MAHA_SOC_00645,2021-07-05 13:42:00,Mumbai,Traffic signals completely dead at major four-way junction in Mumbai. Continuous chaos and minor fender benders. #SignalFailure #Mumbai,Twitter/X Public Archive,34,16,5,#SignalFailure;#TrafficJam;#CivicIssue,signal_failure
MAHA_SOC_00646,2022-04-14 02:23:00,Pune,No pedestrian zebra crossing or foot overbridge near school on Pune road. High risk for children crossing highway! #PedestrianSafety #Pune,Twitter/X Public Archive,49,0,3,#PedestrianSafety;#SafeStreets;#ChildrenSafety,pedestrian_safety
MAHA_SOC_00647,2021-03-22 18:53:00,Thane,Massive potholes on Thane road near the main flyover. Commuters risking lives every day! @trafficpolice #PotholeAlert #RoadSafety,Twitter/X Public Archive,0,4,0,#PotholeAlert;#RoadSafety;#ThaneTraffic,potholes
MAHA_SOC_00648,2021-06-11 01:01:00,Nagpur,"Streetlights non-functional for past 2 weeks on Nagpur outer ring road. Zero visibility at night, high risk of head-on collisions. #DarkRoads #Nagpur",Civic Forum / Facebook,25,14,6,#DarkRoads;#Streetlights;#CivicFailure,lighting
MAHA_SOC_00649,2021-10-09 03:37:00,Nashik,No pedestrian zebra crossing or foot overbridge near school on Nashik road. High risk for children crossing highway! #PedestrianSafety #Nashik,Civic Forum / Facebook,14,24,3,#PedestrianSafety;#SafeStreets;#ChildrenSafety,pedestrian_safety
MAHA_SOC_00650,2023-02-06 04:45:00,Nashik,"Streetlights non-functional for past 2 weeks on Nashik outer ring road. Zero visibility at night, high risk of head-on collisions. #DarkRoads #Nashik",Twitter/X Public Archive,15,5,4,#DarkRoads;#Streetlights;#CivicFailure,lighting
MAHA_SOC_00651,2023-12-21 02:08:00,Pune,No pedestrian zebra crossing or foot overbridge near school on Pune road. High risk for children crossing highway! #PedestrianSafety #Pune,Citizen Grievance Portal,16,1,1,#PedestrianSafety;#SafeStreets;#ChildrenSafety,pedestrian_safety
MAHA_SOC_00652,2023-01-05 11:18:00,Pune,No pedestrian zebra crossing or foot overbridge near school on Pune road. High risk for children crossing highway! #PedestrianSafety #Pune,Local News Feedback,38,11,14,#PedestrianSafety;#SafeStreets;#ChildrenSafety,pedestrian_safety
MAHA_SOC_00653,2021-01-04 21:54:00,Nagpur,Illegal road digging and open gravel left unattended on Nagpur main avenue. Two-wheelers constantly slipping. #TwoWheelerSafety #NagpurCivic,Twitter/X Public Archive,9,7,4,#TwoWheelerSafety;#RoadHazard;#CivicNegligence,road_hazards
MAHA_SOC_00654,2021-11-11 10:33:00,Mumbai,Dangerous black spot identified on Mumbai ghat section. Multiple heavy trucks overturned this month. Where are crash barriers? #BlackSpot #HighwaySafety,Twitter/X Public Archive,10,0,2,#BlackSpot;#HighwaySafety;#MumbaiGhat,black_spot
MAHA_SOC_00655,2023-11-02 23:13:00,Mumbai,Speed limit 80kmph completely ignored on Mumbai expressway. Reckless lane cutting by intercity buses. Need speed cameras! #HighwayWatch #Mumbai,Local News Feedback,0,17,0,#HighwayWatch;#SpeedLimit;#ExpresswaySafety,speeding
MAHA_SOC_00656,2022-03-21 12:11:00,Ahmednagar,Traffic signals completely dead at major four-way junction in Ahmednagar. Continuous chaos and minor fender benders. #SignalFailure #Ahmednagar,Twitter/X Public Archive,34,0,1,#SignalFailure;#TrafficJam;#CivicIssue,signal_failure
MAHA_SOC_00657,2022-07-30 02:36:00,Aurangabad,Traffic signals completely dead at major four-way junction in Aurangabad. Continuous chaos and minor fender benders. #SignalFailure #Aurangabad,Twitter/X Public Archive,6,5,1,#SignalFailure;#TrafficJam;#CivicIssue,signal_failure
MAHA_SOC_00658,2021-02-15 00:28:00,Ahmednagar,Illegal road digging and open gravel left unattended on Ahmednagar main avenue. Two-wheelers constantly slipping. #TwoWheelerSafety #AhmednagarCivic,Twitter/X Public Archive,11,3,6,#TwoWheelerSafety;#RoadHazard;#CivicNegligence,road_hazards
MAHA_SOC_00659,2021-06-16 17:17:00,Nagpur,Heavy waterlogging after heavy rain on Nagpur highway junction. Vehicles skidding and traffic halted for hours. #MonsoonTraffic #NagpurFloods,Twitter/X Public Archive,9,2,2,#MonsoonTraffic;#NagpurFloods;#RoadSafety,waterlogging
MAHA_SOC_00660,2023-12-22 03:30:00,Nashik,Dangerous black spot identified on Nashik ghat section. Multiple heavy trucks overturned this month. Where are crash barriers? #BlackSpot #HighwaySafety,Twitter/X Public Archive,1,0,2,#BlackSpot;#HighwaySafety;#NashikGhat,black_spot
MAHA_SOC_00661,2022-12-07 22:50:00,Pune,Speed limit 80kmph completely ignored on Pune expressway. Reckless lane cutting by intercity buses. Need speed cameras! #HighwayWatch #Pune,Local News Feedback,1,10,2,#HighwayWatch;#SpeedLimit;#ExpresswaySafety,speeding
MAHA_SOC_00662,2022-01-01 07:47:00,Nashik,Deep trenches near bus stop in Nashik. Multiple bikers injured yesterday during evening drizzle. Urgent repairs requested. #RoadHazards #Nashik,Twitter/X Public Archive,12,1,14,#RoadHazards;#PotholeCrisis;#NashikRoads,potholes
MAHA_SOC_00663,2023-03-27 10:12:00,Nagpur,Illegal road digging and open gravel left unattended on Nagpur main avenue. Two-wheelers constantly slipping. #TwoWheelerSafety #NagpurCivic,Twitter/X Public Archive,1,0,8,#TwoWheelerSafety;#RoadHazard;#CivicNegligence,road_hazards
MAHA_SOC_00664,2021-10-02 23:44:00,Mumbai,No pedestrian zebra crossing or foot overbridge near school on Mumbai road. High risk for children crossing highway! #PedestrianSafety #Mumbai,Twitter/X Public Archive,0,1,0,#PedestrianSafety;#SafeStreets;#ChildrenSafety,pedestrian_safety
MAHA_SOC_00665,2022-07-30 19:02:00,Nagpur,Traffic signals completely dead at major four-way junction in Nagpur. Continuous chaos and minor fender benders. #SignalFailure #Nagpur,Twitter/X Public Archive,10,16,1,#SignalFailure;#TrafficJam;#CivicIssue,signal_failure
MAHA_SOC_00666,2022-11-27 12:05:00,Mumbai,Dangerous black spot identified on Mumbai ghat section. Multiple heavy trucks overturned this month. Where are crash barriers? #BlackSpot #HighwaySafety,Twitter/X Public Archive,23,8,10,#BlackSpot;#HighwaySafety;#MumbaiGhat,black_spot
MAHA_SOC_00667,2021-11-07 19:05:00,Thane,"Streetlights non-functional for past 2 weeks on Thane outer ring road. Zero visibility at night, high risk of head-on collisions. #DarkRoads #Thane",Citizen Grievance Portal,5,0,10,#DarkRoads;#Streetlights;#CivicFailure,lighting
MAHA_SOC_00668,2022-03-02 06:44:00,Thane,"Streetlights non-functional for past 2 weeks on Thane outer ring road. Zero visibility at night, high risk of head-on collisions. #DarkRoads #Thane",Twitter/X Public Archive,28,3,8,#DarkRoads;#Streetlights;#CivicFailure,lighting
MAHA_SOC_00669,2021-09-15 08:59:00,Pune,"Streetlights non-functional for past 2 weeks on Pune outer ring road. Zero visibility at night, high risk of head-on collisions. #DarkRoads #Pune",Civic Forum / Facebook,23,8,0,#DarkRoads;#Streetlights;#CivicFailure,lighting
MAHA_SOC_00670,2021-11-29 20:47:00,Thane,Deep trenches near bus stop in Thane. Multiple bikers injured yesterday during evening drizzle. Urgent repairs requested. #RoadHazards #Thane,Twitter/X Public Archive,26,17,1,#RoadHazards;#PotholeCrisis;#ThaneRoads,potholes
MAHA_SOC_00671,2022-06-22 13:18:00,Thane,"Streetlights non-functional for past 2 weeks on Thane outer ring road. Zero visibility at night, high risk of head-on collisions. #DarkRoads #Thane",Twitter/X Public Archive,5,11,5,#DarkRoads;#Streetlights;#CivicFailure,lighting
MAHA_SOC_00672,2023-03-10 02:04:00,Pune,Deep trenches near bus stop in Pune. Multiple bikers injured yesterday during evening drizzle. Urgent repairs requested. #RoadHazards #Pune,Twitter/X Public Archive,5,0,0,#RoadHazards;#PotholeCrisis;#PuneRoads,potholes
MAHA_SOC_00673,2021-01-17 04:22:00,Nashik,Speed limit 80kmph completely ignored on Nashik expressway. Reckless lane cutting by intercity buses. Need speed cameras! #HighwayWatch #Nashik,Local News Feedback,16,4,1,#HighwayWatch;#SpeedLimit;#ExpresswaySafety,speeding
MAHA_SOC_00674,2023-06-08 00:20:00,Aurangabad,"Streetlights non-functional for past 2 weeks on Aurangabad outer ring road. Zero visibility at night, high risk of head-on collisions. #DarkRoads #Aurangabad",Twitter/X Public Archive,21,12,1,#DarkRoads;#Streetlights;#CivicFailure,lighting
MAHA_SOC_00675,2022-07-21 00:02:00,Pune,Vehicles driving on wrong side and over-speeding near Pune bypass. Severe accident spot! Strict policing needed. #TrafficViolation #Pune,Twitter/X Public Archive,2,0,0,#TrafficViolation;#Speeding;#PunePolice,speeding
MAHA_SOC_00676,2021-09-03 21:27:00,Mumbai,Deep trenches near bus stop in Mumbai. Multiple bikers injured yesterday during evening drizzle. Urgent repairs requested. #RoadHazards #Mumbai,Civic Forum / Facebook,14,1,1,#RoadHazards;#PotholeCrisis;#MumbaiRoads,potholes
MAHA_SOC_00677,2021-10-23 01:57:00,Nagpur,No pedestrian zebra crossing or foot overbridge near school on Nagpur road. High risk for children crossing highway! #PedestrianSafety #Nagpur,Twitter/X Public Archive,3,17,9,#PedestrianSafety;#SafeStreets;#ChildrenSafety,pedestrian_safety
MAHA_SOC_00678,2023-09-24 02:56:00,Nagpur,Traffic signals completely dead at major four-way junction in Nagpur. Continuous chaos and minor fender benders. #SignalFailure #Nagpur,Twitter/X Public Archive,28,4,0,#SignalFailure;#TrafficJam;#CivicIssue,signal_failure
MAHA_SOC_00679,2021-08-29 22:05:00,Thane,No pedestrian zebra crossing or foot overbridge near school on Thane road. High risk for children crossing highway! #PedestrianSafety #Thane,Twitter/X Public Archive,15,1,8,#PedestrianSafety;#SafeStreets;#ChildrenSafety,pedestrian_safety
MAHA_SOC_00680,2022-12-31 14:58:00,Pune,Traffic signals completely dead at major four-way junction in Pune. Continuous chaos and minor fender benders. #SignalFailure #Pune,Local News Feedback,6,1,6,#SignalFailure;#TrafficJam;#CivicIssue,signal_failure
MAHA_SOC_00681,2021-07-26 04:32:00,Navi Mumbai,Illegal road digging and open gravel left unattended on Navi Mumbai main avenue. Two-wheelers constantly slipping. #TwoWheelerSafety #Navi MumbaiCivic,Local News Feedback,13,7,0,#TwoWheelerSafety;#RoadHazard;#CivicNegligence,road_hazards
MAHA_SOC_00682,2023-05-13 18:10:00,Nagpur,Dangerous black spot identified on Nagpur ghat section. Multiple heavy trucks overturned this month. Where are crash barriers? #BlackSpot #HighwaySafety,Civic Forum / Facebook,0,7,3,#BlackSpot;#HighwaySafety;#NagpurGhat,black_spot
MAHA_SOC_00683,2022-10-09 14:05:00,Aurangabad,Speed limit 80kmph completely ignored on Aurangabad expressway. Reckless lane cutting by intercity buses. Need speed cameras! #HighwayWatch #Aurangabad,Twitter/X Public Archive,0,0,16,#HighwayWatch;#SpeedLimit;#ExpresswaySafety,speeding
MAHA_SOC_00684,2021-09-22 11:22:00,Thane,Heavy waterlogging after heavy rain on Thane highway junction. Vehicles skidding and traffic halted for hours. #MonsoonTraffic #ThaneFloods,Twitter/X Public Archive,3,2,4,#MonsoonTraffic;#ThaneFloods;#RoadSafety,waterlogging
MAHA_SOC_00685,2021-05-30 18:04:00,Thane,Speed limit 80kmph completely ignored on Thane expressway. Reckless lane cutting by intercity buses. Need speed cameras! #HighwayWatch #Thane,Twitter/X Public Archive,44,3,1,#HighwayWatch;#SpeedLimit;#ExpresswaySafety,speeding
MAHA_SOC_00686,2022-02-02 08:11:00,Thane,Speed limit 80kmph completely ignored on Thane expressway. Reckless lane cutting by intercity buses. Need speed cameras! #HighwayWatch #Thane,Twitter/X Public Archive,73,0,7,#HighwayWatch;#SpeedLimit;#ExpresswaySafety,speeding
MAHA_SOC_00687,2021-02-16 21:21:00,Mumbai,Speed limit 80kmph completely ignored on Mumbai expressway. Reckless lane cutting by intercity buses. Need speed cameras! #HighwayWatch #Mumbai,Twitter/X Public Archive,13,11,4,#HighwayWatch;#SpeedLimit;#ExpresswaySafety,speeding
MAHA_SOC_00688,2021-07-28 19:16:00,Mumbai,Massive potholes on Mumbai road near the main flyover. Commuters risking lives every day! @trafficpolice #PotholeAlert #RoadSafety,Twitter/X Public Archive,12,1,8,#PotholeAlert;#RoadSafety;#MumbaiTraffic,potholes
MAHA_SOC_00689,2021-10-28 11:22:00,Mumbai,Massive potholes on Mumbai road near the main flyover. Commuters risking lives every day! @trafficpolice #PotholeAlert #RoadSafety,Twitter/X Public Archive,25,1,0,#PotholeAlert;#RoadSafety;#MumbaiTraffic,potholes
MAHA_SOC_00690,2023-05-03 11:26:00,Aurangabad,Illegal road digging and open gravel left unattended on Aurangabad main avenue. Two-wheelers constantly slipping. #TwoWheelerSafety #AurangabadCivic,Civic Forum / Facebook,24,1,1,#TwoWheelerSafety;#RoadHazard;#CivicNegligence,road_hazards
MAHA_SOC_00691,2021-07-28 01:51:00,Thane,Heavy waterlogging after heavy rain on Thane highway junction. Vehicles skidding and traffic halted for hours. #MonsoonTraffic #ThaneFloods,Local News Feedback,4,1,3,#MonsoonTraffic;#ThaneFloods;#RoadSafety,waterlogging
MAHA_SOC_00692,2022-04-19 11:08:00,Kolhapur,Dangerous black spot identified on Kolhapur ghat section. Multiple heavy trucks overturned this month. Where are crash barriers? #BlackSpot #HighwaySafety,Civic Forum / Facebook,8,14,3,#BlackSpot;#HighwaySafety;#KolhapurGhat,black_spot
MAHA_SOC_00693,2022-01-29 02:42:00,Nashik,Dangerous black spot identified on Nashik ghat section. Multiple heavy trucks overturned this month. Where are crash barriers? #BlackSpot #HighwaySafety,Twitter/X Public Archive,18,2,13,#BlackSpot;#HighwaySafety;#NashikGhat,black_spot
MAHA_SOC_00694,2023-12-14 08:10:00,Nagpur,Dangerous black spot identified on Nagpur ghat section. Multiple heavy trucks overturned this month. Where are crash barriers? #BlackSpot #HighwaySafety,Twitter/X Public Archive,2,0,2,#BlackSpot;#HighwaySafety;#NagpurGhat,black_spot
MAHA_SOC_00695,2022-11-09 13:50:00,Mumbai,Dangerous black spot identified on Mumbai ghat section. Multiple heavy trucks overturned this month. Where are crash barriers? #BlackSpot #HighwaySafety,Twitter/X Public Archive,19,8,1,#BlackSpot;#HighwaySafety;#MumbaiGhat,black_spot
MAHA_SOC_00696,2021-04-18 10:25:00,Thane,Deep trenches near bus stop in Thane. Multiple bikers injured yesterday during evening drizzle. Urgent repairs requested. #RoadHazards #Thane,Twitter/X Public Archive,26,8,0,#RoadHazards;#PotholeCrisis;#ThaneRoads,potholes
MAHA_SOC_00697,2022-04-07 17:12:00,Solapur,No pedestrian zebra crossing or foot overbridge near school on Solapur road. High risk for children crossing highway! #PedestrianSafety #Solapur,Twitter/X Public Archive,4,6,1,#PedestrianSafety;#SafeStreets;#ChildrenSafety,pedestrian_safety
MAHA_SOC_00698,2023-08-01 06:49:00,Thane,Speed limit 80kmph completely ignored on Thane expressway. Reckless lane cutting by intercity buses. Need speed cameras! #HighwayWatch #Thane,Twitter/X Public Archive,92,3,3,#HighwayWatch;#SpeedLimit;#ExpresswaySafety,speeding
MAHA_SOC_00699,2021-01-16 08:11:00,Pune,"Streetlights non-functional for past 2 weeks on Pune outer ring road. Zero visibility at night, high risk of head-on collisions. #DarkRoads #Pune",Twitter/X Public Archive,31,1,1,#DarkRoads;#Streetlights;#CivicFailure,lighting
MAHA_SOC_00700,2021-08-26 04:45:00,Aurangabad,Heavy waterlogging after heavy rain on Aurangabad highway junction. Vehicles skidding and traffic halted for hours. #MonsoonTraffic #AurangabadFloods,Twitter/X Public Archive,53,2,4,#MonsoonTraffic;#AurangabadFloods;#RoadSafety,waterlogging
MAHA_SOC_00701,2021-02-03 17:12:00,Pune,Traffic signals completely dead at major four-way junction in Pune. Continuous chaos and minor fender benders. #SignalFailure #Pune,Citizen Grievance Portal,6,3,3,#SignalFailure;#TrafficJam;#CivicIssue,signal_failure
MAHA_SOC_00702,2023-05-02 17:25:00,Nashik,Dangerous black spot identified on Nashik ghat section. Multiple heavy trucks overturned this month. Where are crash barriers? #BlackSpot #HighwaySafety,Twitter/X Public Archive,13,16,0,#BlackSpot;#HighwaySafety;#NashikGhat,black_spot
MAHA_SOC_00703,2021-12-05 10:19:00,Aurangabad,Traffic signals completely dead at major four-way junction in Aurangabad. Continuous chaos and minor fender benders. #SignalFailure #Aurangabad,Civic Forum / Facebook,39,32,3,#SignalFailure;#TrafficJam;#CivicIssue,signal_failure
MAHA_SOC_00704,2022-02-26 18:52:00,Mumbai,Illegal road digging and open gravel left unattended on Mumbai main avenue. Two-wheelers constantly slipping. #TwoWheelerSafety #MumbaiCivic,Twitter/X Public Archive,14,4,0,#TwoWheelerSafety;#RoadHazard;#CivicNegligence,road_hazards
MAHA_SOC_00705,2021-07-05 11:26:00,Aurangabad,Massive potholes on Aurangabad road near the main flyover. Commuters risking lives every day! @trafficpolice #PotholeAlert #RoadSafety,Citizen Grievance Portal,69,1,0,#PotholeAlert;#RoadSafety;#AurangabadTraffic,potholes
MAHA_SOC_00706,2022-08-20 22:44:00,Thane,Speed limit 80kmph completely ignored on Thane expressway. Reckless lane cutting by intercity buses. Need speed cameras! #HighwayWatch #Thane,Twitter/X Public Archive,9,3,6,#HighwayWatch;#SpeedLimit;#ExpresswaySafety,speeding
MAHA_SOC_00707,2023-05-07 14:31:00,Mumbai,Heavy waterlogging after heavy rain on Mumbai highway junction. Vehicles skidding and traffic halted for hours. #MonsoonTraffic #MumbaiFloods,Civic Forum / Facebook,39,7,15,#MonsoonTraffic;#MumbaiFloods;#RoadSafety,waterlogging
MAHA_SOC_00708,2022-07-12 11:49:00,Nashik,Speed limit 80kmph completely ignored on Nashik expressway. Reckless lane cutting by intercity buses. Need speed cameras! #HighwayWatch #Nashik,Citizen Grievance Portal,21,18,1,#HighwayWatch;#SpeedLimit;#ExpresswaySafety,speeding
MAHA_SOC_00709,2023-04-10 12:38:00,Mumbai,No pedestrian zebra crossing or foot overbridge near school on Mumbai road. High risk for children crossing highway! #PedestrianSafety #Mumbai,Twitter/X Public Archive,4,3,8,#PedestrianSafety;#SafeStreets;#ChildrenSafety,pedestrian_safety
MAHA_SOC_00710,2023-08-28 09:43:00,Mumbai,Speed limit 80kmph completely ignored on Mumbai expressway. Reckless lane cutting by intercity buses. Need speed cameras! #HighwayWatch #Mumbai,Twitter/X Public Archive,2,10,11,#HighwayWatch;#SpeedLimit;#ExpresswaySafety,speeding
MAHA_SOC_00711,2022-10-19 20:58:00,Pune,Illegal road digging and open gravel left unattended on Pune main avenue. Two-wheelers constantly slipping. #TwoWheelerSafety #PuneCivic,Twitter/X Public Archive,47,2,3,#TwoWheelerSafety;#RoadHazard;#CivicNegligence,road_hazards
MAHA_SOC_00712,2023-05-31 22:40:00,Thane,Vehicles driving on wrong side and over-speeding near Thane bypass. Severe accident spot! Strict policing needed. #TrafficViolation #Thane,Twitter/X Public Archive,8,0,10,#TrafficViolation;#Speeding;#ThanePolice,speeding
MAHA_SOC_00713,2023-05-20 05:54:00,Mumbai,Traffic signals completely dead at major four-way junction in Mumbai. Continuous chaos and minor fender benders. #SignalFailure #Mumbai,Twitter/X Public Archive,6,10,9,#SignalFailure;#TrafficJam;#CivicIssue,signal_failure
MAHA_SOC_00714,2021-09-25 05:43:00,Solapur,Deep trenches near bus stop in Solapur. Multiple bikers injured yesterday during evening drizzle. Urgent repairs requested. #RoadHazards #Solapur,Twitter/X Public Archive,2,2,2,#RoadHazards;#PotholeCrisis;#SolapurRoads,potholes
MAHA_SOC_00715,2023-03-02 07:48:00,Kolhapur,"Streetlights non-functional for past 2 weeks on Kolhapur outer ring road. Zero visibility at night, high risk of head-on collisions. #DarkRoads #Kolhapur",Citizen Grievance Portal,11,31,5,#DarkRoads;#Streetlights;#CivicFailure,lighting
MAHA_SOC_00716,2022-11-22 03:39:00,Nagpur,No pedestrian zebra crossing or foot overbridge near school on Nagpur road. High risk for children crossing highway! #PedestrianSafety #Nagpur,Civic Forum / Facebook,11,3,0,#PedestrianSafety;#SafeStreets;#ChildrenSafety,pedestrian_safety
MAHA_SOC_00717,2021-07-27 18:27:00,Thane,Speed limit 80kmph completely ignored on Thane expressway. Reckless lane cutting by intercity buses. Need speed cameras! #HighwayWatch #Thane,Civic Forum / Facebook,3,3,11,#HighwayWatch;#SpeedLimit;#ExpresswaySafety,speeding
MAHA_SOC_00718,2023-09-10 05:27:00,Nashik,Vehicles driving on wrong side and over-speeding near Nashik bypass. Severe accident spot! Strict policing needed. #TrafficViolation #Nashik,Twitter/X Public Archive,7,1,0,#TrafficViolation;#Speeding;#NashikPolice,speeding
MAHA_SOC_00719,2021-01-13 00:58:00,Nagpur,Dangerous black spot identified on Nagpur ghat section. Multiple heavy trucks overturned this month. Where are crash barriers? #BlackSpot #HighwaySafety,Twitter/X Public Archive,5,2,13,#BlackSpot;#HighwaySafety;#NagpurGhat,black_spot
MAHA_SOC_00720,2022-11-12 18:30:00,Solapur,"Streetlights non-functional for past 2 weeks on Solapur outer ring road. Zero visibility at night, high risk of head-on collisions. #DarkRoads #Solapur",Citizen Grievance Portal,11,0,15,#DarkRoads;#Streetlights;#CivicFailure,lighting
MAHA_SOC_00721,2023-09-03 00:05:00,Nashik,No pedestrian zebra crossing or foot overbridge near school on Nashik road. High risk for children crossing highway! #PedestrianSafety #Nashik,Civic Forum / Facebook,44,3,1,#PedestrianSafety;#SafeStreets;#ChildrenSafety,pedestrian_safety
MAHA_SOC_00722,2021-01-03 01:52:00,Mumbai,Massive potholes on Mumbai road near the main flyover. Commuters risking lives every day! @trafficpolice #PotholeAlert #RoadSafety,Twitter/X Public Archive,1,7,6,#PotholeAlert;#RoadSafety;#MumbaiTraffic,potholes
MAHA_SOC_00723,2021-12-09 07:48:00,Pune,Traffic signals completely dead at major four-way junction in Pune. Continuous chaos and minor fender benders. #SignalFailure #Pune,Twitter/X Public Archive,11,2,0,#SignalFailure;#TrafficJam;#CivicIssue,signal_failure
MAHA_SOC_00724,2021-06-11 14:55:00,Nashik,"Streetlights non-functional for past 2 weeks on Nashik outer ring road. Zero visibility at night, high risk of head-on collisions. #DarkRoads #Nashik",Local News Feedback,28,8,1,#DarkRoads;#Streetlights;#CivicFailure,lighting
MAHA_SOC_00725,2021-01-02 18:03:00,Mumbai,Illegal road digging and open gravel left unattended on Mumbai main avenue. Two-wheelers constantly slipping. #TwoWheelerSafety #MumbaiCivic,Citizen Grievance Portal,1,2,8,#TwoWheelerSafety;#RoadHazard;#CivicNegligence,road_hazards
MAHA_SOC_00726,2022-01-30 10:24:00,Solapur,Heavy waterlogging after heavy rain on Solapur highway junction. Vehicles skidding and traffic halted for hours. #MonsoonTraffic #SolapurFloods,Local News Feedback,3,2,0,#MonsoonTraffic;#SolapurFloods;#RoadSafety,waterlogging
MAHA_SOC_00727,2021-10-22 02:57:00,Mumbai,Traffic signals completely dead at major four-way junction in Mumbai. Continuous chaos and minor fender benders. #SignalFailure #Mumbai,Civic Forum / Facebook,20,1,5,#SignalFailure;#TrafficJam;#CivicIssue,signal_failure
MAHA_SOC_00728,2023-11-13 08:29:00,Aurangabad,"Streetlights non-functional for past 2 weeks on Aurangabad outer ring road. Zero visibility at night, high risk of head-on collisions. #DarkRoads #Aurangabad",Local News Feedback,19,1,0,#DarkRoads;#Streetlights;#CivicFailure,lighting
MAHA_SOC_00729,2023-06-24 01:56:00,Solapur,Vehicles driving on wrong side and over-speeding near Solapur bypass. Severe accident spot! Strict policing needed. #TrafficViolation #Solapur,Citizen Grievance Portal,3,8,0,#TrafficViolation;#Speeding;#SolapurPolice,speeding
MAHA_SOC_00730,2023-03-07 13:19:00,Mumbai,"Streetlights non-functional for past 2 weeks on Mumbai outer ring road. Zero visibility at night, high risk of head-on collisions. #DarkRoads #Mumbai",Twitter/X Public Archive,71,15,4,#DarkRoads;#Streetlights;#CivicFailure,lighting
MAHA_SOC_00731,2023-12-03 22:35:00,Pune,Traffic signals completely dead at major four-way junction in Pune. Continuous chaos and minor fender benders. #SignalFailure #Pune,Local News Feedback,21,11,7,#SignalFailure;#TrafficJam;#CivicIssue,signal_failure
MAHA_SOC_00732,2023-04-04 00:49:00,Mumbai,Deep trenches near bus stop in Mumbai. Multiple bikers injured yesterday during evening drizzle. Urgent repairs requested. #RoadHazards #Mumbai,Citizen Grievance Portal,13,13,1,#RoadHazards;#PotholeCrisis;#MumbaiRoads,potholes
MAHA_SOC_00733,2021-11-08 08:30:00,Pune,Heavy waterlogging after heavy rain on Pune highway junction. Vehicles skidding and traffic halted for hours. #MonsoonTraffic #PuneFloods,Twitter/X Public Archive,46,2,0,#MonsoonTraffic;#PuneFloods;#RoadSafety,waterlogging
MAHA_SOC_00734,2022-04-15 08:24:00,Mumbai,Traffic signals completely dead at major four-way junction in Mumbai. Continuous chaos and minor fender benders. #SignalFailure #Mumbai,Twitter/X Public Archive,3,8,3,#SignalFailure;#TrafficJam;#CivicIssue,signal_failure
MAHA_SOC_00735,2022-12-01 09:31:00,Mumbai,Vehicles driving on wrong side and over-speeding near Mumbai bypass. Severe accident spot! Strict policing needed. #TrafficViolation #Mumbai,Civic Forum / Facebook,24,1,1,#TrafficViolation;#Speeding;#MumbaiPolice,speeding
MAHA_SOC_00736,2022-05-24 08:56:00,Mumbai,Heavy waterlogging after heavy rain on Mumbai highway junction. Vehicles skidding and traffic halted for hours. #MonsoonTraffic #MumbaiFloods,Citizen Grievance Portal,14,12,0,#MonsoonTraffic;#MumbaiFloods;#RoadSafety,waterlogging
MAHA_SOC_00737,2021-08-17 05:26:00,Thane,Heavy waterlogging after heavy rain on Thane highway junction. Vehicles skidding and traffic halted for hours. #MonsoonTraffic #ThaneFloods,Citizen Grievance Portal,6,3,0,#MonsoonTraffic;#ThaneFloods;#RoadSafety,waterlogging
MAHA_SOC_00738,2023-03-20 21:08:00,Pune,Illegal road digging and open gravel left unattended on Pune main avenue. Two-wheelers constantly slipping. #TwoWheelerSafety #PuneCivic,Twitter/X Public Archive,0,9,3,#TwoWheelerSafety;#RoadHazard;#CivicNegligence,road_hazards
MAHA_SOC_00739,2022-10-24 01:27:00,Solapur,Deep trenches near bus stop in Solapur. Multiple bikers injured yesterday during evening drizzle. Urgent repairs requested. #RoadHazards #Solapur,Citizen Grievance Portal,21,11,6,#RoadHazards;#PotholeCrisis;#SolapurRoads,potholes
MAHA_SOC_00740,2023-07-30 03:40:00,Solapur,Heavy waterlogging after heavy rain on Solapur highway junction. Vehicles skidding and traffic halted for hours. #MonsoonTraffic #SolapurFloods,Citizen Grievance Portal,45,1,0,#MonsoonTraffic;#SolapurFloods;#RoadSafety,waterlogging
MAHA_SOC_00741,2023-12-10 22:02:00,Pune,"Streetlights non-functional for past 2 weeks on Pune outer ring road. Zero visibility at night, high risk of head-on collisions. #DarkRoads #Pune",Civic Forum / Facebook,12,2,1,#DarkRoads;#Streetlights;#CivicFailure,lighting
MAHA_SOC_00742,2023-10-26 05:11:00,Thane,Illegal road digging and open gravel left unattended on Thane main avenue. Two-wheelers constantly slipping. #TwoWheelerSafety #ThaneCivic,Twitter/X Public Archive,46,0,9,#TwoWheelerSafety;#RoadHazard;#CivicNegligence,road_hazards
MAHA_SOC_00743,2023-12-09 19:33:00,Nagpur,Illegal road digging and open gravel left unattended on Nagpur main avenue. Two-wheelers constantly slipping. #TwoWheelerSafety #NagpurCivic,Twitter/X Public Archive,28,7,7,#TwoWheelerSafety;#RoadHazard;#CivicNegligence,road_hazards
MAHA_SOC_00744,2022-01-27 09:57:00,Thane,Dangerous black spot identified on Thane ghat section. Multiple heavy trucks overturned this month. Where are crash barriers? #BlackSpot #HighwaySafety,Citizen Grievance Portal,2,6,4,#BlackSpot;#HighwaySafety;#ThaneGhat,black_spot
MAHA_SOC_00745,2021-01-19 21:10:00,Pune,Dangerous black spot identified on Pune ghat section. Multiple heavy trucks overturned this month. Where are crash barriers? #BlackSpot #HighwaySafety,Civic Forum / Facebook,4,9,4,#BlackSpot;#HighwaySafety;#PuneGhat,black_spot
MAHA_SOC_00746,2022-04-06 13:10:00,Pune,No pedestrian zebra crossing or foot overbridge near school on Pune road. High risk for children crossing highway! #PedestrianSafety #Pune,Twitter/X Public Archive,71,4,1,#PedestrianSafety;#SafeStreets;#ChildrenSafety,pedestrian_safety
MAHA_SOC_00747,2022-04-18 23:10:00,Mumbai,Traffic signals completely dead at major four-way junction in Mumbai. Continuous chaos and minor fender benders. #SignalFailure #Mumbai,Twitter/X Public Archive,19,8,11,#SignalFailure;#TrafficJam;#CivicIssue,signal_failure
MAHA_SOC_00748,2021-03-13 12:57:00,Solapur,Traffic signals completely dead at major four-way junction in Solapur. Continuous chaos and minor fender benders. #SignalFailure #Solapur,Local News Feedback,78,2,11,#SignalFailure;#TrafficJam;#CivicIssue,signal_failure
MAHA_SOC_00749,2023-03-05 13:58:00,Solapur,Dangerous black spot identified on Solapur ghat section. Multiple heavy trucks overturned this month. Where are crash barriers? #BlackSpot #HighwaySafety,Twitter/X Public Archive,25,10,8,#BlackSpot;#HighwaySafety;#SolapurGhat,black_spot
MAHA_SOC_00750,2022-06-22 16:49:00,Mumbai,Dangerous black spot identified on Mumbai ghat section. Multiple heavy trucks overturned this month. Where are crash barriers? #BlackSpot #HighwaySafety,Twitter/X Public Archive,10,4,5,#BlackSpot;#HighwaySafety;#MumbaiGhat,black_spot
MAHA_SOC_00751,2023-08-19 14:06:00,Mumbai,Heavy waterlogging after heavy rain on Mumbai highway junction. Vehicles skidding and traffic halted for hours. #MonsoonTraffic #MumbaiFloods,Civic Forum / Facebook,27,2,1,#MonsoonTraffic;#MumbaiFloods;#RoadSafety,waterlogging
MAHA_SOC_00752,2022-07-17 04:44:00,Mumbai,Dangerous black spot identified on Mumbai ghat section. Multiple heavy trucks overturned this month. Where are crash barriers? #BlackSpot #HighwaySafety,Citizen Grievance Portal,14,8,2,#BlackSpot;#HighwaySafety;#MumbaiGhat,black_spot
MAHA_SOC_00753,2023-09-21 21:33:00,Nashik,Traffic signals completely dead at major four-way junction in Nashik. Continuous chaos and minor fender benders. #SignalFailure #Nashik,Twitter/X Public Archive,2,3,2,#SignalFailure;#TrafficJam;#CivicIssue,signal_failure
MAHA_SOC_00754,2022-01-31 02:20:00,Aurangabad,Massive potholes on Aurangabad road near the main flyover. Commuters risking lives every day! @trafficpolice #PotholeAlert #RoadSafety,Twitter/X Public Archive,15,6,2,#PotholeAlert;#RoadSafety;#AurangabadTraffic,potholes
MAHA_SOC_00755,2022-09-11 03:07:00,Mumbai,"Streetlights non-functional for past 2 weeks on Mumbai outer ring road. Zero visibility at night, high risk of head-on collisions. #DarkRoads #Mumbai",Twitter/X Public Archive,67,3,1,#DarkRoads;#Streetlights;#CivicFailure,lighting
MAHA_SOC_00756,2023-06-17 08:22:00,Pune,Illegal road digging and open gravel left unattended on Pune main avenue. Two-wheelers constantly slipping. #TwoWheelerSafety #PuneCivic,Civic Forum / Facebook,13,0,4,#TwoWheelerSafety;#RoadHazard;#CivicNegligence,road_hazards
MAHA_SOC_00757,2022-10-24 14:04:00,Mumbai,Deep trenches near bus stop in Mumbai. Multiple bikers injured yesterday during evening drizzle. Urgent repairs requested. #RoadHazards #Mumbai,Citizen Grievance Portal,34,0,2,#RoadHazards;#PotholeCrisis;#MumbaiRoads,potholes
MAHA_SOC_00758,2023-01-22 04:03:00,Nashik,"Streetlights non-functional for past 2 weeks on Nashik outer ring road. Zero visibility at night, high risk of head-on collisions. #DarkRoads #Nashik",Twitter/X Public Archive,12,16,1,#DarkRoads;#Streetlights;#CivicFailure,lighting
MAHA_SOC_00759,2021-07-15 04:35:00,Nashik,Speed limit 80kmph completely ignored on Nashik expressway. Reckless lane cutting by intercity buses. Need speed cameras! #HighwayWatch #Nashik,Citizen Grievance Portal,0,11,2,#HighwayWatch;#SpeedLimit;#ExpresswaySafety,speeding
MAHA_SOC_00760,2022-10-27 10:56:00,Pune,No pedestrian zebra crossing or foot overbridge near school on Pune road. High risk for children crossing highway! #PedestrianSafety #Pune,Citizen Grievance Portal,19,2,1,#PedestrianSafety;#SafeStreets;#ChildrenSafety,pedestrian_safety
MAHA_SOC_00761,2023-07-03 03:03:00,Pune,Massive potholes on Pune road near the main flyover. Commuters risking lives every day! @trafficpolice #PotholeAlert #RoadSafety,Citizen Grievance Portal,19,4,0,#PotholeAlert;#RoadSafety;#PuneTraffic,potholes
MAHA_SOC_00762,2023-11-06 04:10:00,Navi Mumbai,Traffic signals completely dead at major four-way junction in Navi Mumbai. Continuous chaos and minor fender benders. #SignalFailure #Navi Mumbai,Twitter/X Public Archive,11,12,1,#SignalFailure;#TrafficJam;#CivicIssue,signal_failure
MAHA_SOC_00763,2021-12-14 10:19:00,Mumbai,Dangerous black spot identified on Mumbai ghat section. Multiple heavy trucks overturned this month. Where are crash barriers? #BlackSpot #HighwaySafety,Twitter/X Public Archive,4,6,1,#BlackSpot;#HighwaySafety;#MumbaiGhat,black_spot
MAHA_SOC_00764,2023-01-11 04:00:00,Nashik,Traffic signals completely dead at major four-way junction in Nashik. Continuous chaos and minor fender benders. #SignalFailure #Nashik,Local News Feedback,5,8,11,#SignalFailure;#TrafficJam;#CivicIssue,signal_failure
MAHA_SOC_00765,2021-03-23 19:08:00,Mumbai,Massive potholes on Mumbai road near the main flyover. Commuters risking lives every day! @trafficpolice #PotholeAlert #RoadSafety,Citizen Grievance Portal,18,0,0,#PotholeAlert;#RoadSafety;#MumbaiTraffic,potholes
MAHA_SOC_00766,2022-06-26 01:46:00,Pune,No pedestrian zebra crossing or foot overbridge near school on Pune road. High risk for children crossing highway! #PedestrianSafety #Pune,Twitter/X Public Archive,32,7,1,#PedestrianSafety;#SafeStreets;#ChildrenSafety,pedestrian_safety
MAHA_SOC_00767,2022-06-01 15:30:00,Pune,Vehicles driving on wrong side and over-speeding near Pune bypass. Severe accident spot! Strict policing needed. #TrafficViolation #Pune,Twitter/X Public Archive,20,11,1,#TrafficViolation;#Speeding;#PunePolice,speeding
MAHA_SOC_00768,2022-06-06 11:12:00,Pune,Massive potholes on Pune road near the main flyover. Commuters risking lives every day! @trafficpolice #PotholeAlert #RoadSafety,Twitter/X Public Archive,8,3,1,#PotholeAlert;#RoadSafety;#PuneTraffic,potholes
MAHA_SOC_00769,2023-09-28 03:00:00,Solapur,Heavy waterlogging after heavy rain on Solapur highway junction. Vehicles skidding and traffic halted for hours. #MonsoonTraffic #SolapurFloods,Twitter/X Public Archive,19,1,3,#MonsoonTraffic;#SolapurFloods;#RoadSafety,waterlogging
MAHA_SOC_00770,2023-12-10 06:21:00,Mumbai,Illegal road digging and open gravel left unattended on Mumbai main avenue. Two-wheelers constantly slipping. #TwoWheelerSafety #MumbaiCivic,Twitter/X Public Archive,5,4,0,#TwoWheelerSafety;#RoadHazard;#CivicNegligence,road_hazards
MAHA_SOC_00771,2021-03-21 16:13:00,Kolhapur,No pedestrian zebra crossing or foot overbridge near school on Kolhapur road. High risk for children crossing highway! #PedestrianSafety #Kolhapur,Twitter/X Public Archive,9,5,1,#PedestrianSafety;#SafeStreets;#ChildrenSafety,pedestrian_safety
MAHA_SOC_00772,2022-06-13 00:51:00,Solapur,Illegal road digging and open gravel left unattended on Solapur main avenue. Two-wheelers constantly slipping. #TwoWheelerSafety #SolapurCivic,Citizen Grievance Portal,0,2,1,#TwoWheelerSafety;#RoadHazard;#CivicNegligence,road_hazards
MAHA_SOC_00773,2021-04-02 22:16:00,Nagpur,Dangerous black spot identified on Nagpur ghat section. Multiple heavy trucks overturned this month. Where are crash barriers? #BlackSpot #HighwaySafety,Twitter/X Public Archive,13,7,3,#BlackSpot;#HighwaySafety;#NagpurGhat,black_spot
MAHA_SOC_00774,2021-05-14 12:27:00,Pune,Heavy waterlogging after heavy rain on Pune highway junction. Vehicles skidding and traffic halted for hours. #MonsoonTraffic #PuneFloods,Twitter/X Public Archive,36,2,0,#MonsoonTraffic;#PuneFloods;#RoadSafety,waterlogging
MAHA_SOC_00775,2021-06-07 10:37:00,Nashik,Massive potholes on Nashik road near the main flyover. Commuters risking lives every day! @trafficpolice #PotholeAlert #RoadSafety,Twitter/X Public Archive,12,7,3,#PotholeAlert;#RoadSafety;#NashikTraffic,potholes
MAHA_SOC_00776,2023-09-27 02:09:00,Thane,Deep trenches near bus stop in Thane. Multiple bikers injured yesterday during evening drizzle. Urgent repairs requested. #RoadHazards #Thane,Civic Forum / Facebook,13,1,4,#RoadHazards;#PotholeCrisis;#ThaneRoads,potholes
MAHA_SOC_00777,2023-07-10 23:34:00,Thane,Traffic signals completely dead at major four-way junction in Thane. Continuous chaos and minor fender benders. #SignalFailure #Thane,Twitter/X Public Archive,1,11,0,#SignalFailure;#TrafficJam;#CivicIssue,signal_failure
MAHA_SOC_00778,2021-08-03 18:53:00,Pune,Heavy waterlogging after heavy rain on Pune highway junction. Vehicles skidding and traffic halted for hours. #MonsoonTraffic #PuneFloods,Twitter/X Public Archive,17,3,0,#MonsoonTraffic;#PuneFloods;#RoadSafety,waterlogging
MAHA_SOC_00779,2021-11-11 18:14:00,Nashik,Massive potholes on Nashik road near the main flyover. Commuters risking lives every day! @trafficpolice #PotholeAlert #RoadSafety,Citizen Grievance Portal,43,5,3,#PotholeAlert;#RoadSafety;#NashikTraffic,potholes
MAHA_SOC_00780,2021-01-07 15:18:00,Thane,"Streetlights non-functional for past 2 weeks on Thane outer ring road. Zero visibility at night, high risk of head-on collisions. #DarkRoads #Thane",Twitter/X Public Archive,0,4,10,#DarkRoads;#Streetlights;#CivicFailure,lighting
MAHA_SOC_00781,2021-05-02 05:21:00,Mumbai,Dangerous black spot identified on Mumbai ghat section. Multiple heavy trucks overturned this month. Where are crash barriers? #BlackSpot #HighwaySafety,Twitter/X Public Archive,0,1,1,#BlackSpot;#HighwaySafety;#MumbaiGhat,black_spot
MAHA_SOC_00782,2023-05-14 02:03:00,Pune,Dangerous black spot identified on Pune ghat section. Multiple heavy trucks overturned this month. Where are crash barriers? #BlackSpot #HighwaySafety,Local News Feedback,15,5,0,#BlackSpot;#HighwaySafety;#PuneGhat,black_spot
MAHA_SOC_00783,2022-12-06 11:18:00,Aurangabad,"Streetlights non-functional for past 2 weeks on Aurangabad outer ring road. Zero visibility at night, high risk of head-on collisions. #DarkRoads #Aurangabad",Local News Feedback,23,9,0,#DarkRoads;#Streetlights;#CivicFailure,lighting
MAHA_SOC_00784,2021-01-10 03:42:00,Pune,Deep trenches near bus stop in Pune. Multiple bikers injured yesterday during evening drizzle. Urgent repairs requested. #RoadHazards #Pune,Citizen Grievance Portal,31,27,9,#RoadHazards;#PotholeCrisis;#PuneRoads,potholes
MAHA_SOC_00785,2023-01-28 11:48:00,Ahmednagar,Speed limit 80kmph completely ignored on Ahmednagar expressway. Reckless lane cutting by intercity buses. Need speed cameras! #HighwayWatch #Ahmednagar,Twitter/X Public Archive,6,2,10,#HighwayWatch;#SpeedLimit;#ExpresswaySafety,speeding
MAHA_SOC_00786,2022-10-26 19:56:00,Kolhapur,Traffic signals completely dead at major four-way junction in Kolhapur. Continuous chaos and minor fender benders. #SignalFailure #Kolhapur,Citizen Grievance Portal,15,7,2,#SignalFailure;#TrafficJam;#CivicIssue,signal_failure
MAHA_SOC_00787,2022-10-09 10:28:00,Nagpur,Heavy waterlogging after heavy rain on Nagpur highway junction. Vehicles skidding and traffic halted for hours. #MonsoonTraffic #NagpurFloods,Local News Feedback,1,2,2,#MonsoonTraffic;#NagpurFloods;#RoadSafety,waterlogging
MAHA_SOC_00788,2023-03-01 06:46:00,Aurangabad,"Streetlights non-functional for past 2 weeks on Aurangabad outer ring road. Zero visibility at night, high risk of head-on collisions. #DarkRoads #Aurangabad",Twitter/X Public Archive,44,2,7,#DarkRoads;#Streetlights;#CivicFailure,lighting
MAHA_SOC_00789,2022-01-29 21:24:00,Kolhapur,Traffic signals completely dead at major four-way junction in Kolhapur. Continuous chaos and minor fender benders. #SignalFailure #Kolhapur,Civic Forum / Facebook,21,3,2,#SignalFailure;#TrafficJam;#CivicIssue,signal_failure
MAHA_SOC_00790,2021-02-28 08:46:00,Nagpur,Heavy waterlogging after heavy rain on Nagpur highway junction. Vehicles skidding and traffic halted for hours. #MonsoonTraffic #NagpurFloods,Twitter/X Public Archive,27,2,0,#MonsoonTraffic;#NagpurFloods;#RoadSafety,waterlogging
MAHA_SOC_00791,2021-09-21 22:49:00,Solapur,Vehicles driving on wrong side and over-speeding near Solapur bypass. Severe accident spot! Strict policing needed. #TrafficViolation #Solapur,Citizen Grievance Portal,9,1,5,#TrafficViolation;#Speeding;#SolapurPolice,speeding
MAHA_SOC_00792,2021-07-30 21:20:00,Mumbai,Illegal road digging and open gravel left unattended on Mumbai main avenue. Two-wheelers constantly slipping. #TwoWheelerSafety #MumbaiCivic,Twitter/X Public Archive,22,5,0,#TwoWheelerSafety;#RoadHazard;#CivicNegligence,road_hazards
MAHA_SOC_00793,2021-10-25 03:14:00,Pune,"Streetlights non-functional for past 2 weeks on Pune outer ring road. Zero visibility at night, high risk of head-on collisions. #DarkRoads #Pune",Civic Forum / Facebook,3,10,0,#DarkRoads;#Streetlights;#CivicFailure,lighting
MAHA_SOC_00794,2022-10-20 15:22:00,Mumbai,"Streetlights non-functional for past 2 weeks on Mumbai outer ring road. Zero visibility at night, high risk of head-on collisions. #DarkRoads #Mumbai",Twitter/X Public Archive,28,18,3,#DarkRoads;#Streetlights;#CivicFailure,lighting
MAHA_SOC_00795,2023-11-23 07:24:00,Pune,"Streetlights non-functional for past 2 weeks on Pune outer ring road. Zero visibility at night, high risk of head-on collisions. #DarkRoads #Pune",Citizen Grievance Portal,4,3,0,#DarkRoads;#Streetlights;#CivicFailure,lighting
MAHA_SOC_00796,2022-07-24 00:57:00,Nagpur,Massive potholes on Nagpur road near the main flyover. Commuters risking lives every day! @trafficpolice #PotholeAlert #RoadSafety,Citizen Grievance Portal,11,5,5,#PotholeAlert;#RoadSafety;#NagpurTraffic,potholes
MAHA_SOC_00797,2021-11-29 16:00:00,Aurangabad,Speed limit 80kmph completely ignored on Aurangabad expressway. Reckless lane cutting by intercity buses. Need speed cameras! #HighwayWatch #Aurangabad,Twitter/X Public Archive,14,3,1,#HighwayWatch;#SpeedLimit;#ExpresswaySafety,speeding
MAHA_SOC_00798,2023-05-18 02:07:00,Pune,"Streetlights non-functional for past 2 weeks on Pune outer ring road. Zero visibility at night, high risk of head-on collisions. #DarkRoads #Pune",Local News Feedback,2,2,5,#DarkRoads;#Streetlights;#CivicFailure,lighting
MAHA_SOC_00799,2023-12-07 18:13:00,Aurangabad,Vehicles driving on wrong side and over-speeding near Aurangabad bypass. Severe accident spot! Strict policing needed. #TrafficViolation #Aurangabad,Local News Feedback,17,1,13,#TrafficViolation;#Speeding;#AurangabadPolice,speeding
MAHA_SOC_00800,2021-08-15 23:53:00,Ahmednagar,"Streetlights non-functional for past 2 weeks on Ahmednagar outer ring road. Zero visibility at night, high risk of head-on collisions. #DarkRoads #Ahmednagar",Twitter/X Public Archive,19,8,2,#DarkRoads;#Streetlights;#CivicFailure,lighting
MAHA_SOC_00801,2023-09-28 08:11:00,Pune,No pedestrian zebra crossing or foot overbridge near school on Pune road. High risk for children crossing highway! #PedestrianSafety #Pune,Twitter/X Public Archive,3,2,0,#PedestrianSafety;#SafeStreets;#ChildrenSafety,pedestrian_safety
MAHA_SOC_00802,2023-01-10 12:16:00,Nashik,"Streetlights non-functional for past 2 weeks on Nashik outer ring road. Zero visibility at night, high risk of head-on collisions. #DarkRoads #Nashik",Twitter/X Public Archive,10,1,0,#DarkRoads;#Streetlights;#CivicFailure,lighting
MAHA_SOC_00803,2022-05-25 05:22:00,Pune,Speed limit 80kmph completely ignored on Pune expressway. Reckless lane cutting by intercity buses. Need speed cameras! #HighwayWatch #Pune,Citizen Grievance Portal,39,0,14,#HighwayWatch;#SpeedLimit;#ExpresswaySafety,speeding
MAHA_SOC_00804,2022-05-03 10:47:00,Pune,Traffic signals completely dead at major four-way junction in Pune. Continuous chaos and minor fender benders. #SignalFailure #Pune,Citizen Grievance Portal,34,4,0,#SignalFailure;#TrafficJam;#CivicIssue,signal_failure
MAHA_SOC_00805,2022-10-10 08:29:00,Mumbai,No pedestrian zebra crossing or foot overbridge near school on Mumbai road. High risk for children crossing highway! #PedestrianSafety #Mumbai,Civic Forum / Facebook,29,13,0,#PedestrianSafety;#SafeStreets;#ChildrenSafety,pedestrian_safety
MAHA_SOC_00806,2023-04-09 02:15:00,Pune,Illegal road digging and open gravel left unattended on Pune main avenue. Two-wheelers constantly slipping. #TwoWheelerSafety #PuneCivic,Twitter/X Public Archive,63,15,2,#TwoWheelerSafety;#RoadHazard;#CivicNegligence,road_hazards
MAHA_SOC_00807,2023-07-15 01:59:00,Pune,Vehicles driving on wrong side and over-speeding near Pune bypass. Severe accident spot! Strict policing needed. #TrafficViolation #Pune,Citizen Grievance Portal,18,6,4,#TrafficViolation;#Speeding;#PunePolice,speeding
MAHA_SOC_00808,2022-08-22 01:58:00,Pune,Vehicles driving on wrong side and over-speeding near Pune bypass. Severe accident spot! Strict policing needed. #TrafficViolation #Pune,Twitter/X Public Archive,16,2,2,#TrafficViolation;#Speeding;#PunePolice,speeding
MAHA_SOC_00809,2023-09-04 08:26:00,Thane,"Streetlights non-functional for past 2 weeks on Thane outer ring road. Zero visibility at night, high risk of head-on collisions. #DarkRoads #Thane",Citizen Grievance Portal,48,5,6,#DarkRoads;#Streetlights;#CivicFailure,lighting
MAHA_SOC_00810,2023-07-01 08:51:00,Mumbai,Speed limit 80kmph completely ignored on Mumbai expressway. Reckless lane cutting by intercity buses. Need speed cameras! #HighwayWatch #Mumbai,Twitter/X Public Archive,7,22,3,#HighwayWatch;#SpeedLimit;#ExpresswaySafety,speeding
MAHA_SOC_00811,2022-11-29 16:09:00,Aurangabad,Vehicles driving on wrong side and over-speeding near Aurangabad bypass. Severe accident spot! Strict policing needed. #TrafficViolation #Aurangabad,Twitter/X Public Archive,21,0,3,#TrafficViolation;#Speeding;#AurangabadPolice,speeding
MAHA_SOC_00812,2022-05-02 17:17:00,Satara,Deep trenches near bus stop in Satara. Multiple bikers injured yesterday during evening drizzle. Urgent repairs requested. #RoadHazards #Satara,Twitter/X Public Archive,0,12,0,#RoadHazards;#PotholeCrisis;#SataraRoads,potholes
MAHA_SOC_00813,2023-03-15 16:18:00,Mumbai,No pedestrian zebra crossing or foot overbridge near school on Mumbai road. High risk for children crossing highway! #PedestrianSafety #Mumbai,Civic Forum / Facebook,7,2,4,#PedestrianSafety;#SafeStreets;#ChildrenSafety,pedestrian_safety
MAHA_SOC_00814,2023-08-17 12:43:00,Pune,Vehicles driving on wrong side and over-speeding near Pune bypass. Severe accident spot! Strict policing needed. #TrafficViolation #Pune,Twitter/X Public Archive,13,4,10,#TrafficViolation;#Speeding;#PunePolice,speeding
MAHA_SOC_00815,2023-05-27 22:16:00,Thane,Illegal road digging and open gravel left unattended on Thane main avenue. Two-wheelers constantly slipping. #TwoWheelerSafety #ThaneCivic,Local News Feedback,31,2,0,#TwoWheelerSafety;#RoadHazard;#CivicNegligence,road_hazards
MAHA_SOC_00816,2021-03-18 15:31:00,Satara,Massive potholes on Satara road near the main flyover. Commuters risking lives every day! @trafficpolice #PotholeAlert #RoadSafety,Twitter/X Public Archive,7,24,6,#PotholeAlert;#RoadSafety;#SataraTraffic,potholes
MAHA_SOC_00817,2023-09-23 10:12:00,Pune,Dangerous black spot identified on Pune ghat section. Multiple heavy trucks overturned this month. Where are crash barriers? #BlackSpot #HighwaySafety,Citizen Grievance Portal,20,0,0,#BlackSpot;#HighwaySafety;#PuneGhat,black_spot
MAHA_SOC_00818,2023-04-08 18:29:00,Mumbai,Illegal road digging and open gravel left unattended on Mumbai main avenue. Two-wheelers constantly slipping. #TwoWheelerSafety #MumbaiCivic,Citizen Grievance Portal,60,17,8,#TwoWheelerSafety;#RoadHazard;#CivicNegligence,road_hazards
MAHA_SOC_00819,2021-09-19 03:36:00,Nagpur,"Streetlights non-functional for past 2 weeks on Nagpur outer ring road. Zero visibility at night, high risk of head-on collisions. #DarkRoads #Nagpur",Twitter/X Public Archive,16,9,1,#DarkRoads;#Streetlights;#CivicFailure,lighting
MAHA_SOC_00820,2021-08-22 09:54:00,Thane,Deep trenches near bus stop in Thane. Multiple bikers injured yesterday during evening drizzle. Urgent repairs requested. #RoadHazards #Thane,Twitter/X Public Archive,5,0,8,#RoadHazards;#PotholeCrisis;#ThaneRoads,potholes
MAHA_SOC_00821,2021-12-16 12:10:00,Thane,Illegal road digging and open gravel left unattended on Thane main avenue. Two-wheelers constantly slipping. #TwoWheelerSafety #ThaneCivic,Twitter/X Public Archive,0,5,4,#TwoWheelerSafety;#RoadHazard;#CivicNegligence,road_hazards
MAHA_SOC_00822,2023-09-07 11:46:00,Nashik,Traffic signals completely dead at major four-way junction in Nashik. Continuous chaos and minor fender benders. #SignalFailure #Nashik,Local News Feedback,13,13,3,#SignalFailure;#TrafficJam;#CivicIssue,signal_failure
MAHA_SOC_00823,2023-08-07 22:50:00,Pune,Deep trenches near bus stop in Pune. Multiple bikers injured yesterday during evening drizzle. Urgent repairs requested. #RoadHazards #Pune,Citizen Grievance Portal,54,2,4,#RoadHazards;#PotholeCrisis;#PuneRoads,potholes
MAHA_SOC_00824,2021-01-09 05:28:00,Mumbai,Dangerous black spot identified on Mumbai ghat section. Multiple heavy trucks overturned this month. Where are crash barriers? #BlackSpot #HighwaySafety,Twitter/X Public Archive,3,4,0,#BlackSpot;#HighwaySafety;#MumbaiGhat,black_spot
MAHA_SOC_00825,2022-05-19 18:07:00,Solapur,Illegal road digging and open gravel left unattended on Solapur main avenue. Two-wheelers constantly slipping. #TwoWheelerSafety #SolapurCivic,Citizen Grievance Portal,14,1,3,#TwoWheelerSafety;#RoadHazard;#CivicNegligence,road_hazards
MAHA_SOC_00826,2021-10-28 22:52:00,Pune,Deep trenches near bus stop in Pune. Multiple bikers injured yesterday during evening drizzle. Urgent repairs requested. #RoadHazards #Pune,Twitter/X Public Archive,4,1,4,#RoadHazards;#PotholeCrisis;#PuneRoads,potholes
MAHA_SOC_00827,2021-03-31 12:03:00,Nashik,Dangerous black spot identified on Nashik ghat section. Multiple heavy trucks overturned this month. Where are crash barriers? #BlackSpot #HighwaySafety,Citizen Grievance Portal,21,0,4,#BlackSpot;#HighwaySafety;#NashikGhat,black_spot
MAHA_SOC_00828,2021-12-09 22:32:00,Thane,Traffic signals completely dead at major four-way junction in Thane. Continuous chaos and minor fender benders. #SignalFailure #Thane,Twitter/X Public Archive,8,13,0,#SignalFailure;#TrafficJam;#CivicIssue,signal_failure
MAHA_SOC_00829,2021-02-15 06:15:00,Nagpur,Illegal road digging and open gravel left unattended on Nagpur main avenue. Two-wheelers constantly slipping. #TwoWheelerSafety #NagpurCivic,Twitter/X Public Archive,25,2,0,#TwoWheelerSafety;#RoadHazard;#CivicNegligence,road_hazards
MAHA_SOC_00830,2023-06-26 05:24:00,Thane,Dangerous black spot identified on Thane ghat section. Multiple heavy trucks overturned this month. Where are crash barriers? #BlackSpot #HighwaySafety,Twitter/X Public Archive,4,4,0,#BlackSpot;#HighwaySafety;#ThaneGhat,black_spot
MAHA_SOC_00831,2023-05-17 19:50:00,Nagpur,Traffic signals completely dead at major four-way junction in Nagpur. Continuous chaos and minor fender benders. #SignalFailure #Nagpur,Citizen Grievance Portal,37,14,7,#SignalFailure;#TrafficJam;#CivicIssue,signal_failure
MAHA_SOC_00832,2023-05-26 00:11:00,Kolhapur,Heavy waterlogging after heavy rain on Kolhapur highway junction. Vehicles skidding and traffic halted for hours. #MonsoonTraffic #KolhapurFloods,Citizen Grievance Portal,1,7,8,#MonsoonTraffic;#KolhapurFloods;#RoadSafety,waterlogging
MAHA_SOC_00833,2023-02-05 13:35:00,Nashik,Massive potholes on Nashik road near the main flyover. Commuters risking lives every day! @trafficpolice #PotholeAlert #RoadSafety,Local News Feedback,13,3,3,#PotholeAlert;#RoadSafety;#NashikTraffic,potholes
MAHA_SOC_00834,2022-08-16 07:44:00,Aurangabad,Speed limit 80kmph completely ignored on Aurangabad expressway. Reckless lane cutting by intercity buses. Need speed cameras! #HighwayWatch #Aurangabad,Civic Forum / Facebook,1,2,0,#HighwayWatch;#SpeedLimit;#ExpresswaySafety,speeding
MAHA_SOC_00835,2022-09-21 10:53:00,Satara,Vehicles driving on wrong side and over-speeding near Satara bypass. Severe accident spot! Strict policing needed. #TrafficViolation #Satara,Civic Forum / Facebook,31,0,2,#TrafficViolation;#Speeding;#SataraPolice,speeding
MAHA_SOC_00836,2021-05-02 23:11:00,Pune,Illegal road digging and open gravel left unattended on Pune main avenue. Two-wheelers constantly slipping. #TwoWheelerSafety #PuneCivic,Citizen Grievance Portal,52,2,5,#TwoWheelerSafety;#RoadHazard;#CivicNegligence,road_hazards
MAHA_SOC_00837,2023-06-22 05:38:00,Pune,Deep trenches near bus stop in Pune. Multiple bikers injured yesterday during evening drizzle. Urgent repairs requested. #RoadHazards #Pune,Twitter/X Public Archive,25,1,3,#RoadHazards;#PotholeCrisis;#PuneRoads,potholes
MAHA_SOC_00838,2023-07-11 16:41:00,Kolhapur,Dangerous black spot identified on Kolhapur ghat section. Multiple heavy trucks overturned this month. Where are crash barriers? #BlackSpot #HighwaySafety,Citizen Grievance Portal,0,10,6,#BlackSpot;#HighwaySafety;#KolhapurGhat,black_spot
MAHA_SOC_00839,2022-08-06 23:39:00,Navi Mumbai,Illegal road digging and open gravel left unattended on Navi Mumbai main avenue. Two-wheelers constantly slipping. #TwoWheelerSafety #Navi MumbaiCivic,Twitter/X Public Archive,30,6,1,#TwoWheelerSafety;#RoadHazard;#CivicNegligence,road_hazards
MAHA_SOC_00840,2022-12-29 18:29:00,Thane,Deep trenches near bus stop in Thane. Multiple bikers injured yesterday during evening drizzle. Urgent repairs requested. #RoadHazards #Thane,Citizen Grievance Portal,27,0,2,#RoadHazards;#PotholeCrisis;#ThaneRoads,potholes
MAHA_SOC_00841,2021-08-02 19:22:00,Mumbai,Deep trenches near bus stop in Mumbai. Multiple bikers injured yesterday during evening drizzle. Urgent repairs requested. #RoadHazards #Mumbai,Citizen Grievance Portal,0,3,1,#RoadHazards;#PotholeCrisis;#MumbaiRoads,potholes
MAHA_SOC_00842,2021-01-23 01:52:00,Thane,Dangerous black spot identified on Thane ghat section. Multiple heavy trucks overturned this month. Where are crash barriers? #BlackSpot #HighwaySafety,Twitter/X Public Archive,0,1,1,#BlackSpot;#HighwaySafety;#ThaneGhat,black_spot
MAHA_SOC_00843,2021-04-10 22:07:00,Kolhapur,Illegal road digging and open gravel left unattended on Kolhapur main avenue. Two-wheelers constantly slipping. #TwoWheelerSafety #KolhapurCivic,Twitter/X Public Archive,24,1,3,#TwoWheelerSafety;#RoadHazard;#CivicNegligence,road_hazards
MAHA_SOC_00844,2023-06-28 15:06:00,Aurangabad,No pedestrian zebra crossing or foot overbridge near school on Aurangabad road. High risk for children crossing highway! #PedestrianSafety #Aurangabad,Local News Feedback,11,1,2,#PedestrianSafety;#SafeStreets;#ChildrenSafety,pedestrian_safety
MAHA_SOC_00845,2022-08-27 23:13:00,Nagpur,Illegal road digging and open gravel left unattended on Nagpur main avenue. Two-wheelers constantly slipping. #TwoWheelerSafety #NagpurCivic,Local News Feedback,3,11,0,#TwoWheelerSafety;#RoadHazard;#CivicNegligence,road_hazards
MAHA_SOC_00846,2022-05-01 16:36:00,Thane,Dangerous black spot identified on Thane ghat section. Multiple heavy trucks overturned this month. Where are crash barriers? #BlackSpot #HighwaySafety,Twitter/X Public Archive,58,2,2,#BlackSpot;#HighwaySafety;#ThaneGhat,black_spot
MAHA_SOC_00847,2022-02-16 07:14:00,Navi Mumbai,Speed limit 80kmph completely ignored on Navi Mumbai expressway. Reckless lane cutting by intercity buses. Need speed cameras! #HighwayWatch #Navi Mumbai,Citizen Grievance Portal,20,3,1,#HighwayWatch;#SpeedLimit;#ExpresswaySafety,speeding
MAHA_SOC_00848,2023-07-10 22:36:00,Navi Mumbai,Deep trenches near bus stop in Navi Mumbai. Multiple bikers injured yesterday during evening drizzle. Urgent repairs requested. #RoadHazards #Navi Mumbai,Civic Forum / Facebook,0,18,0,#RoadHazards;#PotholeCrisis;#Navi MumbaiRoads,potholes
MAHA_SOC_00849,2022-10-14 09:14:00,Nagpur,Dangerous black spot identified on Nagpur ghat section. Multiple heavy trucks overturned this month. Where are crash barriers? #BlackSpot #HighwaySafety,Citizen Grievance Portal,12,16,9,#BlackSpot;#HighwaySafety;#NagpurGhat,black_spot
MAHA_SOC_00850,2021-12-12 02:56:00,Pune,"Streetlights non-functional for past 2 weeks on Pune outer ring road. Zero visibility at night, high risk of head-on collisions. #DarkRoads #Pune",Twitter/X Public Archive,38,5,0,#DarkRoads;#Streetlights;#CivicFailure,lighting
MAHA_SOC_00851,2022-10-13 04:18:00,Mumbai,Illegal road digging and open gravel left unattended on Mumbai main avenue. Two-wheelers constantly slipping. #TwoWheelerSafety #MumbaiCivic,Twitter/X Public Archive,6,9,0,#TwoWheelerSafety;#RoadHazard;#CivicNegligence,road_hazards
MAHA_SOC_00852,2021-03-23 12:47:00,Pune,Speed limit 80kmph completely ignored on Pune expressway. Reckless lane cutting by intercity buses. Need speed cameras! #HighwayWatch #Pune,Twitter/X Public Archive,1,5,11,#HighwayWatch;#SpeedLimit;#ExpresswaySafety,speeding
MAHA_SOC_00853,2021-07-22 21:17:00,Nagpur,Traffic signals completely dead at major four-way junction in Nagpur. Continuous chaos and minor fender benders. #SignalFailure #Nagpur,Twitter/X Public Archive,12,5,10,#SignalFailure;#TrafficJam;#CivicIssue,signal_failure
MAHA_SOC_00854,2021-10-27 11:53:00,Nashik,Dangerous black spot identified on Nashik ghat section. Multiple heavy trucks overturned this month. Where are crash barriers? #BlackSpot #HighwaySafety,Twitter/X Public Archive,37,14,5,#BlackSpot;#HighwaySafety;#NashikGhat,black_spot
MAHA_SOC_00855,2022-10-29 18:46:00,Navi Mumbai,Speed limit 80kmph completely ignored on Navi Mumbai expressway. Reckless lane cutting by intercity buses. Need speed cameras! #HighwayWatch #Navi Mumbai,Civic Forum / Facebook,1,4,0,#HighwayWatch;#SpeedLimit;#ExpresswaySafety,speeding
MAHA_SOC_00856,2022-06-09 02:21:00,Mumbai,Traffic signals completely dead at major four-way junction in Mumbai. Continuous chaos and minor fender benders. #SignalFailure #Mumbai,Twitter/X Public Archive,9,3,8,#SignalFailure;#TrafficJam;#CivicIssue,signal_failure
MAHA_SOC_00857,2022-05-06 03:38:00,Ahmednagar,Traffic signals completely dead at major four-way junction in Ahmednagar. Continuous chaos and minor fender benders. #SignalFailure #Ahmednagar,Civic Forum / Facebook,23,5,0,#SignalFailure;#TrafficJam;#CivicIssue,signal_failure
MAHA_SOC_00858,2023-10-01 05:38:00,Navi Mumbai,"Streetlights non-functional for past 2 weeks on Navi Mumbai outer ring road. Zero visibility at night, high risk of head-on collisions. #DarkRoads #Navi Mumbai",Civic Forum / Facebook,60,16,1,#DarkRoads;#Streetlights;#CivicFailure,lighting
MAHA_SOC_00859,2022-09-28 08:11:00,Kolhapur,"Streetlights non-functional for past 2 weeks on Kolhapur outer ring road. Zero visibility at night, high risk of head-on collisions. #DarkRoads #Kolhapur",Citizen Grievance Portal,5,1,1,#DarkRoads;#Streetlights;#CivicFailure,lighting
MAHA_SOC_00860,2023-04-15 05:06:00,Mumbai,Illegal road digging and open gravel left unattended on Mumbai main avenue. Two-wheelers constantly slipping. #TwoWheelerSafety #MumbaiCivic,Citizen Grievance Portal,7,1,0,#TwoWheelerSafety;#RoadHazard;#CivicNegligence,road_hazards
MAHA_SOC_00861,2021-02-18 16:56:00,Thane,Deep trenches near bus stop in Thane. Multiple bikers injured yesterday during evening drizzle. Urgent repairs requested. #RoadHazards #Thane,Civic Forum / Facebook,20,9,0,#RoadHazards;#PotholeCrisis;#ThaneRoads,potholes
MAHA_SOC_00862,2023-08-27 19:56:00,Pune,Deep trenches near bus stop in Pune. Multiple bikers injured yesterday during evening drizzle. Urgent repairs requested. #RoadHazards #Pune,Twitter/X Public Archive,3,0,5,#RoadHazards;#PotholeCrisis;#PuneRoads,potholes
MAHA_SOC_00863,2022-08-11 15:24:00,Mumbai,Vehicles driving on wrong side and over-speeding near Mumbai bypass. Severe accident spot! Strict policing needed. #TrafficViolation #Mumbai,Twitter/X Public Archive,7,7,3,#TrafficViolation;#Speeding;#MumbaiPolice,speeding
MAHA_SOC_00864,2022-04-14 14:37:00,Mumbai,"Streetlights non-functional for past 2 weeks on Mumbai outer ring road. Zero visibility at night, high risk of head-on collisions. #DarkRoads #Mumbai",Twitter/X Public Archive,19,14,0,#DarkRoads;#Streetlights;#CivicFailure,lighting
MAHA_SOC_00865,2022-12-11 10:01:00,Kolhapur,Dangerous black spot identified on Kolhapur ghat section. Multiple heavy trucks overturned this month. Where are crash barriers? #BlackSpot #HighwaySafety,Twitter/X Public Archive,3,1,1,#BlackSpot;#HighwaySafety;#KolhapurGhat,black_spot
MAHA_SOC_00866,2021-02-01 07:47:00,Nashik,Massive potholes on Nashik road near the main flyover. Commuters risking lives every day! @trafficpolice #PotholeAlert #RoadSafety,Civic Forum / Facebook,24,2,0,#PotholeAlert;#RoadSafety;#NashikTraffic,potholes
MAHA_SOC_00867,2023-01-30 17:20:00,Kolhapur,Heavy waterlogging after heavy rain on Kolhapur highway junction. Vehicles skidding and traffic halted for hours. #MonsoonTraffic #KolhapurFloods,Civic Forum / Facebook,7,10,16,#MonsoonTraffic;#KolhapurFloods;#RoadSafety,waterlogging
MAHA_SOC_00868,2021-11-06 02:52:00,Nashik,"Streetlights non-functional for past 2 weeks on Nashik outer ring road. Zero visibility at night, high risk of head-on collisions. #DarkRoads #Nashik",Citizen Grievance Portal,64,4,6,#DarkRoads;#Streetlights;#CivicFailure,lighting
MAHA_SOC_00869,2023-09-21 06:08:00,Mumbai,Massive potholes on Mumbai road near the main flyover. Commuters risking lives every day! @trafficpolice #PotholeAlert #RoadSafety,Twitter/X Public Archive,31,9,1,#PotholeAlert;#RoadSafety;#MumbaiTraffic,potholes
MAHA_SOC_00870,2023-06-06 10:19:00,Mumbai,Illegal road digging and open gravel left unattended on Mumbai main avenue. Two-wheelers constantly slipping. #TwoWheelerSafety #MumbaiCivic,Twitter/X Public Archive,26,3,9,#TwoWheelerSafety;#RoadHazard;#CivicNegligence,road_hazards
MAHA_SOC_00871,2023-12-13 16:15:00,Pune,Massive potholes on Pune road near the main flyover. Commuters risking lives every day! @trafficpolice #PotholeAlert #RoadSafety,Citizen Grievance Portal,21,3,0,#PotholeAlert;#RoadSafety;#PuneTraffic,potholes
MAHA_SOC_00872,2022-02-07 10:13:00,Pune,Heavy waterlogging after heavy rain on Pune highway junction. Vehicles skidding and traffic halted for hours. #MonsoonTraffic #PuneFloods,Citizen Grievance Portal,26,1,4,#MonsoonTraffic;#PuneFloods;#RoadSafety,waterlogging
MAHA_SOC_00873,2022-04-05 02:14:00,Nagpur,Vehicles driving on wrong side and over-speeding near Nagpur bypass. Severe accident spot! Strict policing needed. #TrafficViolation #Nagpur,Twitter/X Public Archive,18,3,3,#TrafficViolation;#Speeding;#NagpurPolice,speeding
MAHA_SOC_00874,2023-09-15 06:12:00,Mumbai,"Streetlights non-functional for past 2 weeks on Mumbai outer ring road. Zero visibility at night, high risk of head-on collisions. #DarkRoads #Mumbai",Twitter/X Public Archive,79,2,1,#DarkRoads;#Streetlights;#CivicFailure,lighting
MAHA_SOC_00875,2022-06-26 09:06:00,Pune,Traffic signals completely dead at major four-way junction in Pune. Continuous chaos and minor fender benders. #SignalFailure #Pune,Twitter/X Public Archive,6,1,1,#SignalFailure;#TrafficJam;#CivicIssue,signal_failure
MAHA_SOC_00876,2022-12-03 10:03:00,Nagpur,Illegal road digging and open gravel left unattended on Nagpur main avenue. Two-wheelers constantly slipping. #TwoWheelerSafety #NagpurCivic,Twitter/X Public Archive,28,8,11,#TwoWheelerSafety;#RoadHazard;#CivicNegligence,road_hazards
MAHA_SOC_00877,2021-05-02 00:44:00,Nagpur,Dangerous black spot identified on Nagpur ghat section. Multiple heavy trucks overturned this month. Where are crash barriers? #BlackSpot #HighwaySafety,Twitter/X Public Archive,22,1,9,#BlackSpot;#HighwaySafety;#NagpurGhat,black_spot
MAHA_SOC_00878,2021-01-30 19:26:00,Mumbai,Illegal road digging and open gravel left unattended on Mumbai main avenue. Two-wheelers constantly slipping. #TwoWheelerSafety #MumbaiCivic,Twitter/X Public Archive,2,3,1,#TwoWheelerSafety;#RoadHazard;#CivicNegligence,road_hazards
MAHA_SOC_00879,2021-12-06 14:39:00,Pune,Vehicles driving on wrong side and over-speeding near Pune bypass. Severe accident spot! Strict policing needed. #TrafficViolation #Pune,Twitter/X Public Archive,11,9,1,#TrafficViolation;#Speeding;#PunePolice,speeding
MAHA_SOC_00880,2023-05-06 17:46:00,Thane,"Streetlights non-functional for past 2 weeks on Thane outer ring road. Zero visibility at night, high risk of head-on collisions. #DarkRoads #Thane",Citizen Grievance Portal,2,7,2,#DarkRoads;#Streetlights;#CivicFailure,lighting
MAHA_SOC_00881,2023-03-17 13:56:00,Nagpur,"Streetlights non-functional for past 2 weeks on Nagpur outer ring road. Zero visibility at night, high risk of head-on collisions. #DarkRoads #Nagpur",Twitter/X Public Archive,16,2,0,#DarkRoads;#Streetlights;#CivicFailure,lighting
MAHA_SOC_00882,2022-06-20 03:19:00,Mumbai,"Streetlights non-functional for past 2 weeks on Mumbai outer ring road. Zero visibility at night, high risk of head-on collisions. #DarkRoads #Mumbai",Citizen Grievance Portal,8,16,2,#DarkRoads;#Streetlights;#CivicFailure,lighting
MAHA_SOC_00883,2023-02-15 15:30:00,Pune,Illegal road digging and open gravel left unattended on Pune main avenue. Two-wheelers constantly slipping. #TwoWheelerSafety #PuneCivic,Twitter/X Public Archive,13,0,10,#TwoWheelerSafety;#RoadHazard;#CivicNegligence,road_hazards
MAHA_SOC_00884,2022-07-25 11:57:00,Nashik,No pedestrian zebra crossing or foot overbridge near school on Nashik road. High risk for children crossing highway! #PedestrianSafety #Nashik,Twitter/X Public Archive,9,12,1,#PedestrianSafety;#SafeStreets;#ChildrenSafety,pedestrian_safety
MAHA_SOC_00885,2021-11-27 02:43:00,Solapur,Traffic signals completely dead at major four-way junction in Solapur. Continuous chaos and minor fender benders. #SignalFailure #Solapur,Twitter/X Public Archive,38,1,2,#SignalFailure;#TrafficJam;#CivicIssue,signal_failure
MAHA_SOC_00886,2021-04-24 08:41:00,Solapur,Traffic signals completely dead at major four-way junction in Solapur. Continuous chaos and minor fender benders. #SignalFailure #Solapur,Local News Feedback,21,11,1,#SignalFailure;#TrafficJam;#CivicIssue,signal_failure
MAHA_SOC_00887,2023-02-05 16:06:00,Pune,Heavy waterlogging after heavy rain on Pune highway junction. Vehicles skidding and traffic halted for hours. #MonsoonTraffic #PuneFloods,Twitter/X Public Archive,20,0,0,#MonsoonTraffic;#PuneFloods;#RoadSafety,waterlogging
MAHA_SOC_00888,2022-10-03 05:46:00,Mumbai,Illegal road digging and open gravel left unattended on Mumbai main avenue. Two-wheelers constantly slipping. #TwoWheelerSafety #MumbaiCivic,Twitter/X Public Archive,12,7,2,#TwoWheelerSafety;#RoadHazard;#CivicNegligence,road_hazards
MAHA_SOC_00889,2023-02-19 02:34:00,Pune,Deep trenches near bus stop in Pune. Multiple bikers injured yesterday during evening drizzle. Urgent repairs requested. #RoadHazards #Pune,Local News Feedback,28,15,5,#RoadHazards;#PotholeCrisis;#PuneRoads,potholes
MAHA_SOC_00890,2023-11-05 08:32:00,Navi Mumbai,Illegal road digging and open gravel left unattended on Navi Mumbai main avenue. Two-wheelers constantly slipping. #TwoWheelerSafety #Navi MumbaiCivic,Civic Forum / Facebook,13,8,4,#TwoWheelerSafety;#RoadHazard;#CivicNegligence,road_hazards
MAHA_SOC_00891,2021-08-29 21:51:00,Pune,Deep trenches near bus stop in Pune. Multiple bikers injured yesterday during evening drizzle. Urgent repairs requested. #RoadHazards #Pune,Local News Feedback,13,2,2,#RoadHazards;#PotholeCrisis;#PuneRoads,potholes
MAHA_SOC_00892,2023-01-22 11:11:00,Pune,Traffic signals completely dead at major four-way junction in Pune. Continuous chaos and minor fender benders. #SignalFailure #Pune,Twitter/X Public Archive,4,5,1,#SignalFailure;#TrafficJam;#CivicIssue,signal_failure
MAHA_SOC_00893,2021-01-20 08:01:00,Thane,Traffic signals completely dead at major four-way junction in Thane. Continuous chaos and minor fender benders. #SignalFailure #Thane,Local News Feedback,45,8,4,#SignalFailure;#TrafficJam;#CivicIssue,signal_failure
MAHA_SOC_00894,2022-11-07 05:19:00,Nashik,Deep trenches near bus stop in Nashik. Multiple bikers injured yesterday during evening drizzle. Urgent repairs requested. #RoadHazards #Nashik,Civic Forum / Facebook,6,9,1,#RoadHazards;#PotholeCrisis;#NashikRoads,potholes
MAHA_SOC_00895,2022-10-06 02:09:00,Ahmednagar,Illegal road digging and open gravel left unattended on Ahmednagar main avenue. Two-wheelers constantly slipping. #TwoWheelerSafety #AhmednagarCivic,Twitter/X Public Archive,11,1,1,#TwoWheelerSafety;#RoadHazard;#CivicNegligence,road_hazards
MAHA_SOC_00896,2021-10-11 00:31:00,Aurangabad,Speed limit 80kmph completely ignored on Aurangabad expressway. Reckless lane cutting by intercity buses. Need speed cameras! #HighwayWatch #Aurangabad,Twitter/X Public Archive,11,5,8,#HighwayWatch;#SpeedLimit;#ExpresswaySafety,speeding
MAHA_SOC_00897,2021-11-02 17:27:00,Solapur,Illegal road digging and open gravel left unattended on Solapur main avenue. Two-wheelers constantly slipping. #TwoWheelerSafety #SolapurCivic,Twitter/X Public Archive,19,1,6,#TwoWheelerSafety;#RoadHazard;#CivicNegligence,road_hazards
MAHA_SOC_00898,2022-01-12 15:16:00,Mumbai,Massive potholes on Mumbai road near the main flyover. Commuters risking lives every day! @trafficpolice #PotholeAlert #RoadSafety,Civic Forum / Facebook,12,6,2,#PotholeAlert;#RoadSafety;#MumbaiTraffic,potholes
MAHA_SOC_00899,2022-09-21 05:34:00,Nagpur,Illegal road digging and open gravel left unattended on Nagpur main avenue. Two-wheelers constantly slipping. #TwoWheelerSafety #NagpurCivic,Twitter/X Public Archive,24,6,3,#TwoWheelerSafety;#RoadHazard;#CivicNegligence,road_hazards
MAHA_SOC_00900,2022-05-16 08:28:00,Nagpur,Massive potholes on Nagpur road near the main flyover. Commuters risking lives every day! @trafficpolice #PotholeAlert #RoadSafety,Twitter/X Public Archive,42,5,2,#PotholeAlert;#RoadSafety;#NagpurTraffic,potholes
MAHA_SOC_00901,2023-05-05 14:26:00,Aurangabad,No pedestrian zebra crossing or foot overbridge near school on Aurangabad road. High risk for children crossing highway! #PedestrianSafety #Aurangabad,Civic Forum / Facebook,30,15,5,#PedestrianSafety;#SafeStreets;#ChildrenSafety,pedestrian_safety
MAHA_SOC_00902,2021-04-19 18:02:00,Nashik,Massive potholes on Nashik road near the main flyover. Commuters risking lives every day! @trafficpolice #PotholeAlert #RoadSafety,Twitter/X Public Archive,13,3,3,#PotholeAlert;#RoadSafety;#NashikTraffic,potholes
MAHA_SOC_00903,2022-07-05 11:24:00,Mumbai,Deep trenches near bus stop in Mumbai. Multiple bikers injured yesterday during evening drizzle. Urgent repairs requested. #RoadHazards #Mumbai,Citizen Grievance Portal,6,0,1,#RoadHazards;#PotholeCrisis;#MumbaiRoads,potholes
MAHA_SOC_00904,2022-12-08 00:09:00,Mumbai,Speed limit 80kmph completely ignored on Mumbai expressway. Reckless lane cutting by intercity buses. Need speed cameras! #HighwayWatch #Mumbai,Citizen Grievance Portal,20,4,0,#HighwayWatch;#SpeedLimit;#ExpresswaySafety,speeding
MAHA_SOC_00905,2021-08-18 02:35:00,Pune,Dangerous black spot identified on Pune ghat section. Multiple heavy trucks overturned this month. Where are crash barriers? #BlackSpot #HighwaySafety,Local News Feedback,11,0,4,#BlackSpot;#HighwaySafety;#PuneGhat,black_spot
MAHA_SOC_00906,2023-06-26 04:54:00,Thane,No pedestrian zebra crossing or foot overbridge near school on Thane road. High risk for children crossing highway! #PedestrianSafety #Thane,Civic Forum / Facebook,13,3,2,#PedestrianSafety;#SafeStreets;#ChildrenSafety,pedestrian_safety
MAHA_SOC_00907,2023-12-27 08:09:00,Nagpur,Speed limit 80kmph completely ignored on Nagpur expressway. Reckless lane cutting by intercity buses. Need speed cameras! #HighwayWatch #Nagpur,Local News Feedback,78,6,2,#HighwayWatch;#SpeedLimit;#ExpresswaySafety,speeding
MAHA_SOC_00908,2022-04-19 15:08:00,Pune,"Streetlights non-functional for past 2 weeks on Pune outer ring road. Zero visibility at night, high risk of head-on collisions. #DarkRoads #Pune",Twitter/X Public Archive,5,8,2,#DarkRoads;#Streetlights;#CivicFailure,lighting
MAHA_SOC_00909,2023-04-09 02:26:00,Mumbai,Dangerous black spot identified on Mumbai ghat section. Multiple heavy trucks overturned this month. Where are crash barriers? #BlackSpot #HighwaySafety,Twitter/X Public Archive,23,7,1,#BlackSpot;#HighwaySafety;#MumbaiGhat,black_spot
MAHA_SOC_00910,2021-05-14 20:57:00,Satara,Traffic signals completely dead at major four-way junction in Satara. Continuous chaos and minor fender benders. #SignalFailure #Satara,Twitter/X Public Archive,27,1,4,#SignalFailure;#TrafficJam;#CivicIssue,signal_failure
MAHA_SOC_00911,2021-08-09 05:19:00,Navi Mumbai,Vehicles driving on wrong side and over-speeding near Navi Mumbai bypass. Severe accident spot! Strict policing needed. #TrafficViolation #Navi Mumbai,Twitter/X Public Archive,9,1,7,#TrafficViolation;#Speeding;#Navi MumbaiPolice,speeding
MAHA_SOC_00912,2023-11-22 22:53:00,Pune,Massive potholes on Pune road near the main flyover. Commuters risking lives every day! @trafficpolice #PotholeAlert #RoadSafety,Twitter/X Public Archive,10,3,2,#PotholeAlert;#RoadSafety;#PuneTraffic,potholes
MAHA_SOC_00913,2022-01-29 13:22:00,Nashik,Dangerous black spot identified on Nashik ghat section. Multiple heavy trucks overturned this month. Where are crash barriers? #BlackSpot #HighwaySafety,Twitter/X Public Archive,15,7,0,#BlackSpot;#HighwaySafety;#NashikGhat,black_spot
MAHA_SOC_00914,2021-10-18 19:30:00,Nagpur,"Streetlights non-functional for past 2 weeks on Nagpur outer ring road. Zero visibility at night, high risk of head-on collisions. #DarkRoads #Nagpur",Citizen Grievance Portal,15,0,2,#DarkRoads;#Streetlights;#CivicFailure,lighting
MAHA_SOC_00915,2022-03-18 22:33:00,Mumbai,Massive potholes on Mumbai road near the main flyover. Commuters risking lives every day! @trafficpolice #PotholeAlert #RoadSafety,Twitter/X Public Archive,15,3,0,#PotholeAlert;#RoadSafety;#MumbaiTraffic,potholes
MAHA_SOC_00916,2021-01-03 03:39:00,Thane,Dangerous black spot identified on Thane ghat section. Multiple heavy trucks overturned this month. Where are crash barriers? #BlackSpot #HighwaySafety,Twitter/X Public Archive,56,0,4,#BlackSpot;#HighwaySafety;#ThaneGhat,black_spot
MAHA_SOC_00917,2023-10-11 08:05:00,Mumbai,Illegal road digging and open gravel left unattended on Mumbai main avenue. Two-wheelers constantly slipping. #TwoWheelerSafety #MumbaiCivic,Twitter/X Public Archive,16,21,9,#TwoWheelerSafety;#RoadHazard;#CivicNegligence,road_hazards
MAHA_SOC_00918,2023-01-23 04:03:00,Mumbai,Traffic signals completely dead at major four-way junction in Mumbai. Continuous chaos and minor fender benders. #SignalFailure #Mumbai,Civic Forum / Facebook,8,1,0,#SignalFailure;#TrafficJam;#CivicIssue,signal_failure
MAHA_SOC_00919,2023-10-23 00:22:00,Kolhapur,Dangerous black spot identified on Kolhapur ghat section. Multiple heavy trucks overturned this month. Where are crash barriers? #BlackSpot #HighwaySafety,Twitter/X Public Archive,1,3,4,#BlackSpot;#HighwaySafety;#KolhapurGhat,black_spot
MAHA_SOC_00920,2021-03-29 14:55:00,Nashik,Heavy waterlogging after heavy rain on Nashik highway junction. Vehicles skidding and traffic halted for hours. #MonsoonTraffic #NashikFloods,Civic Forum / Facebook,5,4,13,#MonsoonTraffic;#NashikFloods;#RoadSafety,waterlogging
MAHA_SOC_00921,2021-11-29 01:55:00,Satara,"Streetlights non-functional for past 2 weeks on Satara outer ring road. Zero visibility at night, high risk of head-on collisions. #DarkRoads #Satara",Twitter/X Public Archive,44,9,2,#DarkRoads;#Streetlights;#CivicFailure,lighting
MAHA_SOC_00922,2022-09-11 09:22:00,Navi Mumbai,Deep trenches near bus stop in Navi Mumbai. Multiple bikers injured yesterday during evening drizzle. Urgent repairs requested. #RoadHazards #Navi Mumbai,Citizen Grievance Portal,3,4,0,#RoadHazards;#PotholeCrisis;#Navi MumbaiRoads,potholes
MAHA_SOC_00923,2023-10-20 01:46:00,Satara,Massive potholes on Satara road near the main flyover. Commuters risking lives every day! @trafficpolice #PotholeAlert #RoadSafety,Twitter/X Public Archive,14,5,0,#PotholeAlert;#RoadSafety;#SataraTraffic,potholes
MAHA_SOC_00924,2021-04-03 08:30:00,Solapur,Dangerous black spot identified on Solapur ghat section. Multiple heavy trucks overturned this month. Where are crash barriers? #BlackSpot #HighwaySafety,Twitter/X Public Archive,11,1,13,#BlackSpot;#HighwaySafety;#SolapurGhat,black_spot
MAHA_SOC_00925,2023-12-11 01:52:00,Mumbai,Traffic signals completely dead at major four-way junction in Mumbai. Continuous chaos and minor fender benders. #SignalFailure #Mumbai,Twitter/X Public Archive,3,4,0,#SignalFailure;#TrafficJam;#CivicIssue,signal_failure
MAHA_SOC_00926,2023-03-26 21:01:00,Kolhapur,Deep trenches near bus stop in Kolhapur. Multiple bikers injured yesterday during evening drizzle. Urgent repairs requested. #RoadHazards #Kolhapur,Local News Feedback,12,8,1,#RoadHazards;#PotholeCrisis;#KolhapurRoads,potholes
MAHA_SOC_00927,2022-01-07 06:13:00,Pune,Dangerous black spot identified on Pune ghat section. Multiple heavy trucks overturned this month. Where are crash barriers? #BlackSpot #HighwaySafety,Citizen Grievance Portal,10,3,1,#BlackSpot;#HighwaySafety;#PuneGhat,black_spot
MAHA_SOC_00928,2023-06-19 06:43:00,Pune,Dangerous black spot identified on Pune ghat section. Multiple heavy trucks overturned this month. Where are crash barriers? #BlackSpot #HighwaySafety,Local News Feedback,22,17,0,#BlackSpot;#HighwaySafety;#PuneGhat,black_spot
MAHA_SOC_00929,2022-01-30 12:03:00,Mumbai,Illegal road digging and open gravel left unattended on Mumbai main avenue. Two-wheelers constantly slipping. #TwoWheelerSafety #MumbaiCivic,Local News Feedback,53,2,7,#TwoWheelerSafety;#RoadHazard;#CivicNegligence,road_hazards
MAHA_SOC_00930,2023-02-15 00:05:00,Thane,Deep trenches near bus stop in Thane. Multiple bikers injured yesterday during evening drizzle. Urgent repairs requested. #RoadHazards #Thane,Twitter/X Public Archive,5,10,1,#RoadHazards;#PotholeCrisis;#ThaneRoads,potholes
MAHA_SOC_00931,2022-12-15 22:50:00,Ahmednagar,Vehicles driving on wrong side and over-speeding near Ahmednagar bypass. Severe accident spot! Strict policing needed. #TrafficViolation #Ahmednagar,Twitter/X Public Archive,2,5,1,#TrafficViolation;#Speeding;#AhmednagarPolice,speeding
MAHA_SOC_00932,2022-11-13 10:48:00,Nagpur,Deep trenches near bus stop in Nagpur. Multiple bikers injured yesterday during evening drizzle. Urgent repairs requested. #RoadHazards #Nagpur,Twitter/X Public Archive,5,0,0,#RoadHazards;#PotholeCrisis;#NagpurRoads,potholes
MAHA_SOC_00933,2021-12-13 20:01:00,Pune,No pedestrian zebra crossing or foot overbridge near school on Pune road. High risk for children crossing highway! #PedestrianSafety #Pune,Twitter/X Public Archive,32,18,1,#PedestrianSafety;#SafeStreets;#ChildrenSafety,pedestrian_safety
MAHA_SOC_00934,2021-05-05 13:03:00,Thane,Deep trenches near bus stop in Thane. Multiple bikers injured yesterday during evening drizzle. Urgent repairs requested. #RoadHazards #Thane,Twitter/X Public Archive,17,5,2,#RoadHazards;#PotholeCrisis;#ThaneRoads,potholes
MAHA_SOC_00935,2022-03-26 02:34:00,Thane,Deep trenches near bus stop in Thane. Multiple bikers injured yesterday during evening drizzle. Urgent repairs requested. #RoadHazards #Thane,Twitter/X Public Archive,26,11,3,#RoadHazards;#PotholeCrisis;#ThaneRoads,potholes
MAHA_SOC_00936,2021-08-02 16:47:00,Pune,Massive potholes on Pune road near the main flyover. Commuters risking lives every day! @trafficpolice #PotholeAlert #RoadSafety,Twitter/X Public Archive,5,7,2,#PotholeAlert;#RoadSafety;#PuneTraffic,potholes
MAHA_SOC_00937,2022-12-18 14:35:00,Solapur,No pedestrian zebra crossing or foot overbridge near school on Solapur road. High risk for children crossing highway! #PedestrianSafety #Solapur,Twitter/X Public Archive,16,2,1,#PedestrianSafety;#SafeStreets;#ChildrenSafety,pedestrian_safety
MAHA_SOC_00938,2022-02-01 14:07:00,Pune,Massive potholes on Pune road near the main flyover. Commuters risking lives every day! @trafficpolice #PotholeAlert #RoadSafety,Civic Forum / Facebook,22,5,0,#PotholeAlert;#RoadSafety;#PuneTraffic,potholes
MAHA_SOC_00939,2021-11-04 11:39:00,Mumbai,Traffic signals completely dead at major four-way junction in Mumbai. Continuous chaos and minor fender benders. #SignalFailure #Mumbai,Civic Forum / Facebook,0,17,10,#SignalFailure;#TrafficJam;#CivicIssue,signal_failure
MAHA_SOC_00940,2021-12-09 14:40:00,Pune,Traffic signals completely dead at major four-way junction in Pune. Continuous chaos and minor fender benders. #SignalFailure #Pune,Local News Feedback,8,0,4,#SignalFailure;#TrafficJam;#CivicIssue,signal_failure
MAHA_SOC_00941,2022-04-01 17:12:00,Kolhapur,Dangerous black spot identified on Kolhapur ghat section. Multiple heavy trucks overturned this month. Where are crash barriers? #BlackSpot #HighwaySafety,Twitter/X Public Archive,12,2,2,#BlackSpot;#HighwaySafety;#KolhapurGhat,black_spot
MAHA_SOC_00942,2023-12-27 14:04:00,Pune,Traffic signals completely dead at major four-way junction in Pune. Continuous chaos and minor fender benders. #SignalFailure #Pune,Twitter/X Public Archive,88,8,0,#SignalFailure;#TrafficJam;#CivicIssue,signal_failure
MAHA_SOC_00943,2021-08-13 06:04:00,Pune,Deep trenches near bus stop in Pune. Multiple bikers injured yesterday during evening drizzle. Urgent repairs requested. #RoadHazards #Pune,Twitter/X Public Archive,15,13,0,#RoadHazards;#PotholeCrisis;#PuneRoads,potholes
MAHA_SOC_00944,2021-08-10 14:13:00,Navi Mumbai,"Streetlights non-functional for past 2 weeks on Navi Mumbai outer ring road. Zero visibility at night, high risk of head-on collisions. #DarkRoads #Navi Mumbai",Twitter/X Public Archive,11,4,0,#DarkRoads;#Streetlights;#CivicFailure,lighting
MAHA_SOC_00945,2022-12-12 13:57:00,Pune,Illegal road digging and open gravel left unattended on Pune main avenue. Two-wheelers constantly slipping. #TwoWheelerSafety #PuneCivic,Twitter/X Public Archive,11,1,2,#TwoWheelerSafety;#RoadHazard;#CivicNegligence,road_hazards
MAHA_SOC_00946,2023-01-12 17:09:00,Solapur,Vehicles driving on wrong side and over-speeding near Solapur bypass. Severe accident spot! Strict policing needed. #TrafficViolation #Solapur,Twitter/X Public Archive,11,5,3,#TrafficViolation;#Speeding;#SolapurPolice,speeding
MAHA_SOC_00947,2022-06-13 07:58:00,Pune,Dangerous black spot identified on Pune ghat section. Multiple heavy trucks overturned this month. Where are crash barriers? #BlackSpot #HighwaySafety,Twitter/X Public Archive,27,22,15,#BlackSpot;#HighwaySafety;#PuneGhat,black_spot
MAHA_SOC_00948,2023-06-26 11:01:00,Aurangabad,Deep trenches near bus stop in Aurangabad. Multiple bikers injured yesterday during evening drizzle. Urgent repairs requested. #RoadHazards #Aurangabad,Citizen Grievance Portal,10,0,3,#RoadHazards;#PotholeCrisis;#AurangabadRoads,potholes
MAHA_SOC_00949,2021-02-19 15:55:00,Pune,Massive potholes on Pune road near the main flyover. Commuters risking lives every day! @trafficpolice #PotholeAlert #RoadSafety,Twitter/X Public Archive,10,6,1,#PotholeAlert;#RoadSafety;#PuneTraffic,potholes
MAHA_SOC_00950,2023-10-03 22:45:00,Thane,Dangerous black spot identified on Thane ghat section. Multiple heavy trucks overturned this month. Where are crash barriers? #BlackSpot #HighwaySafety,Local News Feedback,20,4,1,#BlackSpot;#HighwaySafety;#ThaneGhat,black_spot
MAHA_SOC_00951,2022-08-27 09:28:00,Mumbai,Vehicles driving on wrong side and over-speeding near Mumbai bypass. Severe accident spot! Strict policing needed. #TrafficViolation #Mumbai,Twitter/X Public Archive,7,5,4,#TrafficViolation;#Speeding;#MumbaiPolice,speeding
MAHA_SOC_00952,2021-02-17 03:24:00,Satara,Heavy waterlogging after heavy rain on Satara highway junction. Vehicles skidding and traffic halted for hours. #MonsoonTraffic #SataraFloods,Citizen Grievance Portal,91,2,0,#MonsoonTraffic;#SataraFloods;#RoadSafety,waterlogging
MAHA_SOC_00953,2021-04-07 21:51:00,Solapur,Illegal road digging and open gravel left unattended on Solapur main avenue. Two-wheelers constantly slipping. #TwoWheelerSafety #SolapurCivic,Citizen Grievance Portal,0,3,0,#TwoWheelerSafety;#RoadHazard;#CivicNegligence,road_hazards
MAHA_SOC_00954,2022-12-26 07:39:00,Pune,Massive potholes on Pune road near the main flyover. Commuters risking lives every day! @trafficpolice #PotholeAlert #RoadSafety,Local News Feedback,32,22,1,#PotholeAlert;#RoadSafety;#PuneTraffic,potholes
MAHA_SOC_00955,2022-05-14 01:36:00,Aurangabad,Deep trenches near bus stop in Aurangabad. Multiple bikers injured yesterday during evening drizzle. Urgent repairs requested. #RoadHazards #Aurangabad,Citizen Grievance Portal,39,7,6,#RoadHazards;#PotholeCrisis;#AurangabadRoads,potholes
MAHA_SOC_00956,2023-08-25 17:47:00,Mumbai,Heavy waterlogging after heavy rain on Mumbai highway junction. Vehicles skidding and traffic halted for hours. #MonsoonTraffic #MumbaiFloods,Twitter/X Public Archive,44,0,2,#MonsoonTraffic;#MumbaiFloods;#RoadSafety,waterlogging
MAHA_SOC_00957,2023-07-15 18:02:00,Mumbai,"Streetlights non-functional for past 2 weeks on Mumbai outer ring road. Zero visibility at night, high risk of head-on collisions. #DarkRoads #Mumbai",Twitter/X Public Archive,21,5,0,#DarkRoads;#Streetlights;#CivicFailure,lighting
MAHA_SOC_00958,2022-10-23 11:51:00,Pune,Illegal road digging and open gravel left unattended on Pune main avenue. Two-wheelers constantly slipping. #TwoWheelerSafety #PuneCivic,Citizen Grievance Portal,19,18,3,#TwoWheelerSafety;#RoadHazard;#CivicNegligence,road_hazards
MAHA_SOC_00959,2023-10-23 10:05:00,Solapur,Dangerous black spot identified on Solapur ghat section. Multiple heavy trucks overturned this month. Where are crash barriers? #BlackSpot #HighwaySafety,Civic Forum / Facebook,16,0,4,#BlackSpot;#HighwaySafety;#SolapurGhat,black_spot
MAHA_SOC_00960,2023-11-24 19:41:00,Pune,Speed limit 80kmph completely ignored on Pune expressway. Reckless lane cutting by intercity buses. Need speed cameras! #HighwayWatch #Pune,Citizen Grievance Portal,38,12,2,#HighwayWatch;#SpeedLimit;#ExpresswaySafety,speeding
MAHA_SOC_00961,2021-12-11 14:53:00,Thane,Speed limit 80kmph completely ignored on Thane expressway. Reckless lane cutting by intercity buses. Need speed cameras! #HighwayWatch #Thane,Local News Feedback,77,7,12,#HighwayWatch;#SpeedLimit;#ExpresswaySafety,speeding
MAHA_SOC_00962,2023-02-12 19:51:00,Nashik,Deep trenches near bus stop in Nashik. Multiple bikers injured yesterday during evening drizzle. Urgent repairs requested. #RoadHazards #Nashik,Twitter/X Public Archive,91,10,9,#RoadHazards;#PotholeCrisis;#NashikRoads,potholes
MAHA_SOC_00963,2021-09-01 01:59:00,Nagpur,No pedestrian zebra crossing or foot overbridge near school on Nagpur road. High risk for children crossing highway! #PedestrianSafety #Nagpur,Local News Feedback,10,0,1,#PedestrianSafety;#SafeStreets;#ChildrenSafety,pedestrian_safety
MAHA_SOC_00964,2023-10-29 12:50:00,Pune,Dangerous black spot identified on Pune ghat section. Multiple heavy trucks overturned this month. Where are crash barriers? #BlackSpot #HighwaySafety,Twitter/X Public Archive,25,0,6,#BlackSpot;#HighwaySafety;#PuneGhat,black_spot
MAHA_SOC_00965,2022-08-05 15:42:00,Mumbai,Dangerous black spot identified on Mumbai ghat section. Multiple heavy trucks overturned this month. Where are crash barriers? #BlackSpot #HighwaySafety,Twitter/X Public Archive,0,1,10,#BlackSpot;#HighwaySafety;#MumbaiGhat,black_spot
MAHA_SOC_00966,2021-12-26 17:56:00,Pune,Deep trenches near bus stop in Pune. Multiple bikers injured yesterday during evening drizzle. Urgent repairs requested. #RoadHazards #Pune,Twitter/X Public Archive,8,3,9,#RoadHazards;#PotholeCrisis;#PuneRoads,potholes
MAHA_SOC_00967,2021-01-16 10:45:00,Thane,Speed limit 80kmph completely ignored on Thane expressway. Reckless lane cutting by intercity buses. Need speed cameras! #HighwayWatch #Thane,Twitter/X Public Archive,73,9,1,#HighwayWatch;#SpeedLimit;#ExpresswaySafety,speeding
MAHA_SOC_00968,2021-02-18 21:15:00,Pune,Vehicles driving on wrong side and over-speeding near Pune bypass. Severe accident spot! Strict policing needed. #TrafficViolation #Pune,Twitter/X Public Archive,19,4,4,#TrafficViolation;#Speeding;#PunePolice,speeding
MAHA_SOC_00969,2022-05-03 02:31:00,Mumbai,Speed limit 80kmph completely ignored on Mumbai expressway. Reckless lane cutting by intercity buses. Need speed cameras! #HighwayWatch #Mumbai,Citizen Grievance Portal,11,9,1,#HighwayWatch;#SpeedLimit;#ExpresswaySafety,speeding
MAHA_SOC_00970,2023-01-23 11:29:00,Thane,Massive potholes on Thane road near the main flyover. Commuters risking lives every day! @trafficpolice #PotholeAlert #RoadSafety,Twitter/X Public Archive,28,11,3,#PotholeAlert;#RoadSafety;#ThaneTraffic,potholes
MAHA_SOC_00971,2023-12-25 06:04:00,Nagpur,Heavy waterlogging after heavy rain on Nagpur highway junction. Vehicles skidding and traffic halted for hours. #MonsoonTraffic #NagpurFloods,Citizen Grievance Portal,58,0,1,#MonsoonTraffic;#NagpurFloods;#RoadSafety,waterlogging
MAHA_SOC_00972,2021-01-08 09:22:00,Pune,No pedestrian zebra crossing or foot overbridge near school on Pune road. High risk for children crossing highway! #PedestrianSafety #Pune,Twitter/X Public Archive,11,10,8,#PedestrianSafety;#SafeStreets;#ChildrenSafety,pedestrian_safety
MAHA_SOC_00973,2022-01-06 18:10:00,Ahmednagar,Vehicles driving on wrong side and over-speeding near Ahmednagar bypass. Severe accident spot! Strict policing needed. #TrafficViolation #Ahmednagar,Citizen Grievance Portal,32,1,0,#TrafficViolation;#Speeding;#AhmednagarPolice,speeding
MAHA_SOC_00974,2021-02-20 00:09:00,Thane,Heavy waterlogging after heavy rain on Thane highway junction. Vehicles skidding and traffic halted for hours. #MonsoonTraffic #ThaneFloods,Civic Forum / Facebook,17,5,1,#MonsoonTraffic;#ThaneFloods;#RoadSafety,waterlogging
MAHA_SOC_00975,2023-04-03 03:32:00,Mumbai,Massive potholes on Mumbai road near the main flyover. Commuters risking lives every day! @trafficpolice #PotholeAlert #RoadSafety,Twitter/X Public Archive,85,13,1,#PotholeAlert;#RoadSafety;#MumbaiTraffic,potholes
MAHA_SOC_00976,2022-02-06 11:20:00,Solapur,"Streetlights non-functional for past 2 weeks on Solapur outer ring road. Zero visibility at night, high risk of head-on collisions. #DarkRoads #Solapur",Twitter/X Public Archive,15,6,8,#DarkRoads;#Streetlights;#CivicFailure,lighting
MAHA_SOC_00977,2023-12-13 16:19:00,Thane,Illegal road digging and open gravel left unattended on Thane main avenue. Two-wheelers constantly slipping. #TwoWheelerSafety #ThaneCivic,Civic Forum / Facebook,4,10,4,#TwoWheelerSafety;#RoadHazard;#CivicNegligence,road_hazards
MAHA_SOC_00978,2023-06-17 12:48:00,Solapur,No pedestrian zebra crossing or foot overbridge near school on Solapur road. High risk for children crossing highway! #PedestrianSafety #Solapur,Twitter/X Public Archive,9,1,0,#PedestrianSafety;#SafeStreets;#ChildrenSafety,pedestrian_safety
MAHA_SOC_00979,2022-10-15 00:48:00,Nagpur,Deep trenches near bus stop in Nagpur. Multiple bikers injured yesterday during evening drizzle. Urgent repairs requested. #RoadHazards #Nagpur,Citizen Grievance Portal,26,4,0,#RoadHazards;#PotholeCrisis;#NagpurRoads,potholes
MAHA_SOC_00980,2023-11-22 03:12:00,Pune,Traffic signals completely dead at major four-way junction in Pune. Continuous chaos and minor fender benders. #SignalFailure #Pune,Twitter/X Public Archive,46,3,14,#SignalFailure;#TrafficJam;#CivicIssue,signal_failure
MAHA_SOC_00981,2021-06-14 17:47:00,Pune,No pedestrian zebra crossing or foot overbridge near school on Pune road. High risk for children crossing highway! #PedestrianSafety #Pune,Citizen Grievance Portal,4,13,0,#PedestrianSafety;#SafeStreets;#ChildrenSafety,pedestrian_safety
MAHA_SOC_00982,2021-12-06 23:46:00,Solapur,Dangerous black spot identified on Solapur ghat section. Multiple heavy trucks overturned this month. Where are crash barriers? #BlackSpot #HighwaySafety,Twitter/X Public Archive,18,1,10,#BlackSpot;#HighwaySafety;#SolapurGhat,black_spot
MAHA_SOC_00983,2023-08-19 10:40:00,Aurangabad,Vehicles driving on wrong side and over-speeding near Aurangabad bypass. Severe accident spot! Strict policing needed. #TrafficViolation #Aurangabad,Citizen Grievance Portal,35,1,3,#TrafficViolation;#Speeding;#AurangabadPolice,speeding
MAHA_SOC_00984,2023-09-29 16:29:00,Pune,Speed limit 80kmph completely ignored on Pune expressway. Reckless lane cutting by intercity buses. Need speed cameras! #HighwayWatch #Pune,Citizen Grievance Portal,55,6,3,#HighwayWatch;#SpeedLimit;#ExpresswaySafety,speeding
MAHA_SOC_00985,2022-04-12 19:11:00,Pune,"Streetlights non-functional for past 2 weeks on Pune outer ring road. Zero visibility at night, high risk of head-on collisions. #DarkRoads #Pune",Twitter/X Public Archive,71,1,1,#DarkRoads;#Streetlights;#CivicFailure,lighting
MAHA_SOC_00986,2022-05-18 15:54:00,Satara,Massive potholes on Satara road near the main flyover. Commuters risking lives every day! @trafficpolice #PotholeAlert #RoadSafety,Twitter/X Public Archive,4,1,9,#PotholeAlert;#RoadSafety;#SataraTraffic,potholes
MAHA_SOC_00987,2022-07-18 02:01:00,Thane,Speed limit 80kmph completely ignored on Thane expressway. Reckless lane cutting by intercity buses. Need speed cameras! #HighwayWatch #Thane,Twitter/X Public Archive,13,6,7,#HighwayWatch;#SpeedLimit;#ExpresswaySafety,speeding
MAHA_SOC_00988,2023-07-18 21:10:00,Mumbai,Traffic signals completely dead at major four-way junction in Mumbai. Continuous chaos and minor fender benders. #SignalFailure #Mumbai,Local News Feedback,9,8,0,#SignalFailure;#TrafficJam;#CivicIssue,signal_failure
MAHA_SOC_00989,2023-11-28 00:13:00,Nagpur,Vehicles driving on wrong side and over-speeding near Nagpur bypass. Severe accident spot! Strict policing needed. #TrafficViolation #Nagpur,Twitter/X Public Archive,1,0,1,#TrafficViolation;#Speeding;#NagpurPolice,speeding
MAHA_SOC_00990,2021-08-26 02:50:00,Nashik,Deep trenches near bus stop in Nashik. Multiple bikers injured yesterday during evening drizzle. Urgent repairs requested. #RoadHazards #Nashik,Twitter/X Public Archive,12,7,3,#RoadHazards;#PotholeCrisis;#NashikRoads,potholes
MAHA_SOC_00991,2021-10-06 09:32:00,Aurangabad,Massive potholes on Aurangabad road near the main flyover. Commuters risking lives every day! @trafficpolice #PotholeAlert #RoadSafety,Citizen Grievance Portal,2,5,8,#PotholeAlert;#RoadSafety;#AurangabadTraffic,potholes
MAHA_SOC_00992,2022-08-29 02:47:00,Pune,"Streetlights non-functional for past 2 weeks on Pune outer ring road. Zero visibility at night, high risk of head-on collisions. #DarkRoads #Pune",Twitter/X Public Archive,9,4,0,#DarkRoads;#Streetlights;#CivicFailure,lighting
MAHA_SOC_00993,2022-05-20 12:50:00,Satara,Dangerous black spot identified on Satara ghat section. Multiple heavy trucks overturned this month. Where are crash barriers? #BlackSpot #HighwaySafety,Twitter/X Public Archive,9,15,4,#BlackSpot;#HighwaySafety;#SataraGhat,black_spot
MAHA_SOC_00994,2021-05-04 05:38:00,Aurangabad,Dangerous black spot identified on Aurangabad ghat section. Multiple heavy trucks overturned this month. Where are crash barriers? #BlackSpot #HighwaySafety,Local News Feedback,4,0,0,#BlackSpot;#HighwaySafety;#AurangabadGhat,black_spot
MAHA_SOC_00995,2021-11-29 14:28:00,Solapur,Traffic signals completely dead at major four-way junction in Solapur. Continuous chaos and minor fender benders. #SignalFailure #Solapur,Local News Feedback,67,7,5,#SignalFailure;#TrafficJam;#CivicIssue,signal_failure
MAHA_SOC_00996,2021-02-25 11:52:00,Nashik,No pedestrian zebra crossing or foot overbridge near school on Nashik road. High risk for children crossing highway! #PedestrianSafety #Nashik,Citizen Grievance Portal,8,10,1,#PedestrianSafety;#SafeStreets;#ChildrenSafety,pedestrian_safety
MAHA_SOC_00997,2021-06-07 00:03:00,Thane,Traffic signals completely dead at major four-way junction in Thane. Continuous chaos and minor fender benders. #SignalFailure #Thane,Twitter/X Public Archive,4,10,6,#SignalFailure;#TrafficJam;#CivicIssue,signal_failure
MAHA_SOC_00998,2023-03-30 17:34:00,Pune,Traffic signals completely dead at major four-way junction in Pune. Continuous chaos and minor fender benders. #SignalFailure #Pune,Twitter/X Public Archive,14,8,1,#SignalFailure;#TrafficJam;#CivicIssue,signal_failure
MAHA_SOC_00999,2023-07-08 12:04:00,Nagpur,No pedestrian zebra crossing or foot overbridge near school on Nagpur road. High risk for children crossing highway! #PedestrianSafety #Nagpur,Twitter/X Public Archive,13,2,0,#PedestrianSafety;#SafeStreets;#ChildrenSafety,pedestrian_safety
MAHA_SOC_01000,2022-07-20 23:11:00,Aurangabad,Traffic signals completely dead at major four-way junction in Aurangabad. Continuous chaos and minor fender benders. #SignalFailure #Aurangabad,Twitter/X Public Archive,18,6,4,#SignalFailure;#TrafficJam;#CivicIssue,signal_failure
MAHA_SOC_01001,2023-05-03 23:40:00,Pune,Illegal road digging and open gravel left unattended on Pune main avenue. Two-wheelers constantly slipping. #TwoWheelerSafety #PuneCivic,Citizen Grievance Portal,8,9,1,#TwoWheelerSafety;#RoadHazard;#CivicNegligence,road_hazards
MAHA_SOC_01002,2022-12-16 15:37:00,Pune,Deep trenches near bus stop in Pune. Multiple bikers injured yesterday during evening drizzle. Urgent repairs requested. #RoadHazards #Pune,Local News Feedback,2,0,1,#RoadHazards;#PotholeCrisis;#PuneRoads,potholes
MAHA_SOC_01003,2023-07-30 14:57:00,Mumbai,Massive potholes on Mumbai road near the main flyover. Commuters risking lives every day! @trafficpolice #PotholeAlert #RoadSafety,Local News Feedback,31,7,1,#PotholeAlert;#RoadSafety;#MumbaiTraffic,potholes
MAHA_SOC_01004,2021-09-26 00:20:00,Nagpur,Heavy waterlogging after heavy rain on Nagpur highway junction. Vehicles skidding and traffic halted for hours. #MonsoonTraffic #NagpurFloods,Civic Forum / Facebook,1,46,1,#MonsoonTraffic;#NagpurFloods;#RoadSafety,waterlogging
MAHA_SOC_01005,2023-08-25 13:16:00,Mumbai,Deep trenches near bus stop in Mumbai. Multiple bikers injured yesterday during evening drizzle. Urgent repairs requested. #RoadHazards #Mumbai,Civic Forum / Facebook,2,1,5,#RoadHazards;#PotholeCrisis;#MumbaiRoads,potholes
MAHA_SOC_01006,2021-05-12 23:06:00,Mumbai,Traffic signals completely dead at major four-way junction in Mumbai. Continuous chaos and minor fender benders. #SignalFailure #Mumbai,Citizen Grievance Portal,51,2,2,#SignalFailure;#TrafficJam;#CivicIssue,signal_failure
MAHA_SOC_01007,2021-04-06 23:23:00,Navi Mumbai,Traffic signals completely dead at major four-way junction in Navi Mumbai. Continuous chaos and minor fender benders. #SignalFailure #Navi Mumbai,Twitter/X Public Archive,11,7,2,#SignalFailure;#TrafficJam;#CivicIssue,signal_failure
MAHA_SOC_01008,2023-12-01 19:21:00,Nagpur,Vehicles driving on wrong side and over-speeding near Nagpur bypass. Severe accident spot! Strict policing needed. #TrafficViolation #Nagpur,Local News Feedback,1,4,0,#TrafficViolation;#Speeding;#NagpurPolice,speeding
MAHA_SOC_01009,2022-05-30 02:53:00,Mumbai,Traffic signals completely dead at major four-way junction in Mumbai. Continuous chaos and minor fender benders. #SignalFailure #Mumbai,Twitter/X Public Archive,4,3,1,#SignalFailure;#TrafficJam;#CivicIssue,signal_failure
MAHA_SOC_01010,2022-12-05 21:47:00,Pune,Speed limit 80kmph completely ignored on Pune expressway. Reckless lane cutting by intercity buses. Need speed cameras! #HighwayWatch #Pune,Civic Forum / Facebook,13,0,4,#HighwayWatch;#SpeedLimit;#ExpresswaySafety,speeding
MAHA_SOC_01011,2021-12-11 17:12:00,Mumbai,"Streetlights non-functional for past 2 weeks on Mumbai outer ring road. Zero visibility at night, high risk of head-on collisions. #DarkRoads #Mumbai",Twitter/X Public Archive,11,2,2,#DarkRoads;#Streetlights;#CivicFailure,lighting
MAHA_SOC_01012,2022-04-14 07:07:00,Nashik,Speed limit 80kmph completely ignored on Nashik expressway. Reckless lane cutting by intercity buses. Need speed cameras! #HighwayWatch #Nashik,Citizen Grievance Portal,7,0,1,#HighwayWatch;#SpeedLimit;#ExpresswaySafety,speeding
MAHA_SOC_01013,2021-02-26 19:30:00,Kolhapur,Massive potholes on Kolhapur road near the main flyover. Commuters risking lives every day! @trafficpolice #PotholeAlert #RoadSafety,Citizen Grievance Portal,30,2,8,#PotholeAlert;#RoadSafety;#KolhapurTraffic,potholes
MAHA_SOC_01014,2023-01-23 06:36:00,Kolhapur,Traffic signals completely dead at major four-way junction in Kolhapur. Continuous chaos and minor fender benders. #SignalFailure #Kolhapur,Twitter/X Public Archive,82,1,0,#SignalFailure;#TrafficJam;#CivicIssue,signal_failure
MAHA_SOC_01015,2021-09-03 06:15:00,Kolhapur,Massive potholes on Kolhapur road near the main flyover. Commuters risking lives every day! @trafficpolice #PotholeAlert #RoadSafety,Citizen Grievance Portal,3,1,3,#PotholeAlert;#RoadSafety;#KolhapurTraffic,potholes
MAHA_SOC_01016,2022-10-12 12:31:00,Pune,Deep trenches near bus stop in Pune. Multiple bikers injured yesterday during evening drizzle. Urgent repairs requested. #RoadHazards #Pune,Citizen Grievance Portal,7,10,2,#RoadHazards;#PotholeCrisis;#PuneRoads,potholes
MAHA_SOC_01017,2023-09-17 02:34:00,Aurangabad,"Streetlights non-functional for past 2 weeks on Aurangabad outer ring road. Zero visibility at night, high risk of head-on collisions. #DarkRoads #Aurangabad",Twitter/X Public Archive,11,2,4,#DarkRoads;#Streetlights;#CivicFailure,lighting
MAHA_SOC_01018,2022-04-14 14:59:00,Pune,Vehicles driving on wrong side and over-speeding near Pune bypass. Severe accident spot! Strict policing needed. #TrafficViolation #Pune,Local News Feedback,33,5,0,#TrafficViolation;#Speeding;#PunePolice,speeding
MAHA_SOC_01019,2021-11-12 07:04:00,Nashik,"Streetlights non-functional for past 2 weeks on Nashik outer ring road. Zero visibility at night, high risk of head-on collisions. #DarkRoads #Nashik",Civic Forum / Facebook,23,0,0,#DarkRoads;#Streetlights;#CivicFailure,lighting
MAHA_SOC_01020,2023-01-06 01:56:00,Thane,Vehicles driving on wrong side and over-speeding near Thane bypass. Severe accident spot! Strict policing needed. #TrafficViolation #Thane,Twitter/X Public Archive,33,2,2,#TrafficViolation;#Speeding;#ThanePolice,speeding
MAHA_SOC_01021,2022-09-15 10:48:00,Thane,Deep trenches near bus stop in Thane. Multiple bikers injured yesterday during evening drizzle. Urgent repairs requested. #RoadHazards #Thane,Twitter/X Public Archive,13,2,9,#RoadHazards;#PotholeCrisis;#ThaneRoads,potholes
MAHA_SOC_01022,2021-05-07 15:29:00,Mumbai,Massive potholes on Mumbai road near the main flyover. Commuters risking lives every day! @trafficpolice #PotholeAlert #RoadSafety,Twitter/X Public Archive,2,7,1,#PotholeAlert;#RoadSafety;#MumbaiTraffic,potholes
MAHA_SOC_01023,2022-08-30 10:13:00,Aurangabad,Massive potholes on Aurangabad road near the main flyover. Commuters risking lives every day! @trafficpolice #PotholeAlert #RoadSafety,Local News Feedback,3,4,6,#PotholeAlert;#RoadSafety;#AurangabadTraffic,potholes
MAHA_SOC_01024,2023-01-30 23:30:00,Pune,Deep trenches near bus stop in Pune. Multiple bikers injured yesterday during evening drizzle. Urgent repairs requested. #RoadHazards #Pune,Twitter/X Public Archive,21,16,6,#RoadHazards;#PotholeCrisis;#PuneRoads,potholes
MAHA_SOC_01025,2022-05-15 00:57:00,Mumbai,No pedestrian zebra crossing or foot overbridge near school on Mumbai road. High risk for children crossing highway! #PedestrianSafety #Mumbai,Twitter/X Public Archive,17,3,5,#PedestrianSafety;#SafeStreets;#ChildrenSafety,pedestrian_safety
MAHA_SOC_01026,2023-02-18 11:16:00,Thane,Heavy waterlogging after heavy rain on Thane highway junction. Vehicles skidding and traffic halted for hours. #MonsoonTraffic #ThaneFloods,Civic Forum / Facebook,7,8,0,#MonsoonTraffic;#ThaneFloods;#RoadSafety,waterlogging
MAHA_SOC_01027,2023-01-08 04:13:00,Nashik,Vehicles driving on wrong side and over-speeding near Nashik bypass. Severe accident spot! Strict policing needed. #TrafficViolation #Nashik,Twitter/X Public Archive,13,1,7,#TrafficViolation;#Speeding;#NashikPolice,speeding
MAHA_SOC_01028,2023-07-25 09:50:00,Aurangabad,Deep trenches near bus stop in Aurangabad. Multiple bikers injured yesterday during evening drizzle. Urgent repairs requested. #RoadHazards #Aurangabad,Twitter/X Public Archive,41,0,3,#RoadHazards;#PotholeCrisis;#AurangabadRoads,potholes
MAHA_SOC_01029,2021-09-17 09:21:00,Navi Mumbai,Massive potholes on Navi Mumbai road near the main flyover. Commuters risking lives every day! @trafficpolice #PotholeAlert #RoadSafety,Twitter/X Public Archive,5,0,0,#PotholeAlert;#RoadSafety;#Navi MumbaiTraffic,potholes
MAHA_SOC_01030,2021-02-06 08:21:00,Satara,"Streetlights non-functional for past 2 weeks on Satara outer ring road. Zero visibility at night, high risk of head-on collisions. #DarkRoads #Satara",Twitter/X Public Archive,7,6,4,#DarkRoads;#Streetlights;#CivicFailure,lighting
MAHA_SOC_01031,2022-07-21 11:43:00,Aurangabad,Deep trenches near bus stop in Aurangabad. Multiple bikers injured yesterday during evening drizzle. Urgent repairs requested. #RoadHazards #Aurangabad,Twitter/X Public Archive,20,9,4,#RoadHazards;#PotholeCrisis;#AurangabadRoads,potholes
MAHA_SOC_01032,2021-11-10 18:40:00,Navi Mumbai,Illegal road digging and open gravel left unattended on Navi Mumbai main avenue. Two-wheelers constantly slipping. #TwoWheelerSafety #Navi MumbaiCivic,Twitter/X Public Archive,8,0,0,#TwoWheelerSafety;#RoadHazard;#CivicNegligence,road_hazards
MAHA_SOC_01033,2021-05-04 17:08:00,Pune,Deep trenches near bus stop in Pune. Multiple bikers injured yesterday during evening drizzle. Urgent repairs requested. #RoadHazards #Pune,Citizen Grievance Portal,5,5,5,#RoadHazards;#PotholeCrisis;#PuneRoads,potholes
MAHA_SOC_01034,2022-04-30 16:48:00,Thane,Illegal road digging and open gravel left unattended on Thane main avenue. Two-wheelers constantly slipping. #TwoWheelerSafety #ThaneCivic,Twitter/X Public Archive,13,1,0,#TwoWheelerSafety;#RoadHazard;#CivicNegligence,road_hazards
MAHA_SOC_01035,2023-12-24 03:49:00,Pune,Speed limit 80kmph completely ignored on Pune expressway. Reckless lane cutting by intercity buses. Need speed cameras! #HighwayWatch #Pune,Twitter/X Public Archive,48,2,1,#HighwayWatch;#SpeedLimit;#ExpresswaySafety,speeding
MAHA_SOC_01036,2021-01-09 03:17:00,Kolhapur,Deep trenches near bus stop in Kolhapur. Multiple bikers injured yesterday during evening drizzle. Urgent repairs requested. #RoadHazards #Kolhapur,Twitter/X Public Archive,32,9,1,#RoadHazards;#PotholeCrisis;#KolhapurRoads,potholes
MAHA_SOC_01037,2021-08-23 03:14:00,Mumbai,Dangerous black spot identified on Mumbai ghat section. Multiple heavy trucks overturned this month. Where are crash barriers? #BlackSpot #HighwaySafety,Citizen Grievance Portal,10,3,0,#BlackSpot;#HighwaySafety;#MumbaiGhat,black_spot
MAHA_SOC_01038,2021-05-01 11:56:00,Aurangabad,Traffic signals completely dead at major four-way junction in Aurangabad. Continuous chaos and minor fender benders. #SignalFailure #Aurangabad,Citizen Grievance Portal,15,0,5,#SignalFailure;#TrafficJam;#CivicIssue,signal_failure
MAHA_SOC_01039,2021-01-23 16:09:00,Pune,Deep trenches near bus stop in Pune. Multiple bikers injured yesterday during evening drizzle. Urgent repairs requested. #RoadHazards #Pune,Local News Feedback,38,12,1,#RoadHazards;#PotholeCrisis;#PuneRoads,potholes
MAHA_SOC_01040,2022-08-20 22:33:00,Aurangabad,"Streetlights non-functional for past 2 weeks on Aurangabad outer ring road. Zero visibility at night, high risk of head-on collisions. #DarkRoads #Aurangabad",Twitter/X Public Archive,3,9,4,#DarkRoads;#Streetlights;#CivicFailure,lighting
MAHA_SOC_01041,2022-06-28 01:35:00,Kolhapur,Illegal road digging and open gravel left unattended on Kolhapur main avenue. Two-wheelers constantly slipping. #TwoWheelerSafety #KolhapurCivic,Civic Forum / Facebook,1,17,0,#TwoWheelerSafety;#RoadHazard;#CivicNegligence,road_hazards
MAHA_SOC_01042,2021-07-17 17:05:00,Pune,Illegal road digging and open gravel left unattended on Pune main avenue. Two-wheelers constantly slipping. #TwoWheelerSafety #PuneCivic,Local News Feedback,7,7,2,#TwoWheelerSafety;#RoadHazard;#CivicNegligence,road_hazards
MAHA_SOC_01043,2022-03-19 10:38:00,Nagpur,Deep trenches near bus stop in Nagpur. Multiple bikers injured yesterday during evening drizzle. Urgent repairs requested. #RoadHazards #Nagpur,Twitter/X Public Archive,0,4,6,#RoadHazards;#PotholeCrisis;#NagpurRoads,potholes
MAHA_SOC_01044,2022-09-03 23:46:00,Mumbai,"Streetlights non-functional for past 2 weeks on Mumbai outer ring road. Zero visibility at night, high risk of head-on collisions. #DarkRoads #Mumbai",Twitter/X Public Archive,11,4,8,#DarkRoads;#Streetlights;#CivicFailure,lighting
MAHA_SOC_01045,2023-09-07 15:29:00,Solapur,Heavy waterlogging after heavy rain on Solapur highway junction. Vehicles skidding and traffic halted for hours. #MonsoonTraffic #SolapurFloods,Twitter/X Public Archive,21,9,0,#MonsoonTraffic;#SolapurFloods;#RoadSafety,waterlogging
MAHA_SOC_01046,2023-11-09 07:27:00,Pune,"Streetlights non-functional for past 2 weeks on Pune outer ring road. Zero visibility at night, high risk of head-on collisions. #DarkRoads #Pune",Twitter/X Public Archive,22,5,3,#DarkRoads;#Streetlights;#CivicFailure,lighting
MAHA_SOC_01047,2023-04-03 00:00:00,Navi Mumbai,Deep trenches near bus stop in Navi Mumbai. Multiple bikers injured yesterday during evening drizzle. Urgent repairs requested. #RoadHazards #Navi Mumbai,Twitter/X Public Archive,2,15,2,#RoadHazards;#PotholeCrisis;#Navi MumbaiRoads,potholes
MAHA_SOC_01048,2022-11-09 08:51:00,Pune,Traffic signals completely dead at major four-way junction in Pune. Continuous chaos and minor fender benders. #SignalFailure #Pune,Twitter/X Public Archive,33,1,12,#SignalFailure;#TrafficJam;#CivicIssue,signal_failure
MAHA_SOC_01049,2022-12-09 21:55:00,Mumbai,Dangerous black spot identified on Mumbai ghat section. Multiple heavy trucks overturned this month. Where are crash barriers? #BlackSpot #HighwaySafety,Twitter/X Public Archive,20,2,5,#BlackSpot;#HighwaySafety;#MumbaiGhat,black_spot
MAHA_SOC_01050,2023-06-03 05:08:00,Satara,Massive potholes on Satara road near the main flyover. Commuters risking lives every day! @trafficpolice #PotholeAlert #RoadSafety,Twitter/X Public Archive,16,3,0,#PotholeAlert;#RoadSafety;#SataraTraffic,potholes
MAHA_SOC_01051,2023-05-07 19:07:00,Pune,Dangerous black spot identified on Pune ghat section. Multiple heavy trucks overturned this month. Where are crash barriers? #BlackSpot #HighwaySafety,Twitter/X Public Archive,22,20,8,#BlackSpot;#HighwaySafety;#PuneGhat,black_spot
MAHA_SOC_01052,2021-03-14 11:44:00,Nagpur,"Streetlights non-functional for past 2 weeks on Nagpur outer ring road. Zero visibility at night, high risk of head-on collisions. #DarkRoads #Nagpur",Citizen Grievance Portal,8,2,0,#DarkRoads;#Streetlights;#CivicFailure,lighting
MAHA_SOC_01053,2022-07-20 09:35:00,Thane,Deep trenches near bus stop in Thane. Multiple bikers injured yesterday during evening drizzle. Urgent repairs requested. #RoadHazards #Thane,Citizen Grievance Portal,4,3,6,#RoadHazards;#PotholeCrisis;#ThaneRoads,potholes
MAHA_SOC_01054,2022-04-21 18:01:00,Navi Mumbai,Vehicles driving on wrong side and over-speeding near Navi Mumbai bypass. Severe accident spot! Strict policing needed. #TrafficViolation #Navi Mumbai,Citizen Grievance Portal,60,0,4,#TrafficViolation;#Speeding;#Navi MumbaiPolice,speeding
MAHA_SOC_01055,2023-09-17 18:41:00,Thane,Speed limit 80kmph completely ignored on Thane expressway. Reckless lane cutting by intercity buses. Need speed cameras! #HighwayWatch #Thane,Twitter/X Public Archive,3,16,0,#HighwayWatch;#SpeedLimit;#ExpresswaySafety,speeding
MAHA_SOC_01056,2021-02-19 02:47:00,Nashik,Vehicles driving on wrong side and over-speeding near Nashik bypass. Severe accident spot! Strict policing needed. #TrafficViolation #Nashik,Twitter/X Public Archive,6,1,12,#TrafficViolation;#Speeding;#NashikPolice,speeding
MAHA_SOC_01057,2021-10-11 07:28:00,Thane,Massive potholes on Thane road near the main flyover. Commuters risking lives every day! @trafficpolice #PotholeAlert #RoadSafety,Citizen Grievance Portal,26,21,7,#PotholeAlert;#RoadSafety;#ThaneTraffic,potholes
MAHA_SOC_01058,2023-04-06 19:15:00,Satara,No pedestrian zebra crossing or foot overbridge near school on Satara road. High risk for children crossing highway! #PedestrianSafety #Satara,Citizen Grievance Portal,36,1,13,#PedestrianSafety;#SafeStreets;#ChildrenSafety,pedestrian_safety
MAHA_SOC_01059,2023-07-01 23:27:00,Pune,Heavy waterlogging after heavy rain on Pune highway junction. Vehicles skidding and traffic halted for hours. #MonsoonTraffic #PuneFloods,Twitter/X Public Archive,14,5,4,#MonsoonTraffic;#PuneFloods;#RoadSafety,waterlogging
MAHA_SOC_01060,2022-04-29 22:54:00,Kolhapur,Speed limit 80kmph completely ignored on Kolhapur expressway. Reckless lane cutting by intercity buses. Need speed cameras! #HighwayWatch #Kolhapur,Twitter/X Public Archive,57,4,9,#HighwayWatch;#SpeedLimit;#ExpresswaySafety,speeding
MAHA_SOC_01061,2023-09-04 08:00:00,Nagpur,Heavy waterlogging after heavy rain on Nagpur highway junction. Vehicles skidding and traffic halted for hours. #MonsoonTraffic #NagpurFloods,Citizen Grievance Portal,3,6,4,#MonsoonTraffic;#NagpurFloods;#RoadSafety,waterlogging
MAHA_SOC_01062,2023-12-19 19:55:00,Mumbai,Traffic signals completely dead at major four-way junction in Mumbai. Continuous chaos and minor fender benders. #SignalFailure #Mumbai,Twitter/X Public Archive,10,0,1,#SignalFailure;#TrafficJam;#CivicIssue,signal_failure
MAHA_SOC_01063,2021-10-16 19:21:00,Solapur,Traffic signals completely dead at major four-way junction in Solapur. Continuous chaos and minor fender benders. #SignalFailure #Solapur,Twitter/X Public Archive,19,3,1,#SignalFailure;#TrafficJam;#CivicIssue,signal_failure
MAHA_SOC_01064,2023-10-31 10:02:00,Pune,Traffic signals completely dead at major four-way junction in Pune. Continuous chaos and minor fender benders. #SignalFailure #Pune,Twitter/X Public Archive,21,3,0,#SignalFailure;#TrafficJam;#CivicIssue,signal_failure
MAHA_SOC_01065,2021-06-05 14:43:00,Thane,Vehicles driving on wrong side and over-speeding near Thane bypass. Severe accident spot! Strict policing needed. #TrafficViolation #Thane,Twitter/X Public Archive,54,7,0,#TrafficViolation;#Speeding;#ThanePolice,speeding
MAHA_SOC_01066,2023-11-04 11:59:00,Nashik,No pedestrian zebra crossing or foot overbridge near school on Nashik road. High risk for children crossing highway! #PedestrianSafety #Nashik,Twitter/X Public Archive,3,0,2,#PedestrianSafety;#SafeStreets;#ChildrenSafety,pedestrian_safety
MAHA_SOC_01067,2021-01-14 04:01:00,Pune,Dangerous black spot identified on Pune ghat section. Multiple heavy trucks overturned this month. Where are crash barriers? #BlackSpot #HighwaySafety,Twitter/X Public Archive,1,6,0,#BlackSpot;#HighwaySafety;#PuneGhat,black_spot
MAHA_SOC_01068,2022-10-03 06:13:00,Pune,Illegal road digging and open gravel left unattended on Pune main avenue. Two-wheelers constantly slipping. #TwoWheelerSafety #PuneCivic,Civic Forum / Facebook,6,0,5,#TwoWheelerSafety;#RoadHazard;#CivicNegligence,road_hazards
MAHA_SOC_01069,2021-06-06 14:38:00,Nashik,Illegal road digging and open gravel left unattended on Nashik main avenue. Two-wheelers constantly slipping. #TwoWheelerSafety #NashikCivic,Twitter/X Public Archive,3,16,3,#TwoWheelerSafety;#RoadHazard;#CivicNegligence,road_hazards
MAHA_SOC_01070,2023-09-12 08:47:00,Nashik,Dangerous black spot identified on Nashik ghat section. Multiple heavy trucks overturned this month. Where are crash barriers? #BlackSpot #HighwaySafety,Twitter/X Public Archive,49,5,2,#BlackSpot;#HighwaySafety;#NashikGhat,black_spot
MAHA_SOC_01071,2022-07-13 05:36:00,Thane,Traffic signals completely dead at major four-way junction in Thane. Continuous chaos and minor fender benders. #SignalFailure #Thane,Twitter/X Public Archive,17,2,2,#SignalFailure;#TrafficJam;#CivicIssue,signal_failure
MAHA_SOC_01072,2022-11-12 03:16:00,Ahmednagar,Massive potholes on Ahmednagar road near the main flyover. Commuters risking lives every day! @trafficpolice #PotholeAlert #RoadSafety,Civic Forum / Facebook,48,2,1,#PotholeAlert;#RoadSafety;#AhmednagarTraffic,potholes
MAHA_SOC_01073,2022-06-09 03:19:00,Pune,Traffic signals completely dead at major four-way junction in Pune. Continuous chaos and minor fender benders. #SignalFailure #Pune,Twitter/X Public Archive,18,0,4,#SignalFailure;#TrafficJam;#CivicIssue,signal_failure
MAHA_SOC_01074,2021-05-15 18:37:00,Nashik,Deep trenches near bus stop in Nashik. Multiple bikers injured yesterday during evening drizzle. Urgent repairs requested. #RoadHazards #Nashik,Citizen Grievance Portal,4,11,5,#RoadHazards;#PotholeCrisis;#NashikRoads,potholes
MAHA_SOC_01075,2023-05-14 15:47:00,Mumbai,Dangerous black spot identified on Mumbai ghat section. Multiple heavy trucks overturned this month. Where are crash barriers? #BlackSpot #HighwaySafety,Twitter/X Public Archive,4,15,5,#BlackSpot;#HighwaySafety;#MumbaiGhat,black_spot
MAHA_SOC_01076,2021-11-15 16:01:00,Pune,Illegal road digging and open gravel left unattended on Pune main avenue. Two-wheelers constantly slipping. #TwoWheelerSafety #PuneCivic,Twitter/X Public Archive,35,7,0,#TwoWheelerSafety;#RoadHazard;#CivicNegligence,road_hazards
MAHA_SOC_01077,2021-10-08 23:17:00,Mumbai,Speed limit 80kmph completely ignored on Mumbai expressway. Reckless lane cutting by intercity buses. Need speed cameras! #HighwayWatch #Mumbai,Citizen Grievance Portal,7,1,1,#HighwayWatch;#SpeedLimit;#ExpresswaySafety,speeding
MAHA_SOC_01078,2023-01-26 02:05:00,Mumbai,No pedestrian zebra crossing or foot overbridge near school on Mumbai road. High risk for children crossing highway! #PedestrianSafety #Mumbai,Citizen Grievance Portal,3,0,0,#PedestrianSafety;#SafeStreets;#ChildrenSafety,pedestrian_safety
MAHA_SOC_01079,2023-12-06 16:28:00,Nashik,Speed limit 80kmph completely ignored on Nashik expressway. Reckless lane cutting by intercity buses. Need speed cameras! #HighwayWatch #Nashik,Twitter/X Public Archive,2,2,0,#HighwayWatch;#SpeedLimit;#ExpresswaySafety,speeding
MAHA_SOC_01080,2021-12-06 15:21:00,Pune,Massive potholes on Pune road near the main flyover. Commuters risking lives every day! @trafficpolice #PotholeAlert #RoadSafety,Citizen Grievance Portal,4,3,2,#PotholeAlert;#RoadSafety;#PuneTraffic,potholes
MAHA_SOC_01081,2023-01-20 13:00:00,Nagpur,Deep trenches near bus stop in Nagpur. Multiple bikers injured yesterday during evening drizzle. Urgent repairs requested. #RoadHazards #Nagpur,Twitter/X Public Archive,16,1,7,#RoadHazards;#PotholeCrisis;#NagpurRoads,potholes
MAHA_SOC_01082,2023-07-06 16:39:00,Nagpur,Deep trenches near bus stop in Nagpur. Multiple bikers injured yesterday during evening drizzle. Urgent repairs requested. #RoadHazards #Nagpur,Twitter/X Public Archive,6,6,1,#RoadHazards;#PotholeCrisis;#NagpurRoads,potholes
MAHA_SOC_01083,2022-05-16 05:06:00,Thane,Vehicles driving on wrong side and over-speeding near Thane bypass. Severe accident spot! Strict policing needed. #TrafficViolation #Thane,Local News Feedback,23,1,5,#TrafficViolation;#Speeding;#ThanePolice,speeding
MAHA_SOC_01084,2023-09-15 19:13:00,Pune,"Streetlights non-functional for past 2 weeks on Pune outer ring road. Zero visibility at night, high risk of head-on collisions. #DarkRoads #Pune",Twitter/X Public Archive,27,13,1,#DarkRoads;#Streetlights;#CivicFailure,lighting
MAHA_SOC_01085,2022-09-07 01:43:00,Solapur,"Streetlights non-functional for past 2 weeks on Solapur outer ring road. Zero visibility at night, high risk of head-on collisions. #DarkRoads #Solapur",Citizen Grievance Portal,6,1,6,#DarkRoads;#Streetlights;#CivicFailure,lighting
MAHA_SOC_01086,2023-04-11 22:22:00,Nashik,Heavy waterlogging after heavy rain on Nashik highway junction. Vehicles skidding and traffic halted for hours. #MonsoonTraffic #NashikFloods,Twitter/X Public Archive,1,7,2,#MonsoonTraffic;#NashikFloods;#RoadSafety,waterlogging
MAHA_SOC_01087,2023-09-22 23:05:00,Kolhapur,Massive potholes on Kolhapur road near the main flyover. Commuters risking lives every day! @trafficpolice #PotholeAlert #RoadSafety,Citizen Grievance Portal,1,4,10,#PotholeAlert;#RoadSafety;#KolhapurTraffic,potholes
MAHA_SOC_01088,2023-04-09 04:13:00,Satara,No pedestrian zebra crossing or foot overbridge near school on Satara road. High risk for children crossing highway! #PedestrianSafety #Satara,Civic Forum / Facebook,45,3,4,#PedestrianSafety;#SafeStreets;#ChildrenSafety,pedestrian_safety
MAHA_SOC_01089,2022-12-27 20:08:00,Nashik,Dangerous black spot identified on Nashik ghat section. Multiple heavy trucks overturned this month. Where are crash barriers? #BlackSpot #HighwaySafety,Civic Forum / Facebook,5,1,2,#BlackSpot;#HighwaySafety;#NashikGhat,black_spot
MAHA_SOC_01090,2023-06-02 16:02:00,Mumbai,"Streetlights non-functional for past 2 weeks on Mumbai outer ring road. Zero visibility at night, high risk of head-on collisions. #DarkRoads #Mumbai",Twitter/X Public Archive,31,4,2,#DarkRoads;#Streetlights;#CivicFailure,lighting
MAHA_SOC_01091,2023-07-11 01:54:00,Nashik,Massive potholes on Nashik road near the main flyover. Commuters risking lives every day! @trafficpolice #PotholeAlert #RoadSafety,Twitter/X Public Archive,31,0,4,#PotholeAlert;#RoadSafety;#NashikTraffic,potholes
MAHA_SOC_01092,2021-11-30 04:21:00,Kolhapur,Illegal road digging and open gravel left unattended on Kolhapur main avenue. Two-wheelers constantly slipping. #TwoWheelerSafety #KolhapurCivic,Civic Forum / Facebook,20,1,5,#TwoWheelerSafety;#RoadHazard;#CivicNegligence,road_hazards
MAHA_SOC_01093,2022-07-24 02:21:00,Nashik,Illegal road digging and open gravel left unattended on Nashik main avenue. Two-wheelers constantly slipping. #TwoWheelerSafety #NashikCivic,Twitter/X Public Archive,26,1,2,#TwoWheelerSafety;#RoadHazard;#CivicNegligence,road_hazards
MAHA_SOC_01094,2021-11-01 09:55:00,Nagpur,Illegal road digging and open gravel left unattended on Nagpur main avenue. Two-wheelers constantly slipping. #TwoWheelerSafety #NagpurCivic,Twitter/X Public Archive,1,8,0,#TwoWheelerSafety;#RoadHazard;#CivicNegligence,road_hazards
MAHA_SOC_01095,2023-12-24 12:42:00,Pune,Massive potholes on Pune road near the main flyover. Commuters risking lives every day! @trafficpolice #PotholeAlert #RoadSafety,Local News Feedback,22,0,11,#PotholeAlert;#RoadSafety;#PuneTraffic,potholes
MAHA_SOC_01096,2022-12-24 18:16:00,Aurangabad,Speed limit 80kmph completely ignored on Aurangabad expressway. Reckless lane cutting by intercity buses. Need speed cameras! #HighwayWatch #Aurangabad,Twitter/X Public Archive,1,12,0,#HighwayWatch;#SpeedLimit;#ExpresswaySafety,speeding
MAHA_SOC_01097,2022-02-23 17:49:00,Aurangabad,Traffic signals completely dead at major four-way junction in Aurangabad. Continuous chaos and minor fender benders. #SignalFailure #Aurangabad,Twitter/X Public Archive,29,7,9,#SignalFailure;#TrafficJam;#CivicIssue,signal_failure
MAHA_SOC_01098,2023-09-26 19:56:00,Ahmednagar,No pedestrian zebra crossing or foot overbridge near school on Ahmednagar road. High risk for children crossing highway! #PedestrianSafety #Ahmednagar,Twitter/X Public Archive,18,7,1,#PedestrianSafety;#SafeStreets;#ChildrenSafety,pedestrian_safety
MAHA_SOC_01099,2023-05-12 02:58:00,Navi Mumbai,Heavy waterlogging after heavy rain on Navi Mumbai highway junction. Vehicles skidding and traffic halted for hours. #MonsoonTraffic #Navi MumbaiFloods,Twitter/X Public Archive,18,9,7,#MonsoonTraffic;#Navi MumbaiFloods;#RoadSafety,waterlogging
MAHA_SOC_01100,2022-05-25 17:17:00,Mumbai,Traffic signals completely dead at major four-way junction in Mumbai. Continuous chaos and minor fender benders. #SignalFailure #Mumbai,Twitter/X Public Archive,26,3,1,#SignalFailure;#TrafficJam;#CivicIssue,signal_failure
MAHA_SOC_01101,2021-04-15 01:48:00,Nagpur,Deep trenches near bus stop in Nagpur. Multiple bikers injured yesterday during evening drizzle. Urgent repairs requested. #RoadHazards #Nagpur,Twitter/X Public Archive,1,13,0,#RoadHazards;#PotholeCrisis;#NagpurRoads,potholes
MAHA_SOC_01102,2021-05-03 22:27:00,Ahmednagar,Illegal road digging and open gravel left unattended on Ahmednagar main avenue. Two-wheelers constantly slipping. #TwoWheelerSafety #AhmednagarCivic,Twitter/X Public Archive,55,2,10,#TwoWheelerSafety;#RoadHazard;#CivicNegligence,road_hazards
MAHA_SOC_01103,2021-04-04 12:48:00,Nashik,Deep trenches near bus stop in Nashik. Multiple bikers injured yesterday during evening drizzle. Urgent repairs requested. #RoadHazards #Nashik,Twitter/X Public Archive,30,39,2,#RoadHazards;#PotholeCrisis;#NashikRoads,potholes
MAHA_SOC_01104,2022-07-10 12:51:00,Thane,No pedestrian zebra crossing or foot overbridge near school on Thane road. High risk for children crossing highway! #PedestrianSafety #Thane,Twitter/X Public Archive,17,2,5,#PedestrianSafety;#SafeStreets;#ChildrenSafety,pedestrian_safety
MAHA_SOC_01105,2021-05-06 09:17:00,Pune,Speed limit 80kmph completely ignored on Pune expressway. Reckless lane cutting by intercity buses. Need speed cameras! #HighwayWatch #Pune,Twitter/X Public Archive,15,1,3,#HighwayWatch;#SpeedLimit;#ExpresswaySafety,speeding
MAHA_SOC_01106,2021-04-14 05:40:00,Pune,No pedestrian zebra crossing or foot overbridge near school on Pune road. High risk for children crossing highway! #PedestrianSafety #Pune,Citizen Grievance Portal,22,0,2,#PedestrianSafety;#SafeStreets;#ChildrenSafety,pedestrian_safety
MAHA_SOC_01107,2023-02-06 15:41:00,Thane,Dangerous black spot identified on Thane ghat section. Multiple heavy trucks overturned this month. Where are crash barriers? #BlackSpot #HighwaySafety,Twitter/X Public Archive,14,6,0,#BlackSpot;#HighwaySafety;#ThaneGhat,black_spot
MAHA_SOC_01108,2022-05-05 12:49:00,Pune,"Streetlights non-functional for past 2 weeks on Pune outer ring road. Zero visibility at night, high risk of head-on collisions. #DarkRoads #Pune",Citizen Grievance Portal,14,0,4,#DarkRoads;#Streetlights;#CivicFailure,lighting
MAHA_SOC_01109,2022-01-21 14:21:00,Nagpur,No pedestrian zebra crossing or foot overbridge near school on Nagpur road. High risk for children crossing highway! #PedestrianSafety #Nagpur,Twitter/X Public Archive,2,2,8,#PedestrianSafety;#SafeStreets;#ChildrenSafety,pedestrian_safety
MAHA_SOC_01110,2022-12-01 19:31:00,Satara,"Streetlights non-functional for past 2 weeks on Satara outer ring road. Zero visibility at night, high risk of head-on collisions. #DarkRoads #Satara",Citizen Grievance Portal,28,6,2,#DarkRoads;#Streetlights;#CivicFailure,lighting
MAHA_SOC_01111,2023-07-08 19:58:00,Nashik,Vehicles driving on wrong side and over-speeding near Nashik bypass. Severe accident spot! Strict policing needed. #TrafficViolation #Nashik,Citizen Grievance Portal,19,1,9,#TrafficViolation;#Speeding;#NashikPolice,speeding
MAHA_SOC_01112,2022-06-15 10:42:00,Mumbai,Heavy waterlogging after heavy rain on Mumbai highway junction. Vehicles skidding and traffic halted for hours. #MonsoonTraffic #MumbaiFloods,Citizen Grievance Portal,32,3,1,#MonsoonTraffic;#MumbaiFloods;#RoadSafety,waterlogging
MAHA_SOC_01113,2022-04-17 19:45:00,Pune,Vehicles driving on wrong side and over-speeding near Pune bypass. Severe accident spot! Strict policing needed. #TrafficViolation #Pune,Local News Feedback,25,2,2,#TrafficViolation;#Speeding;#PunePolice,speeding
MAHA_SOC_01114,2022-03-03 07:10:00,Solapur,No pedestrian zebra crossing or foot overbridge near school on Solapur road. High risk for children crossing highway! #PedestrianSafety #Solapur,Local News Feedback,12,0,2,#PedestrianSafety;#SafeStreets;#ChildrenSafety,pedestrian_safety
MAHA_SOC_01115,2021-09-18 03:31:00,Nagpur,Vehicles driving on wrong side and over-speeding near Nagpur bypass. Severe accident spot! Strict policing needed. #TrafficViolation #Nagpur,Twitter/X Public Archive,37,8,14,#TrafficViolation;#Speeding;#NagpurPolice,speeding
MAHA_SOC_01116,2021-06-02 08:30:00,Nashik,Illegal road digging and open gravel left unattended on Nashik main avenue. Two-wheelers constantly slipping. #TwoWheelerSafety #NashikCivic,Civic Forum / Facebook,8,6,0,#TwoWheelerSafety;#RoadHazard;#CivicNegligence,road_hazards
MAHA_SOC_01117,2022-05-06 06:06:00,Pune,"Streetlights non-functional for past 2 weeks on Pune outer ring road. Zero visibility at night, high risk of head-on collisions. #DarkRoads #Pune",Civic Forum / Facebook,10,0,3,#DarkRoads;#Streetlights;#CivicFailure,lighting
MAHA_SOC_01118,2022-04-26 14:52:00,Navi Mumbai,Heavy waterlogging after heavy rain on Navi Mumbai highway junction. Vehicles skidding and traffic halted for hours. #MonsoonTraffic #Navi MumbaiFloods,Twitter/X Public Archive,28,4,4,#MonsoonTraffic;#Navi MumbaiFloods;#RoadSafety,waterlogging
MAHA_SOC_01119,2021-10-08 18:14:00,Pune,Illegal road digging and open gravel left unattended on Pune main avenue. Two-wheelers constantly slipping. #TwoWheelerSafety #PuneCivic,Twitter/X Public Archive,0,4,3,#TwoWheelerSafety;#RoadHazard;#CivicNegligence,road_hazards
MAHA_SOC_01120,2021-08-29 08:43:00,Pune,No pedestrian zebra crossing or foot overbridge near school on Pune road. High risk for children crossing highway! #PedestrianSafety #Pune,Twitter/X Public Archive,1,1,0,#PedestrianSafety;#SafeStreets;#ChildrenSafety,pedestrian_safety
MAHA_SOC_01121,2023-12-31 05:12:00,Pune,Dangerous black spot identified on Pune ghat section. Multiple heavy trucks overturned this month. Where are crash barriers? #BlackSpot #HighwaySafety,Twitter/X Public Archive,1,2,6,#BlackSpot;#HighwaySafety;#PuneGhat,black_spot
MAHA_SOC_01122,2022-11-27 12:07:00,Pune,No pedestrian zebra crossing or foot overbridge near school on Pune road. High risk for children crossing highway! #PedestrianSafety #Pune,Twitter/X Public Archive,6,5,2,#PedestrianSafety;#SafeStreets;#ChildrenSafety,pedestrian_safety
MAHA_SOC_01123,2022-08-19 20:07:00,Pune,Heavy waterlogging after heavy rain on Pune highway junction. Vehicles skidding and traffic halted for hours. #MonsoonTraffic #PuneFloods,Twitter/X Public Archive,9,9,6,#MonsoonTraffic;#PuneFloods;#RoadSafety,waterlogging
MAHA_SOC_01124,2022-12-14 17:50:00,Thane,Traffic signals completely dead at major four-way junction in Thane. Continuous chaos and minor fender benders. #SignalFailure #Thane,Citizen Grievance Portal,13,3,1,#SignalFailure;#TrafficJam;#CivicIssue,signal_failure
MAHA_SOC_01125,2023-02-15 08:34:00,Thane,Vehicles driving on wrong side and over-speeding near Thane bypass. Severe accident spot! Strict policing needed. #TrafficViolation #Thane,Twitter/X Public Archive,34,1,1,#TrafficViolation;#Speeding;#ThanePolice,speeding
MAHA_SOC_01126,2023-03-10 19:11:00,Ahmednagar,Vehicles driving on wrong side and over-speeding near Ahmednagar bypass. Severe accident spot! Strict policing needed. #TrafficViolation #Ahmednagar,Twitter/X Public Archive,3,2,0,#TrafficViolation;#Speeding;#AhmednagarPolice,speeding
MAHA_SOC_01127,2021-09-19 02:52:00,Thane,Dangerous black spot identified on Thane ghat section. Multiple heavy trucks overturned this month. Where are crash barriers? #BlackSpot #HighwaySafety,Twitter/X Public Archive,2,3,3,#BlackSpot;#HighwaySafety;#ThaneGhat,black_spot
MAHA_SOC_01128,2023-04-12 13:53:00,Nashik,Massive potholes on Nashik road near the main flyover. Commuters risking lives every day! @trafficpolice #PotholeAlert #RoadSafety,Twitter/X Public Archive,27,3,0,#PotholeAlert;#RoadSafety;#NashikTraffic,potholes
MAHA_SOC_01129,2023-12-07 11:24:00,Satara,Illegal road digging and open gravel left unattended on Satara main avenue. Two-wheelers constantly slipping. #TwoWheelerSafety #SataraCivic,Twitter/X Public Archive,11,17,4,#TwoWheelerSafety;#RoadHazard;#CivicNegligence,road_hazards
MAHA_SOC_01130,2022-02-14 18:20:00,Mumbai,Vehicles driving on wrong side and over-speeding near Mumbai bypass. Severe accident spot! Strict policing needed. #TrafficViolation #Mumbai,Twitter/X Public Archive,8,6,4,#TrafficViolation;#Speeding;#MumbaiPolice,speeding
MAHA_SOC_01131,2022-07-26 08:47:00,Ahmednagar,Speed limit 80kmph completely ignored on Ahmednagar expressway. Reckless lane cutting by intercity buses. Need speed cameras! #HighwayWatch #Ahmednagar,Civic Forum / Facebook,1,0,9,#HighwayWatch;#SpeedLimit;#ExpresswaySafety,speeding
MAHA_SOC_01132,2021-08-14 00:05:00,Nagpur,Heavy waterlogging after heavy rain on Nagpur highway junction. Vehicles skidding and traffic halted for hours. #MonsoonTraffic #NagpurFloods,Local News Feedback,5,0,19,#MonsoonTraffic;#NagpurFloods;#RoadSafety,waterlogging
MAHA_SOC_01133,2021-11-22 14:58:00,Mumbai,Illegal road digging and open gravel left unattended on Mumbai main avenue. Two-wheelers constantly slipping. #TwoWheelerSafety #MumbaiCivic,Twitter/X Public Archive,28,0,0,#TwoWheelerSafety;#RoadHazard;#CivicNegligence,road_hazards
MAHA_SOC_01134,2023-04-18 04:24:00,Nashik,Massive potholes on Nashik road near the main flyover. Commuters risking lives every day! @trafficpolice #PotholeAlert #RoadSafety,Twitter/X Public Archive,5,3,3,#PotholeAlert;#RoadSafety;#NashikTraffic,potholes
MAHA_SOC_01135,2023-05-10 16:27:00,Kolhapur,"Streetlights non-functional for past 2 weeks on Kolhapur outer ring road. Zero visibility at night, high risk of head-on collisions. #DarkRoads #Kolhapur",Civic Forum / Facebook,5,5,0,#DarkRoads;#Streetlights;#CivicFailure,lighting
MAHA_SOC_01136,2022-11-09 11:41:00,Nagpur,Illegal road digging and open gravel left unattended on Nagpur main avenue. Two-wheelers constantly slipping. #TwoWheelerSafety #NagpurCivic,Twitter/X Public Archive,37,5,2,#TwoWheelerSafety;#RoadHazard;#CivicNegligence,road_hazards
MAHA_SOC_01137,2021-09-13 19:56:00,Aurangabad,Vehicles driving on wrong side and over-speeding near Aurangabad bypass. Severe accident spot! Strict policing needed. #TrafficViolation #Aurangabad,Twitter/X Public Archive,2,13,7,#TrafficViolation;#Speeding;#AurangabadPolice,speeding
MAHA_SOC_01138,2022-12-01 23:17:00,Ahmednagar,Dangerous black spot identified on Ahmednagar ghat section. Multiple heavy trucks overturned this month. Where are crash barriers? #BlackSpot #HighwaySafety,Citizen Grievance Portal,9,16,4,#BlackSpot;#HighwaySafety;#AhmednagarGhat,black_spot
MAHA_SOC_01139,2022-04-11 04:53:00,Nashik,"Streetlights non-functional for past 2 weeks on Nashik outer ring road. Zero visibility at night, high risk of head-on collisions. #DarkRoads #Nashik",Twitter/X Public Archive,17,12,10,#DarkRoads;#Streetlights;#CivicFailure,lighting
MAHA_SOC_01140,2022-02-21 05:53:00,Kolhapur,Massive potholes on Kolhapur road near the main flyover. Commuters risking lives every day! @trafficpolice #PotholeAlert #RoadSafety,Twitter/X Public Archive,1,15,2,#PotholeAlert;#RoadSafety;#KolhapurTraffic,potholes
MAHA_SOC_01141,2021-03-12 20:59:00,Mumbai,Speed limit 80kmph completely ignored on Mumbai expressway. Reckless lane cutting by intercity buses. Need speed cameras! #HighwayWatch #Mumbai,Twitter/X Public Archive,19,4,1,#HighwayWatch;#SpeedLimit;#ExpresswaySafety,speeding
MAHA_SOC_01142,2023-12-09 07:49:00,Pune,Vehicles driving on wrong side and over-speeding near Pune bypass. Severe accident spot! Strict policing needed. #TrafficViolation #Pune,Civic Forum / Facebook,38,5,0,#TrafficViolation;#Speeding;#PunePolice,speeding
MAHA_SOC_01143,2023-12-04 14:12:00,Nagpur,Deep trenches near bus stop in Nagpur. Multiple bikers injured yesterday during evening drizzle. Urgent repairs requested. #RoadHazards #Nagpur,Twitter/X Public Archive,0,8,1,#RoadHazards;#PotholeCrisis;#NagpurRoads,potholes
MAHA_SOC_01144,2021-01-09 03:18:00,Ahmednagar,Dangerous black spot identified on Ahmednagar ghat section. Multiple heavy trucks overturned this month. Where are crash barriers? #BlackSpot #HighwaySafety,Local News Feedback,3,2,7,#BlackSpot;#HighwaySafety;#AhmednagarGhat,black_spot
MAHA_SOC_01145,2021-04-29 08:11:00,Thane,Dangerous black spot identified on Thane ghat section. Multiple heavy trucks overturned this month. Where are crash barriers? #BlackSpot #HighwaySafety,Citizen Grievance Portal,15,0,2,#BlackSpot;#HighwaySafety;#ThaneGhat,black_spot
MAHA_SOC_01146,2021-03-18 05:47:00,Ahmednagar,Speed limit 80kmph completely ignored on Ahmednagar expressway. Reckless lane cutting by intercity buses. Need speed cameras! #HighwayWatch #Ahmednagar,Twitter/X Public Archive,11,6,4,#HighwayWatch;#SpeedLimit;#ExpresswaySafety,speeding
MAHA_SOC_01147,2023-05-20 11:36:00,Solapur,Dangerous black spot identified on Solapur ghat section. Multiple heavy trucks overturned this month. Where are crash barriers? #BlackSpot #HighwaySafety,Twitter/X Public Archive,38,9,0,#BlackSpot;#HighwaySafety;#SolapurGhat,black_spot
MAHA_SOC_01148,2022-08-04 01:30:00,Thane,Traffic signals completely dead at major four-way junction in Thane. Continuous chaos and minor fender benders. #SignalFailure #Thane,Civic Forum / Facebook,28,2,1,#SignalFailure;#TrafficJam;#CivicIssue,signal_failure
MAHA_SOC_01149,2022-02-07 00:08:00,Pune,Speed limit 80kmph completely ignored on Pune expressway. Reckless lane cutting by intercity buses. Need speed cameras! #HighwayWatch #Pune,Twitter/X Public Archive,16,15,5,#HighwayWatch;#SpeedLimit;#ExpresswaySafety,speeding
MAHA_SOC_01150,2021-01-23 00:52:00,Pune,Massive potholes on Pune road near the main flyover. Commuters risking lives every day! @trafficpolice #PotholeAlert #RoadSafety,Local News Feedback,25,5,6,#PotholeAlert;#RoadSafety;#PuneTraffic,potholes
MAHA_SOC_01151,2022-10-10 06:31:00,Mumbai,Massive potholes on Mumbai road near the main flyover. Commuters risking lives every day! @trafficpolice #PotholeAlert #RoadSafety,Citizen Grievance Portal,2,1,3,#PotholeAlert;#RoadSafety;#MumbaiTraffic,potholes
MAHA_SOC_01152,2023-04-24 05:48:00,Satara,No pedestrian zebra crossing or foot overbridge near school on Satara road. High risk for children crossing highway! #PedestrianSafety #Satara,Twitter/X Public Archive,1,11,9,#PedestrianSafety;#SafeStreets;#ChildrenSafety,pedestrian_safety
MAHA_SOC_01153,2022-04-29 04:09:00,Nashik,Deep trenches near bus stop in Nashik. Multiple bikers injured yesterday during evening drizzle. Urgent repairs requested. #RoadHazards #Nashik,Twitter/X Public Archive,7,2,9,#RoadHazards;#PotholeCrisis;#NashikRoads,potholes
MAHA_SOC_01154,2021-05-25 05:14:00,Navi Mumbai,Massive potholes on Navi Mumbai road near the main flyover. Commuters risking lives every day! @trafficpolice #PotholeAlert #RoadSafety,Twitter/X Public Archive,7,0,1,#PotholeAlert;#RoadSafety;#Navi MumbaiTraffic,potholes
MAHA_SOC_01155,2022-06-05 20:46:00,Nashik,No pedestrian zebra crossing or foot overbridge near school on Nashik road. High risk for children crossing highway! #PedestrianSafety #Nashik,Twitter/X Public Archive,4,15,1,#PedestrianSafety;#SafeStreets;#ChildrenSafety,pedestrian_safety
MAHA_SOC_01156,2022-11-02 13:45:00,Pune,Illegal road digging and open gravel left unattended on Pune main avenue. Two-wheelers constantly slipping. #TwoWheelerSafety #PuneCivic,Citizen Grievance Portal,5,6,0,#TwoWheelerSafety;#RoadHazard;#CivicNegligence,road_hazards
MAHA_SOC_01157,2021-02-23 11:17:00,Mumbai,Massive potholes on Mumbai road near the main flyover. Commuters risking lives every day! @trafficpolice #PotholeAlert #RoadSafety,Twitter/X Public Archive,3,3,12,#PotholeAlert;#RoadSafety;#MumbaiTraffic,potholes
MAHA_SOC_01158,2022-10-15 20:35:00,Nagpur,Speed limit 80kmph completely ignored on Nagpur expressway. Reckless lane cutting by intercity buses. Need speed cameras! #HighwayWatch #Nagpur,Twitter/X Public Archive,25,2,10,#HighwayWatch;#SpeedLimit;#ExpresswaySafety,speeding
MAHA_SOC_01159,2022-07-22 22:56:00,Nashik,Traffic signals completely dead at major four-way junction in Nashik. Continuous chaos and minor fender benders. #SignalFailure #Nashik,Twitter/X Public Archive,101,2,1,#SignalFailure;#TrafficJam;#CivicIssue,signal_failure
MAHA_SOC_01160,2023-02-04 22:39:00,Navi Mumbai,Massive potholes on Navi Mumbai road near the main flyover. Commuters risking lives every day! @trafficpolice #PotholeAlert #RoadSafety,Twitter/X Public Archive,18,1,0,#PotholeAlert;#RoadSafety;#Navi MumbaiTraffic,potholes
MAHA_SOC_01161,2022-09-05 00:20:00,Pune,Deep trenches near bus stop in Pune. Multiple bikers injured yesterday during evening drizzle. Urgent repairs requested. #RoadHazards #Pune,Local News Feedback,0,1,2,#RoadHazards;#PotholeCrisis;#PuneRoads,potholes
MAHA_SOC_01162,2021-03-21 05:16:00,Mumbai,Vehicles driving on wrong side and over-speeding near Mumbai bypass. Severe accident spot! Strict policing needed. #TrafficViolation #Mumbai,Civic Forum / Facebook,5,6,1,#TrafficViolation;#Speeding;#MumbaiPolice,speeding
MAHA_SOC_01163,2021-11-19 23:07:00,Aurangabad,"Streetlights non-functional for past 2 weeks on Aurangabad outer ring road. Zero visibility at night, high risk of head-on collisions. #DarkRoads #Aurangabad",Civic Forum / Facebook,66,0,1,#DarkRoads;#Streetlights;#CivicFailure,lighting
MAHA_SOC_01164,2023-05-17 12:43:00,Thane,Speed limit 80kmph completely ignored on Thane expressway. Reckless lane cutting by intercity buses. Need speed cameras! #HighwayWatch #Thane,Twitter/X Public Archive,54,16,3,#HighwayWatch;#SpeedLimit;#ExpresswaySafety,speeding
MAHA_SOC_01165,2021-10-28 22:22:00,Mumbai,"Streetlights non-functional for past 2 weeks on Mumbai outer ring road. Zero visibility at night, high risk of head-on collisions. #DarkRoads #Mumbai",Twitter/X Public Archive,4,5,0,#DarkRoads;#Streetlights;#CivicFailure,lighting
MAHA_SOC_01166,2021-12-28 09:50:00,Nagpur,Massive potholes on Nagpur road near the main flyover. Commuters risking lives every day! @trafficpolice #PotholeAlert #RoadSafety,Citizen Grievance Portal,109,0,1,#PotholeAlert;#RoadSafety;#NagpurTraffic,potholes
MAHA_SOC_01167,2021-06-09 08:43:00,Solapur,Traffic signals completely dead at major four-way junction in Solapur. Continuous chaos and minor fender benders. #SignalFailure #Solapur,Twitter/X Public Archive,10,7,0,#SignalFailure;#TrafficJam;#CivicIssue,signal_failure
MAHA_SOC_01168,2023-09-25 15:39:00,Pune,"Streetlights non-functional for past 2 weeks on Pune outer ring road. Zero visibility at night, high risk of head-on collisions. #DarkRoads #Pune",Twitter/X Public Archive,4,0,2,#DarkRoads;#Streetlights;#CivicFailure,lighting
MAHA_SOC_01169,2021-02-21 19:59:00,Pune,Dangerous black spot identified on Pune ghat section. Multiple heavy trucks overturned this month. Where are crash barriers? #BlackSpot #HighwaySafety,Twitter/X Public Archive,1,9,12,#BlackSpot;#HighwaySafety;#PuneGhat,black_spot
MAHA_SOC_01170,2023-03-01 17:06:00,Pune,Dangerous black spot identified on Pune ghat section. Multiple heavy trucks overturned this month. Where are crash barriers? #BlackSpot #HighwaySafety,Twitter/X Public Archive,13,11,4,#BlackSpot;#HighwaySafety;#PuneGhat,black_spot
MAHA_SOC_01171,2021-10-29 15:49:00,Thane,Traffic signals completely dead at major four-way junction in Thane. Continuous chaos and minor fender benders. #SignalFailure #Thane,Civic Forum / Facebook,8,0,4,#SignalFailure;#TrafficJam;#CivicIssue,signal_failure
MAHA_SOC_01172,2022-01-01 17:53:00,Pune,Traffic signals completely dead at major four-way junction in Pune. Continuous chaos and minor fender benders. #SignalFailure #Pune,Civic Forum / Facebook,7,8,7,#SignalFailure;#TrafficJam;#CivicIssue,signal_failure
MAHA_SOC_01173,2022-10-04 04:46:00,Nagpur,Vehicles driving on wrong side and over-speeding near Nagpur bypass. Severe accident spot! Strict policing needed. #TrafficViolation #Nagpur,Twitter/X Public Archive,5,2,0,#TrafficViolation;#Speeding;#NagpurPolice,speeding
MAHA_SOC_01174,2023-06-26 17:02:00,Mumbai,Heavy waterlogging after heavy rain on Mumbai highway junction. Vehicles skidding and traffic halted for hours. #MonsoonTraffic #MumbaiFloods,Civic Forum / Facebook,7,1,2,#MonsoonTraffic;#MumbaiFloods;#RoadSafety,waterlogging
MAHA_SOC_01175,2022-01-21 04:21:00,Mumbai,Dangerous black spot identified on Mumbai ghat section. Multiple heavy trucks overturned this month. Where are crash barriers? #BlackSpot #HighwaySafety,Citizen Grievance Portal,10,1,4,#BlackSpot;#HighwaySafety;#MumbaiGhat,black_spot
MAHA_SOC_01176,2023-01-14 16:45:00,Aurangabad,Illegal road digging and open gravel left unattended on Aurangabad main avenue. Two-wheelers constantly slipping. #TwoWheelerSafety #AurangabadCivic,Citizen Grievance Portal,3,6,2,#TwoWheelerSafety;#RoadHazard;#CivicNegligence,road_hazards
MAHA_SOC_01177,2021-02-27 09:55:00,Pune,Dangerous black spot identified on Pune ghat section. Multiple heavy trucks overturned this month. Where are crash barriers? #BlackSpot #HighwaySafety,Twitter/X Public Archive,17,0,3,#BlackSpot;#HighwaySafety;#PuneGhat,black_spot
MAHA_SOC_01178,2022-04-05 15:43:00,Solapur,No pedestrian zebra crossing or foot overbridge near school on Solapur road. High risk for children crossing highway! #PedestrianSafety #Solapur,Twitter/X Public Archive,9,4,8,#PedestrianSafety;#SafeStreets;#ChildrenSafety,pedestrian_safety
MAHA_SOC_01179,2022-01-05 02:12:00,Nashik,Vehicles driving on wrong side and over-speeding near Nashik bypass. Severe accident spot! Strict policing needed. #TrafficViolation #Nashik,Twitter/X Public Archive,57,5,2,#TrafficViolation;#Speeding;#NashikPolice,speeding
MAHA_SOC_01180,2021-04-16 15:20:00,Nagpur,Massive potholes on Nagpur road near the main flyover. Commuters risking lives every day! @trafficpolice #PotholeAlert #RoadSafety,Civic Forum / Facebook,16,9,6,#PotholeAlert;#RoadSafety;#NagpurTraffic,potholes
MAHA_SOC_01181,2022-04-12 07:11:00,Nashik,No pedestrian zebra crossing or foot overbridge near school on Nashik road. High risk for children crossing highway! #PedestrianSafety #Nashik,Civic Forum / Facebook,2,13,2,#PedestrianSafety;#SafeStreets;#ChildrenSafety,pedestrian_safety
MAHA_SOC_01182,2021-06-16 06:14:00,Nagpur,Deep trenches near bus stop in Nagpur. Multiple bikers injured yesterday during evening drizzle. Urgent repairs requested. #RoadHazards #Nagpur,Citizen Grievance Portal,18,0,10,#RoadHazards;#PotholeCrisis;#NagpurRoads,potholes
MAHA_SOC_01183,2023-12-02 06:55:00,Ahmednagar,Vehicles driving on wrong side and over-speeding near Ahmednagar bypass. Severe accident spot! Strict policing needed. #TrafficViolation #Ahmednagar,Twitter/X Public Archive,3,3,3,#TrafficViolation;#Speeding;#AhmednagarPolice,speeding
MAHA_SOC_01184,2023-05-05 18:24:00,Pune,Dangerous black spot identified on Pune ghat section. Multiple heavy trucks overturned this month. Where are crash barriers? #BlackSpot #HighwaySafety,Twitter/X Public Archive,7,2,6,#BlackSpot;#HighwaySafety;#PuneGhat,black_spot
MAHA_SOC_01185,2022-06-29 00:45:00,Mumbai,Dangerous black spot identified on Mumbai ghat section. Multiple heavy trucks overturned this month. Where are crash barriers? #BlackSpot #HighwaySafety,Civic Forum / Facebook,17,9,15,#BlackSpot;#HighwaySafety;#MumbaiGhat,black_spot
MAHA_SOC_01186,2021-06-06 12:03:00,Pune,Deep trenches near bus stop in Pune. Multiple bikers injured yesterday during evening drizzle. Urgent repairs requested. #RoadHazards #Pune,Citizen Grievance Portal,3,2,3,#RoadHazards;#PotholeCrisis;#PuneRoads,potholes
MAHA_SOC_01187,2023-10-05 17:18:00,Thane,Deep trenches near bus stop in Thane. Multiple bikers injured yesterday during evening drizzle. Urgent repairs requested. #RoadHazards #Thane,Citizen Grievance Portal,59,2,0,#RoadHazards;#PotholeCrisis;#ThaneRoads,potholes
MAHA_SOC_01188,2021-01-16 00:58:00,Nagpur,Dangerous black spot identified on Nagpur ghat section. Multiple heavy trucks overturned this month. Where are crash barriers? #BlackSpot #HighwaySafety,Twitter/X Public Archive,20,2,3,#BlackSpot;#HighwaySafety;#NagpurGhat,black_spot
MAHA_SOC_01189,2021-05-21 00:16:00,Kolhapur,"Streetlights non-functional for past 2 weeks on Kolhapur outer ring road. Zero visibility at night, high risk of head-on collisions. #DarkRoads #Kolhapur",Twitter/X Public Archive,24,2,4,#DarkRoads;#Streetlights;#CivicFailure,lighting
MAHA_SOC_01190,2021-04-12 07:33:00,Mumbai,Deep trenches near bus stop in Mumbai. Multiple bikers injured yesterday during evening drizzle. Urgent repairs requested. #RoadHazards #Mumbai,Twitter/X Public Archive,33,6,1,#RoadHazards;#PotholeCrisis;#MumbaiRoads,potholes
MAHA_SOC_01191,2022-12-01 02:26:00,Pune,Deep trenches near bus stop in Pune. Multiple bikers injured yesterday during evening drizzle. Urgent repairs requested. #RoadHazards #Pune,Twitter/X Public Archive,7,18,2,#RoadHazards;#PotholeCrisis;#PuneRoads,potholes
MAHA_SOC_01192,2023-09-25 11:02:00,Nagpur,Heavy waterlogging after heavy rain on Nagpur highway junction. Vehicles skidding and traffic halted for hours. #MonsoonTraffic #NagpurFloods,Twitter/X Public Archive,29,11,0,#MonsoonTraffic;#NagpurFloods;#RoadSafety,waterlogging
MAHA_SOC_01193,2023-07-03 17:13:00,Pune,Massive potholes on Pune road near the main flyover. Commuters risking lives every day! @trafficpolice #PotholeAlert #RoadSafety,Civic Forum / Facebook,2,1,6,#PotholeAlert;#RoadSafety;#PuneTraffic,potholes
MAHA_SOC_01194,2022-11-30 10:54:00,Pune,Traffic signals completely dead at major four-way junction in Pune. Continuous chaos and minor fender benders. #SignalFailure #Pune,Citizen Grievance Portal,42,14,7,#SignalFailure;#TrafficJam;#CivicIssue,signal_failure
MAHA_SOC_01195,2021-08-22 23:41:00,Thane,Deep trenches near bus stop in Thane. Multiple bikers injured yesterday during evening drizzle. Urgent repairs requested. #RoadHazards #Thane,Twitter/X Public Archive,11,8,1,#RoadHazards;#PotholeCrisis;#ThaneRoads,potholes
MAHA_SOC_01196,2023-09-17 21:27:00,Pune,Massive potholes on Pune road near the main flyover. Commuters risking lives every day! @trafficpolice #PotholeAlert #RoadSafety,Twitter/X Public Archive,19,10,0,#PotholeAlert;#RoadSafety;#PuneTraffic,potholes
MAHA_SOC_01197,2022-10-10 13:14:00,Pune,Speed limit 80kmph completely ignored on Pune expressway. Reckless lane cutting by intercity buses. Need speed cameras! #HighwayWatch #Pune,Twitter/X Public Archive,42,7,1,#HighwayWatch;#SpeedLimit;#ExpresswaySafety,speeding
MAHA_SOC_01198,2021-08-11 14:00:00,Kolhapur,Illegal road digging and open gravel left unattended on Kolhapur main avenue. Two-wheelers constantly slipping. #TwoWheelerSafety #KolhapurCivic,Twitter/X Public Archive,2,1,12,#TwoWheelerSafety;#RoadHazard;#CivicNegligence,road_hazards
MAHA_SOC_01199,2023-10-07 09:41:00,Ahmednagar,No pedestrian zebra crossing or foot overbridge near school on Ahmednagar road. High risk for children crossing highway! #PedestrianSafety #Ahmednagar,Twitter/X Public Archive,2,1,5,#PedestrianSafety;#SafeStreets;#ChildrenSafety,pedestrian_safety
MAHA_SOC_01200,2021-10-21 13:11:00,Nagpur,Massive potholes on Nagpur road near the main flyover. Commuters risking lives every day! @trafficpolice #PotholeAlert #RoadSafety,Twitter/X Public Archive,12,1,0,#PotholeAlert;#RoadSafety;#NagpurTraffic,potholes
