year,month,state,district,police_unit,jurisdiction,road_type,accident_count,fatal_accidents,deaths,injuries,primary_cause,time_period
2019,1,Maharashtra,Pune,Pune Rural,Rural,National Highway,282,76,92,190,Over-speeding,Day (06:00-18:00)
2019,2,Maharashtra,Pune,Pune Rural,Rural,National Highway,284,74,90,194,Over-speeding,Night (18:00-06:00)
2019,3,Maharashtra,Pune,Pune Rural,Rural,National Highway,285,65,74,174,Over-speeding,Day (06:00-18:00)
2019,4,Maharashtra,Pune,Pune Rural,Rural,National Highway,264,74,76,173,Over-speeding,Day (06:00-18:00)
2019,5,Maharashtra,Pune,Pune Rural,Rural,National Highway,275,65,88,187,Dangerous Overtaking,Day (06:00-18:00)
2019,6,Maharashtra,Pune,Pune Rural,Rural,National Highway,364,82,97,267,Road Defect / Pothole,Night (18:00-06:00)
2019,7,Maharashtra,Pune,Pune Rural,Rural,National Highway,338,94,94,242,Adverse Weather / Monsoon,Day (06:00-18:00)
2019,8,Maharashtra,Pune,Pune Rural,Rural,National Highway,381,98,99,236,Adverse Weather / Monsoon,Day (06:00-18:00)
2019,9,Maharashtra,Pune,Pune Rural,Rural,National Highway,385,106,116,264,Dangerous Overtaking,Night (18:00-06:00)
2019,10,Maharashtra,Pune,Pune Rural,Rural,National Highway,254,62,74,180,Over-speeding,Day (06:00-18:00)
2019,11,Maharashtra,Pune,Pune Rural,Rural,National Highway,285,67,78,188,Over-speeding,Night (18:00-06:00)
2019,12,Maharashtra,Pune,Pune Rural,Rural,National Highway,268,77,93,175,Over-speeding,Night (18:00-06:00)
2019,1,Maharashtra,Pune,Pune City,City,Urban / City Road,104,24,28,67,Over-speeding,Day (06:00-18:00)
2019,2,Maharashtra,Pune,Pune City,City,Urban / City Road,107,21,27,67,Over-speeding,Day (06:00-18:00)
2019,3,Maharashtra,Pune,Pune City,City,Urban / City Road,105,25,27,73,Over-speeding,Night (18:00-06:00)
2019,4,Maharashtra,Pune,Pune City,City,Urban / City Road,105,24,27,74,Over-speeding,Day (06:00-18:00)
2019,5,Maharashtra,Pune,Pune City,City,Urban / City Road,99,19,23,76,Over-speeding,Day (06:00-18:00)
2019,6,Maharashtra,Pune,Pune City,City,Urban / City Road,142,29,32,102,Over-speeding,Day (06:00-18:00)
2019,7,Maharashtra,Pune,Pune City,City,Urban / City Road,134,31,31,103,Adverse Weather / Monsoon,Night (18:00-06:00)
2019,8,Maharashtra,Pune,Pune City,City,Urban / City Road,142,30,39,103,Adverse Weather / Monsoon,Day (06:00-18:00)
2019,9,Maharashtra,Pune,Pune City,City,Urban / City Road,138,32,34,104,Over-speeding,Day (06:00-18:00)
2019,10,Maharashtra,Pune,Pune City,City,Urban / City Road,98,20,24,71,Adverse Weather / Monsoon,Day (06:00-18:00)
2019,11,Maharashtra,Pune,Pune City,City,Urban / City Road,109,22,28,81,Road Defect / Pothole,Day (06:00-18:00)
2019,12,Maharashtra,Pune,Pune City,City,Urban / City Road,100,21,25,67,Dangerous Overtaking,Day (06:00-18:00)
2019,1,Maharashtra,Nashik,Nashik Rural,Rural,National Highway,203,67,67,136,Over-speeding,Day (06:00-18:00)
2019,2,Maharashtra,Nashik,Nashik Rural,Rural,National Highway,236,66,66,151,Over-speeding,Night (18:00-06:00)
2019,3,Maharashtra,Nashik,Nashik Rural,Rural,National Highway,219,65,74,145,Over-speeding,Night (18:00-06:00)
2019,4,Maharashtra,Nashik,Nashik Rural,Rural,National Highway,211,54,65,146,Dangerous Overtaking,Day (06:00-18:00)
2019,5,Maharashtra,Nashik,Nashik Rural,Rural,National Highway,215,66,66,134,Dangerous Overtaking,Day (06:00-18:00)
2019,6,Maharashtra,Nashik,Nashik Rural,Rural,National Highway,307,79,84,174,Adverse Weather / Monsoon,Night (18:00-06:00)
2019,7,Maharashtra,Nashik,Nashik Rural,Rural,National Highway,289,91,98,191,Over-speeding,Day (06:00-18:00)
2019,8,Maharashtra,Nashik,Nashik Rural,Rural,National Highway,305,86,105,183,Adverse Weather / Monsoon,Night (18:00-06:00)
2019,9,Maharashtra,Nashik,Nashik Rural,Rural,National Highway,305,86,102,173,Over-speeding,Night (18:00-06:00)
2019,10,Maharashtra,Nashik,Nashik Rural,Rural,National Highway,219,55,61,148,Over-speeding,Day (06:00-18:00)
2019,11,Maharashtra,Nashik,Nashik Rural,Rural,National Highway,217,66,75,136,Dangerous Overtaking,Day (06:00-18:00)
2019,12,Maharashtra,Nashik,Nashik Rural,Rural,National Highway,231,66,77,154,Dangerous Overtaking,Day (06:00-18:00)
2019,1,Maharashtra,Nashik,Nashik City,City,Urban / City Road,54,14,16,38,Road Defect / Pothole,Day (06:00-18:00)
2019,2,Maharashtra,Nashik,Nashik City,City,Urban / City Road,62,16,18,40,Dangerous Overtaking,Day (06:00-18:00)
2019,3,Maharashtra,Nashik,Nashik City,City,Urban / City Road,55,14,18,37,Dangerous Overtaking,Day (06:00-18:00)
2019,4,Maharashtra,Nashik,Nashik City,City,Urban / City Road,62,17,19,39,Over-speeding,Night (18:00-06:00)
2019,5,Maharashtra,Nashik,Nashik City,City,Urban / City Road,62,17,19,43,Over-speeding,Day (06:00-18:00)
2019,6,Maharashtra,Nashik,Nashik City,City,Urban / City Road,81,17,21,54,Adverse Weather / Monsoon,Night (18:00-06:00)
2019,7,Maharashtra,Nashik,Nashik City,City,Urban / City Road,78,20,20,58,Adverse Weather / Monsoon,Night (18:00-06:00)
2019,8,Maharashtra,Nashik,Nashik City,City,Urban / City Road,79,21,24,52,Adverse Weather / Monsoon,Night (18:00-06:00)
2019,9,Maharashtra,Nashik,Nashik City,City,Urban / City Road,81,19,25,53,Drunk Driving,Night (18:00-06:00)
2019,10,Maharashtra,Nashik,Nashik City,City,Urban / City Road,60,16,19,39,Over-speeding,Day (06:00-18:00)
2019,11,Maharashtra,Nashik,Nashik City,City,Urban / City Road,58,15,15,41,Over-speeding,Night (18:00-06:00)
2019,12,Maharashtra,Nashik,Nashik City,City,Urban / City Road,54,15,15,39,Over-speeding,Day (06:00-18:00)
2019,1,Maharashtra,Solapur,Solapur Rural,Rural,National Highway,174,50,50,101,Over-speeding,Day (06:00-18:00)
2019,2,Maharashtra,Solapur,Solapur Rural,Rural,National Highway,178,51,57,121,Over-speeding,Day (06:00-18:00)
2019,3,Maharashtra,Solapur,Solapur Rural,Rural,National Highway,175,47,51,101,Over-speeding,Night (18:00-06:00)
2019,4,Maharashtra,Solapur,Solapur Rural,Rural,National Highway,176,47,58,103,Over-speeding,Day (06:00-18:00)
2019,5,Maharashtra,Solapur,Solapur Rural,Rural,National Highway,167,50,59,105,Road Defect / Pothole,Night (18:00-06:00)
2019,6,Maharashtra,Solapur,Solapur Rural,Rural,National Highway,220,62,75,138,Over-speeding,Night (18:00-06:00)
2019,7,Maharashtra,Solapur,Solapur Rural,Rural,National Highway,196,55,64,132,Adverse Weather / Monsoon,Day (06:00-18:00)
2019,8,Maharashtra,Solapur,Solapur Rural,Rural,National Highway,207,63,72,135,Over-speeding,Night (18:00-06:00)
2019,9,Maharashtra,Solapur,Solapur Rural,Rural,National Highway,223,61,63,149,Over-speeding,Night (18:00-06:00)
2019,10,Maharashtra,Solapur,Solapur Rural,Rural,National Highway,170,42,50,113,Over-speeding,Night (18:00-06:00)
2019,11,Maharashtra,Solapur,Solapur Rural,Rural,National Highway,180,46,56,113,Over-speeding,Day (06:00-18:00)
2019,12,Maharashtra,Solapur,Solapur Rural,Rural,National Highway,180,53,53,119,Over-speeding,Day (06:00-18:00)
2019,1,Maharashtra,Solapur,Solapur City,City,Urban / City Road,30,6,7,23,Over-speeding,Day (06:00-18:00)
2019,2,Maharashtra,Solapur,Solapur City,City,Urban / City Road,33,7,7,22,Over-speeding,Night (18:00-06:00)
2019,3,Maharashtra,Solapur,Solapur City,City,Urban / City Road,34,8,10,24,Over-speeding,Day (06:00-18:00)
2019,4,Maharashtra,Solapur,Solapur City,City,Urban / City Road,33,8,9,22,Over-speeding,Night (18:00-06:00)
2019,5,Maharashtra,Solapur,Solapur City,City,Urban / City Road,32,8,10,22,Drunk Driving,Night (18:00-06:00)
2019,6,Maharashtra,Solapur,Solapur City,City,Urban / City Road,45,10,13,32,Over-speeding,Night (18:00-06:00)
2019,7,Maharashtra,Solapur,Solapur City,City,Urban / City Road,40,10,10,27,Adverse Weather / Monsoon,Night (18:00-06:00)
2019,8,Maharashtra,Solapur,Solapur City,City,Urban / City Road,41,10,12,28,Adverse Weather / Monsoon,Night (18:00-06:00)
2019,9,Maharashtra,Solapur,Solapur City,City,Urban / City Road,43,9,12,30,Over-speeding,Day (06:00-18:00)
2019,10,Maharashtra,Solapur,Solapur City,City,Urban / City Road,31,7,10,21,Over-speeding,Night (18:00-06:00)
2019,11,Maharashtra,Solapur,Solapur City,City,Urban / City Road,32,6,8,23,Over-speeding,Night (18:00-06:00)
2019,12,Maharashtra,Solapur,Solapur City,City,Urban / City Road,32,6,7,25,Over-speeding,Day (06:00-18:00)
2019,1,Maharashtra,Ahmednagar,Ahmednagar,Rural,State Highway,218,69,78,140,Over-speeding,Day (06:00-18:00)
2019,2,Maharashtra,Ahmednagar,Ahmednagar,Rural,State Highway,214,59,70,144,Over-speeding,Day (06:00-18:00)
2019,3,Maharashtra,Ahmednagar,Ahmednagar,Rural,State Highway,191,52,68,123,Over-speeding,Night (18:00-06:00)
2019,4,Maharashtra,Ahmednagar,Ahmednagar,Rural,State Highway,212,69,71,130,Over-speeding,Night (18:00-06:00)
2019,5,Maharashtra,Ahmednagar,Ahmednagar,Rural,State Highway,225,52,79,146,Over-speeding,Night (18:00-06:00)
2019,6,Maharashtra,Ahmednagar,Ahmednagar,Rural,State Highway,281,69,104,177,Road Defect / Pothole,Day (06:00-18:00)
2019,7,Maharashtra,Ahmednagar,Ahmednagar,Rural,State Highway,276,79,96,180,Adverse Weather / Monsoon,Day (06:00-18:00)
2019,8,Maharashtra,Ahmednagar,Ahmednagar,Rural,State Highway,277,89,103,174,Dangerous Overtaking,Day (06:00-18:00)
2019,9,Maharashtra,Ahmednagar,Ahmednagar,Rural,State Highway,265,82,87,161,Road Defect / Pothole,Night (18:00-06:00)
2019,10,Maharashtra,Ahmednagar,Ahmednagar,Rural,State Highway,212,57,70,142,Dangerous Overtaking,Day (06:00-18:00)
2019,11,Maharashtra,Ahmednagar,Ahmednagar,Rural,State Highway,219,69,76,139,Dangerous Overtaking,Day (06:00-18:00)
2019,12,Maharashtra,Ahmednagar,Ahmednagar,Rural,State Highway,220,52,77,121,Over-speeding,Night (18:00-06:00)
2019,1,Maharashtra,Thane,Thane Rural,Rural,National Highway,147,40,40,87,Road Defect / Pothole,Night (18:00-06:00)
2019,2,Maharashtra,Thane,Thane Rural,Rural,National Highway,143,39,45,85,Over-speeding,Night (18:00-06:00)
2019,3,Maharashtra,Thane,Thane Rural,Rural,National Highway,143,45,52,90,Drunk Driving,Night (18:00-06:00)
2019,4,Maharashtra,Thane,Thane Rural,Rural,National Highway,144,39,42,83,Road Defect / Pothole,Night (18:00-06:00)
2019,5,Maharashtra,Thane,Thane Rural,Rural,National Highway,134,41,47,87,Over-speeding,Night (18:00-06:00)
2019,6,Maharashtra,Thane,Thane Rural,Rural,National Highway,190,52,64,126,Dangerous Overtaking,Day (06:00-18:00)
2019,7,Maharashtra,Thane,Thane Rural,Rural,National Highway,190,46,57,106,Adverse Weather / Monsoon,Night (18:00-06:00)
2019,8,Maharashtra,Thane,Thane Rural,Rural,National Highway,167,44,53,114,Dangerous Overtaking,Day (06:00-18:00)
2019,9,Maharashtra,Thane,Thane Rural,Rural,National Highway,191,52,57,124,Over-speeding,Night (18:00-06:00)
2019,10,Maharashtra,Thane,Thane Rural,Rural,National Highway,148,35,51,97,Over-speeding,Day (06:00-18:00)
2019,11,Maharashtra,Thane,Thane Rural,Rural,National Highway,137,39,51,86,Dangerous Overtaking,Day (06:00-18:00)
2019,12,Maharashtra,Thane,Thane Rural,Rural,National Highway,123,35,40,83,Over-speeding,Night (18:00-06:00)
2019,1,Maharashtra,Thane,Thane City,City,Urban / City Road,97,27,28,69,Dangerous Overtaking,Day (06:00-18:00)
2019,2,Maharashtra,Thane,Thane City,City,Urban / City Road,92,22,25,66,Over-speeding,Day (06:00-18:00)
2019,3,Maharashtra,Thane,Thane City,City,Urban / City Road,96,22,29,67,Over-speeding,Night (18:00-06:00)
2019,4,Maharashtra,Thane,Thane City,City,Urban / City Road,95,25,32,63,Adverse Weather / Monsoon,Night (18:00-06:00)
2019,5,Maharashtra,Thane,Thane City,City,Urban / City Road,100,26,28,72,Over-speeding,Day (06:00-18:00)
2019,6,Maharashtra,Thane,Thane City,City,Urban / City Road,127,33,39,88,Over-speeding,Night (18:00-06:00)
2019,7,Maharashtra,Thane,Thane City,City,Urban / City Road,134,34,36,98,Adverse Weather / Monsoon,Day (06:00-18:00)
2019,8,Maharashtra,Thane,Thane City,City,Urban / City Road,128,29,39,87,Over-speeding,Day (06:00-18:00)
2019,9,Maharashtra,Thane,Thane City,City,Urban / City Road,135,28,37,98,Dangerous Overtaking,Night (18:00-06:00)
2019,10,Maharashtra,Thane,Thane City,City,Urban / City Road,104,21,29,70,Dangerous Overtaking,Night (18:00-06:00)
2019,11,Maharashtra,Thane,Thane City,City,Urban / City Road,97,22,26,67,Dangerous Overtaking,Day (06:00-18:00)
2019,12,Maharashtra,Thane,Thane City,City,Urban / City Road,99,25,34,65,Over-speeding,Day (06:00-18:00)
2019,1,Maharashtra,Mumbai,Mumbai Suburban,City,Urban / Expressway,241,26,29,212,Over-speeding,Night (18:00-06:00)
2019,2,Maharashtra,Mumbai,Mumbai Suburban,City,Urban / Expressway,275,28,33,242,Over-speeding,Day (06:00-18:00)
2019,3,Maharashtra,Mumbai,Mumbai Suburban,City,Urban / Expressway,278,31,36,210,Over-speeding,Night (18:00-06:00)
2019,4,Maharashtra,Mumbai,Mumbai Suburban,City,Urban / Expressway,275,29,33,211,Drunk Driving,Day (06:00-18:00)
2019,5,Maharashtra,Mumbai,Mumbai Suburban,City,Urban / Expressway,245,29,32,210,Over-speeding,Night (18:00-06:00)
2019,6,Maharashtra,Mumbai,Mumbai Suburban,City,Urban / Expressway,334,34,44,290,Over-speeding,Day (06:00-18:00)
2019,7,Maharashtra,Mumbai,Mumbai Suburban,City,Urban / Expressway,357,33,38,319,Adverse Weather / Monsoon,Day (06:00-18:00)
2019,8,Maharashtra,Mumbai,Mumbai Suburban,City,Urban / Expressway,346,39,46,289,Over-speeding,Night (18:00-06:00)
2019,9,Maharashtra,Mumbai,Mumbai Suburban,City,Urban / Expressway,356,34,49,304,Adverse Weather / Monsoon,Day (06:00-18:00)
2019,10,Maharashtra,Mumbai,Mumbai Suburban,City,Urban / Expressway,271,29,35,236,Over-speeding,Night (18:00-06:00)
2019,11,Maharashtra,Mumbai,Mumbai Suburban,City,Urban / Expressway,264,26,29,235,Dangerous Overtaking,Day (06:00-18:00)
2019,12,Maharashtra,Mumbai,Mumbai Suburban,City,Urban / Expressway,271,28,36,235,Over-speeding,Day (06:00-18:00)
2019,1,Maharashtra,Mumbai,Mumbai City,City,Urban / City Road,170,21,21,149,Over-speeding,Night (18:00-06:00)
2019,2,Maharashtra,Mumbai,Mumbai City,City,Urban / City Road,176,22,23,153,Over-speeding,Night (18:00-06:00)
2019,3,Maharashtra,Mumbai,Mumbai City,City,Urban / City Road,179,17,21,158,Dangerous Overtaking,Day (06:00-18:00)
2019,4,Maharashtra,Mumbai,Mumbai City,City,Urban / City Road,185,17,24,143,Over-speeding,Night (18:00-06:00)
2019,5,Maharashtra,Mumbai,Mumbai City,City,Urban / City Road,183,21,23,160,Over-speeding,Night (18:00-06:00)
2019,6,Maharashtra,Mumbai,Mumbai City,City,Urban / City Road,225,23,33,192,Drunk Driving,Day (06:00-18:00)
2019,7,Maharashtra,Mumbai,Mumbai City,City,Urban / City Road,234,27,32,202,Adverse Weather / Monsoon,Day (06:00-18:00)
2019,8,Maharashtra,Mumbai,Mumbai City,City,Urban / City Road,226,27,27,199,Adverse Weather / Monsoon,Night (18:00-06:00)
2019,9,Maharashtra,Mumbai,Mumbai City,City,Urban / City Road,230,26,30,200,Over-speeding,Night (18:00-06:00)
2019,10,Maharashtra,Mumbai,Mumbai City,City,Urban / City Road,186,21,23,162,Dangerous Overtaking,Day (06:00-18:00)
2019,11,Maharashtra,Mumbai,Mumbai City,City,Urban / City Road,179,19,23,156,Adverse Weather / Monsoon,Night (18:00-06:00)
2019,12,Maharashtra,Mumbai,Mumbai City,City,Urban / City Road,179,20,20,159,Over-speeding,Night (18:00-06:00)
2019,1,Maharashtra,Nagpur,Nagpur Rural,Rural,National Highway,147,41,46,90,Over-speeding,Day (06:00-18:00)
2019,2,Maharashtra,Nagpur,Nagpur Rural,Rural,National Highway,146,38,39,90,Over-speeding,Night (18:00-06:00)
2019,3,Maharashtra,Nagpur,Nagpur Rural,Rural,National Highway,135,42,44,91,Over-speeding,Day (06:00-18:00)
2019,4,Maharashtra,Nagpur,Nagpur Rural,Rural,National Highway,131,40,41,90,Adverse Weather / Monsoon,Day (06:00-18:00)
2019,5,Maharashtra,Nagpur,Nagpur Rural,Rural,National Highway,143,34,48,95,Over-speeding,Night (18:00-06:00)
2019,6,Maharashtra,Nagpur,Nagpur Rural,Rural,National Highway,191,46,59,132,Over-speeding,Night (18:00-06:00)
2019,7,Maharashtra,Nagpur,Nagpur Rural,Rural,National Highway,195,48,65,130,Over-speeding,Day (06:00-18:00)
2019,8,Maharashtra,Nagpur,Nagpur Rural,Rural,National Highway,188,45,61,127,Adverse Weather / Monsoon,Day (06:00-18:00)
2019,9,Maharashtra,Nagpur,Nagpur Rural,Rural,National Highway,177,47,61,113,Adverse Weather / Monsoon,Night (18:00-06:00)
2019,10,Maharashtra,Nagpur,Nagpur Rural,Rural,National Highway,134,41,43,90,Over-speeding,Day (06:00-18:00)
2019,11,Maharashtra,Nagpur,Nagpur Rural,Rural,National Highway,143,34,48,86,Over-speeding,Night (18:00-06:00)
2019,12,Maharashtra,Nagpur,Nagpur Rural,Rural,National Highway,126,40,40,86,Dangerous Overtaking,Day (06:00-18:00)
2019,1,Maharashtra,Nagpur,Nagpur City,City,Urban / City Road,96,20,20,76,Drunk Driving,Day (06:00-18:00)
2019,2,Maharashtra,Nagpur,Nagpur City,City,Urban / City Road,97,17,20,77,Over-speeding,Day (06:00-18:00)
2019,3,Maharashtra,Nagpur,Nagpur City,City,Urban / City Road,92,17,19,73,Over-speeding,Night (18:00-06:00)
2019,4,Maharashtra,Nagpur,Nagpur City,City,Urban / City Road,99,17,21,70,Dangerous Overtaking,Day (06:00-18:00)
2019,5,Maharashtra,Nagpur,Nagpur City,City,Urban / City Road,95,19,21,70,Over-speeding,Night (18:00-06:00)
2019,6,Maharashtra,Nagpur,Nagpur City,City,Urban / City Road,129,25,25,94,Adverse Weather / Monsoon,Night (18:00-06:00)
2019,7,Maharashtra,Nagpur,Nagpur City,City,Urban / City Road,121,23,24,95,Dangerous Overtaking,Day (06:00-18:00)
2019,8,Maharashtra,Nagpur,Nagpur City,City,Urban / City Road,131,25,33,88,Over-speeding,Night (18:00-06:00)
2019,9,Maharashtra,Nagpur,Nagpur City,City,Urban / City Road,124,23,29,95,Dangerous Overtaking,Night (18:00-06:00)
2019,10,Maharashtra,Nagpur,Nagpur City,City,Urban / City Road,96,17,19,77,Adverse Weather / Monsoon,Night (18:00-06:00)
2019,11,Maharashtra,Nagpur,Nagpur City,City,Urban / City Road,100,17,23,77,Over-speeding,Day (06:00-18:00)
2019,12,Maharashtra,Nagpur,Nagpur City,City,Urban / City Road,94,17,19,75,Over-speeding,Night (18:00-06:00)
2019,1,Maharashtra,Kolhapur,Kolhapur,Rural,National Highway,147,40,48,99,Dangerous Overtaking,Day (06:00-18:00)
2019,2,Maharashtra,Kolhapur,Kolhapur,Rural,National Highway,160,45,49,111,Dangerous Overtaking,Day (06:00-18:00)
2019,3,Maharashtra,Kolhapur,Kolhapur,Rural,National Highway,139,44,46,93,Over-speeding,Night (18:00-06:00)
2019,4,Maharashtra,Kolhapur,Kolhapur,Rural,National Highway,147,38,54,93,Dangerous Overtaking,Day (06:00-18:00)
2019,5,Maharashtra,Kolhapur,Kolhapur,Rural,National Highway,157,39,49,108,Drunk Driving,Night (18:00-06:00)
2019,6,Maharashtra,Kolhapur,Kolhapur,Rural,National Highway,190,54,67,123,Adverse Weather / Monsoon,Day (06:00-18:00)
2019,7,Maharashtra,Kolhapur,Kolhapur,Rural,National Highway,217,51,64,135,Adverse Weather / Monsoon,Night (18:00-06:00)
2019,8,Maharashtra,Kolhapur,Kolhapur,Rural,National Highway,205,62,69,127,Over-speeding,Night (18:00-06:00)
2019,9,Maharashtra,Kolhapur,Kolhapur,Rural,National Highway,217,56,56,145,Over-speeding,Day (06:00-18:00)
2019,10,Maharashtra,Kolhapur,Kolhapur,Rural,National Highway,164,43,43,98,Adverse Weather / Monsoon,Night (18:00-06:00)
2019,11,Maharashtra,Kolhapur,Kolhapur,Rural,National Highway,165,47,49,109,Over-speeding,Night (18:00-06:00)
2019,12,Maharashtra,Kolhapur,Kolhapur,Rural,National Highway,145,39,51,94,Over-speeding,Night (18:00-06:00)
2019,1,Maharashtra,Satara,Satara,Rural,National Highway,145,36,51,94,Over-speeding,Night (18:00-06:00)
2019,2,Maharashtra,Satara,Satara,Rural,National Highway,149,46,49,100,Over-speeding,Day (06:00-18:00)
2019,3,Maharashtra,Satara,Satara,Rural,National Highway,156,41,41,98,Adverse Weather / Monsoon,Night (18:00-06:00)
2019,4,Maharashtra,Satara,Satara,Rural,National Highway,160,44,45,96,Over-speeding,Night (18:00-06:00)
2019,5,Maharashtra,Satara,Satara,Rural,National Highway,156,44,54,96,Over-speeding,Night (18:00-06:00)
2019,6,Maharashtra,Satara,Satara,Rural,National Highway,181,52,55,123,Over-speeding,Day (06:00-18:00)
2019,7,Maharashtra,Satara,Satara,Rural,National Highway,180,53,53,127,Adverse Weather / Monsoon,Day (06:00-18:00)
2019,8,Maharashtra,Satara,Satara,Rural,National Highway,208,47,68,127,Adverse Weather / Monsoon,Day (06:00-18:00)
2019,9,Maharashtra,Satara,Satara,Rural,National Highway,195,56,56,122,Adverse Weather / Monsoon,Night (18:00-06:00)
2019,10,Maharashtra,Satara,Satara,Rural,National Highway,148,38,48,91,Over-speeding,Day (06:00-18:00)
2019,11,Maharashtra,Satara,Satara,Rural,National Highway,153,36,45,107,Adverse Weather / Monsoon,Night (18:00-06:00)
2019,12,Maharashtra,Satara,Satara,Rural,National Highway,159,40,43,103,Dangerous Overtaking,Day (06:00-18:00)
2019,1,Maharashtra,Jalgaon,Jalgaon,Rural,State Highway,133,33,38,84,Dangerous Overtaking,Night (18:00-06:00)
2019,2,Maharashtra,Jalgaon,Jalgaon,Rural,State Highway,124,33,46,78,Adverse Weather / Monsoon,Night (18:00-06:00)
2019,3,Maharashtra,Jalgaon,Jalgaon,Rural,State Highway,134,37,45,85,Over-speeding,Day (06:00-18:00)
2019,4,Maharashtra,Jalgaon,Jalgaon,Rural,State Highway,122,38,38,84,Over-speeding,Day (06:00-18:00)
2019,5,Maharashtra,Jalgaon,Jalgaon,Rural,State Highway,129,36,36,84,Over-speeding,Night (18:00-06:00)
2019,6,Maharashtra,Jalgaon,Jalgaon,Rural,State Highway,175,49,52,112,Over-speeding,Night (18:00-06:00)
2019,7,Maharashtra,Jalgaon,Jalgaon,Rural,State Highway,175,52,57,118,Adverse Weather / Monsoon,Night (18:00-06:00)
2019,8,Maharashtra,Jalgaon,Jalgaon,Rural,State Highway,170,51,56,103,Adverse Weather / Monsoon,Day (06:00-18:00)
2019,9,Maharashtra,Jalgaon,Jalgaon,Rural,State Highway,175,45,48,116,Over-speeding,Night (18:00-06:00)
2019,10,Maharashtra,Jalgaon,Jalgaon,Rural,State Highway,133,30,41,80,Dangerous Overtaking,Night (18:00-06:00)
2019,11,Maharashtra,Jalgaon,Jalgaon,Rural,State Highway,128,37,38,84,Drunk Driving,Day (06:00-18:00)
2019,12,Maharashtra,Jalgaon,Jalgaon,Rural,State Highway,131,41,42,81,Dangerous Overtaking,Night (18:00-06:00)
2019,1,Maharashtra,Sangli,Sangli,Rural,State Highway,112,34,43,69,Over-speeding,Night (18:00-06:00)
2019,2,Maharashtra,Sangli,Sangli,Rural,State Highway,117,31,39,78,Over-speeding,Night (18:00-06:00)
2019,3,Maharashtra,Sangli,Sangli,Rural,State Highway,125,35,43,70,Drunk Driving,Day (06:00-18:00)
2019,4,Maharashtra,Sangli,Sangli,Rural,State Highway,116,32,36,80,Dangerous Overtaking,Day (06:00-18:00)
2019,5,Maharashtra,Sangli,Sangli,Rural,State Highway,119,32,44,75,Over-speeding,Night (18:00-06:00)
2019,6,Maharashtra,Sangli,Sangli,Rural,State Highway,156,38,46,104,Dangerous Overtaking,Day (06:00-18:00)
2019,7,Maharashtra,Sangli,Sangli,Rural,State Highway,164,42,45,109,Adverse Weather / Monsoon,Day (06:00-18:00)
2019,8,Maharashtra,Sangli,Sangli,Rural,State Highway,165,42,57,108,Over-speeding,Day (06:00-18:00)
2019,9,Maharashtra,Sangli,Sangli,Rural,State Highway,155,48,48,100,Road Defect / Pothole,Day (06:00-18:00)
2019,10,Maharashtra,Sangli,Sangli,Rural,State Highway,122,35,41,81,Drunk Driving,Night (18:00-06:00)
2019,11,Maharashtra,Sangli,Sangli,Rural,State Highway,111,33,33,78,Drunk Driving,Day (06:00-18:00)
2019,12,Maharashtra,Sangli,Sangli,Rural,State Highway,109,34,34,75,Over-speeding,Day (06:00-18:00)
2019,1,Maharashtra,Nanded,Nanded,Rural,State Highway,112,28,37,75,Over-speeding,Day (06:00-18:00)
2019,2,Maharashtra,Nanded,Nanded,Rural,State Highway,101,29,31,70,Dangerous Overtaking,Day (06:00-18:00)
2019,3,Maharashtra,Nanded,Nanded,Rural,State Highway,110,33,40,64,Over-speeding,Day (06:00-18:00)
2019,4,Maharashtra,Nanded,Nanded,Rural,State Highway,112,27,41,71,Dangerous Overtaking,Night (18:00-06:00)
2019,5,Maharashtra,Nanded,Nanded,Rural,State Highway,108,29,30,71,Over-speeding,Day (06:00-18:00)
2019,6,Maharashtra,Nanded,Nanded,Rural,State Highway,127,39,41,86,Dangerous Overtaking,Night (18:00-06:00)
2019,7,Maharashtra,Nanded,Nanded,Rural,State Highway,148,36,43,86,Adverse Weather / Monsoon,Day (06:00-18:00)
2019,8,Maharashtra,Nanded,Nanded,Rural,State Highway,152,40,41,97,Adverse Weather / Monsoon,Night (18:00-06:00)
2019,9,Maharashtra,Nanded,Nanded,Rural,State Highway,151,35,51,100,Over-speeding,Night (18:00-06:00)
2019,10,Maharashtra,Nanded,Nanded,Rural,State Highway,111,30,37,74,Over-speeding,Day (06:00-18:00)
2019,11,Maharashtra,Nanded,Nanded,Rural,State Highway,101,32,32,67,Road Defect / Pothole,Day (06:00-18:00)
2019,12,Maharashtra,Nanded,Nanded,Rural,State Highway,110,32,39,71,Dangerous Overtaking,Night (18:00-06:00)
2019,1,Maharashtra,Amravati,Amravati Rural,Rural,National Highway,105,33,38,67,Over-speeding,Night (18:00-06:00)
2019,2,Maharashtra,Amravati,Amravati Rural,Rural,National Highway,94,27,29,65,Adverse Weather / Monsoon,Night (18:00-06:00)
2019,3,Maharashtra,Amravati,Amravati Rural,Rural,National Highway,103,27,33,63,Road Defect / Pothole,Day (06:00-18:00)
2019,4,Maharashtra,Amravati,Amravati Rural,Rural,National Highway,106,28,34,68,Over-speeding,Night (18:00-06:00)
2019,5,Maharashtra,Amravati,Amravati Rural,Rural,National Highway,106,27,33,66,Adverse Weather / Monsoon,Day (06:00-18:00)
2019,6,Maharashtra,Amravati,Amravati Rural,Rural,National Highway,133,40,46,79,Dangerous Overtaking,Night (18:00-06:00)
2019,7,Maharashtra,Amravati,Amravati Rural,Rural,National Highway,121,40,40,80,Adverse Weather / Monsoon,Day (06:00-18:00)
2019,8,Maharashtra,Amravati,Amravati Rural,Rural,National Highway,139,38,43,83,Dangerous Overtaking,Day (06:00-18:00)
2019,9,Maharashtra,Amravati,Amravati Rural,Rural,National Highway,142,40,41,83,Drunk Driving,Day (06:00-18:00)
2019,10,Maharashtra,Amravati,Amravati Rural,Rural,National Highway,108,26,33,60,Over-speeding,Day (06:00-18:00)
2019,11,Maharashtra,Amravati,Amravati Rural,Rural,National Highway,99,28,37,62,Dangerous Overtaking,Night (18:00-06:00)
2019,12,Maharashtra,Amravati,Amravati Rural,Rural,National Highway,98,25,30,68,Dangerous Overtaking,Day (06:00-18:00)
2019,1,Maharashtra,Amravati,Amravati City,City,Urban / City Road,37,9,11,26,Over-speeding,Day (06:00-18:00)
2019,2,Maharashtra,Amravati,Amravati City,City,Urban / City Road,35,9,9,26,Over-speeding,Day (06:00-18:00)
2019,3,Maharashtra,Amravati,Amravati City,City,Urban / City Road,35,8,11,24,Over-speeding,Day (06:00-18:00)
2019,4,Maharashtra,Amravati,Amravati City,City,Urban / City Road,37,7,11,26,Dangerous Overtaking,Night (18:00-06:00)
2019,5,Maharashtra,Amravati,Amravati City,City,Urban / City Road,35,9,10,25,Over-speeding,Day (06:00-18:00)
2019,6,Maharashtra,Amravati,Amravati City,City,Urban / City Road,47,10,14,33,Road Defect / Pothole,Day (06:00-18:00)
2019,7,Maharashtra,Amravati,Amravati City,City,Urban / City Road,46,12,13,30,Adverse Weather / Monsoon,Night (18:00-06:00)
2019,8,Maharashtra,Amravati,Amravati City,City,Urban / City Road,47,12,13,34,Dangerous Overtaking,Night (18:00-06:00)
2019,9,Maharashtra,Amravati,Amravati City,City,Urban / City Road,47,10,14,33,Over-speeding,Night (18:00-06:00)
2019,10,Maharashtra,Amravati,Amravati City,City,Urban / City Road,33,10,11,22,Road Defect / Pothole,Day (06:00-18:00)
2019,11,Maharashtra,Amravati,Amravati City,City,Urban / City Road,37,9,11,25,Adverse Weather / Monsoon,Day (06:00-18:00)
2019,12,Maharashtra,Amravati,Amravati City,City,Urban / City Road,36,9,11,25,Drunk Driving,Day (06:00-18:00)
2019,1,Maharashtra,Raigad,Raigad,Rural,National Highway,146,39,40,83,Over-speeding,Day (06:00-18:00)
2019,2,Maharashtra,Raigad,Raigad,Rural,National Highway,139,37,48,91,Over-speeding,Day (06:00-18:00)
2019,3,Maharashtra,Raigad,Raigad,Rural,National Highway,134,39,39,95,Dangerous Overtaking,Day (06:00-18:00)
2019,4,Maharashtra,Raigad,Raigad,Rural,National Highway,142,39,50,92,Over-speeding,Day (06:00-18:00)
2019,5,Maharashtra,Raigad,Raigad,Rural,National Highway,137,40,44,93,Dangerous Overtaking,Night (18:00-06:00)
2019,6,Maharashtra,Raigad,Raigad,Rural,National Highway,192,58,63,110,Over-speeding,Day (06:00-18:00)
2019,7,Maharashtra,Raigad,Raigad,Rural,National Highway,198,47,66,132,Adverse Weather / Monsoon,Day (06:00-18:00)
2019,8,Maharashtra,Raigad,Raigad,Rural,National Highway,175,47,59,116,Adverse Weather / Monsoon,Day (06:00-18:00)
2019,9,Maharashtra,Raigad,Raigad,Rural,National Highway,177,54,61,116,Over-speeding,Day (06:00-18:00)
2019,10,Maharashtra,Raigad,Raigad,Rural,National Highway,140,35,47,93,Dangerous Overtaking,Day (06:00-18:00)
2019,11,Maharashtra,Raigad,Raigad,Rural,National Highway,139,42,42,92,Drunk Driving,Day (06:00-18:00)
2019,12,Maharashtra,Raigad,Raigad,Rural,National Highway,141,44,47,94,Drunk Driving,Night (18:00-06:00)
2019,1,Maharashtra,Buldhana,Buldhana,Rural,National Highway,91,28,29,62,Drunk Driving,Night (18:00-06:00)
2019,2,Maharashtra,Buldhana,Buldhana,Rural,National Highway,92,29,29,60,Drunk Driving,Day (06:00-18:00)
2019,3,Maharashtra,Buldhana,Buldhana,Rural,National Highway,98,28,28,62,Dangerous Overtaking,Day (06:00-18:00)
2019,4,Maharashtra,Buldhana,Buldhana,Rural,National Highway,99,25,35,58,Over-speeding,Night (18:00-06:00)
2019,5,Maharashtra,Buldhana,Buldhana,Rural,National Highway,97,25,32,61,Dangerous Overtaking,Day (06:00-18:00)
2019,6,Maharashtra,Buldhana,Buldhana,Rural,National Highway,137,37,37,81,Over-speeding,Night (18:00-06:00)
2019,7,Maharashtra,Buldhana,Buldhana,Rural,National Highway,129,32,48,76,Adverse Weather / Monsoon,Day (06:00-18:00)
2019,8,Maharashtra,Buldhana,Buldhana,Rural,National Highway,115,37,37,78,Over-speeding,Day (06:00-18:00)
2019,9,Maharashtra,Buldhana,Buldhana,Rural,National Highway,130,31,42,88,Over-speeding,Day (06:00-18:00)
2019,10,Maharashtra,Buldhana,Buldhana,Rural,National Highway,102,27,33,61,Over-speeding,Night (18:00-06:00)
2019,11,Maharashtra,Buldhana,Buldhana,Rural,National Highway,104,28,33,66,Over-speeding,Day (06:00-18:00)
2019,12,Maharashtra,Buldhana,Buldhana,Rural,National Highway,101,25,36,65,Over-speeding,Day (06:00-18:00)
2019,1,Maharashtra,Beed,Beed,Rural,State Highway,100,33,34,66,Dangerous Overtaking,Night (18:00-06:00)
2019,2,Maharashtra,Beed,Beed,Rural,State Highway,112,29,32,64,Road Defect / Pothole,Night (18:00-06:00)
2019,3,Maharashtra,Beed,Beed,Rural,State Highway,108,30,38,70,Over-speeding,Night (18:00-06:00)
2019,4,Maharashtra,Beed,Beed,Rural,State Highway,109,33,38,71,Over-speeding,Day (06:00-18:00)
2019,5,Maharashtra,Beed,Beed,Rural,State Highway,107,27,33,74,Dangerous Overtaking,Day (06:00-18:00)
2019,6,Maharashtra,Beed,Beed,Rural,State Highway,135,41,45,90,Adverse Weather / Monsoon,Day (06:00-18:00)
2019,7,Maharashtra,Beed,Beed,Rural,State Highway,149,36,51,98,Adverse Weather / Monsoon,Day (06:00-18:00)
2019,8,Maharashtra,Beed,Beed,Rural,State Highway,146,43,51,95,Over-speeding,Day (06:00-18:00)
2019,9,Maharashtra,Beed,Beed,Rural,State Highway,147,38,49,98,Dangerous Overtaking,Night (18:00-06:00)
2019,10,Maharashtra,Beed,Beed,Rural,State Highway,107,34,39,68,Dangerous Overtaking,Night (18:00-06:00)
2019,11,Maharashtra,Beed,Beed,Rural,State Highway,98,29,35,63,Over-speeding,Day (06:00-18:00)
2019,12,Maharashtra,Beed,Beed,Rural,State Highway,100,31,31,69,Road Defect / Pothole,Day (06:00-18:00)
2019,1,Maharashtra,Yavatmal,Yavatmal,Rural,State Highway,93,27,33,59,Dangerous Overtaking,Day (06:00-18:00)
2019,2,Maharashtra,Yavatmal,Yavatmal,Rural,State Highway,99,25,34,58,Drunk Driving,Day (06:00-18:00)
2019,3,Maharashtra,Yavatmal,Yavatmal,Rural,State Highway,103,24,37,66,Road Defect / Pothole,Day (06:00-18:00)
2019,4,Maharashtra,Yavatmal,Yavatmal,Rural,State Highway,89,26,29,59,Dangerous Overtaking,Day (06:00-18:00)
2019,5,Maharashtra,Yavatmal,Yavatmal,Rural,State Highway,102,31,37,65,Over-speeding,Night (18:00-06:00)
2019,6,Maharashtra,Yavatmal,Yavatmal,Rural,State Highway,132,33,42,90,Over-speeding,Day (06:00-18:00)
2019,7,Maharashtra,Yavatmal,Yavatmal,Rural,State Highway,130,40,42,88,Drunk Driving,Day (06:00-18:00)
2019,8,Maharashtra,Yavatmal,Yavatmal,Rural,State Highway,126,34,37,88,Adverse Weather / Monsoon,Day (06:00-18:00)
2019,9,Maharashtra,Yavatmal,Yavatmal,Rural,State Highway,129,40,40,89,Road Defect / Pothole,Day (06:00-18:00)
2019,10,Maharashtra,Yavatmal,Yavatmal,Rural,State Highway,101,28,33,68,Over-speeding,Day (06:00-18:00)
2019,11,Maharashtra,Yavatmal,Yavatmal,Rural,State Highway,94,30,31,63,Over-speeding,Day (06:00-18:00)
2019,12,Maharashtra,Yavatmal,Yavatmal,Rural,State Highway,104,31,35,69,Drunk Driving,Day (06:00-18:00)
2019,1,Maharashtra,Chandrapur,Chandrapur,Rural,National Highway,94,24,30,64,Over-speeding,Night (18:00-06:00)
2019,2,Maharashtra,Chandrapur,Chandrapur,Rural,National Highway,96,27,32,64,Dangerous Overtaking,Night (18:00-06:00)
2019,3,Maharashtra,Chandrapur,Chandrapur,Rural,National Highway,93,23,30,63,Over-speeding,Night (18:00-06:00)
2019,4,Maharashtra,Chandrapur,Chandrapur,Rural,National Highway,82,26,26,55,Over-speeding,Day (06:00-18:00)
2019,5,Maharashtra,Chandrapur,Chandrapur,Rural,National Highway,98,24,32,57,Over-speeding,Night (18:00-06:00)
2019,6,Maharashtra,Chandrapur,Chandrapur,Rural,National Highway,122,30,36,72,Dangerous Overtaking,Night (18:00-06:00)
2019,7,Maharashtra,Chandrapur,Chandrapur,Rural,National Highway,120,29,34,86,Adverse Weather / Monsoon,Night (18:00-06:00)
2019,8,Maharashtra,Chandrapur,Chandrapur,Rural,National Highway,116,30,36,80,Adverse Weather / Monsoon,Day (06:00-18:00)
2019,9,Maharashtra,Chandrapur,Chandrapur,Rural,National Highway,120,37,45,75,Road Defect / Pothole,Night (18:00-06:00)
2019,10,Maharashtra,Chandrapur,Chandrapur,Rural,National Highway,95,28,33,62,Over-speeding,Day (06:00-18:00)
2019,11,Maharashtra,Chandrapur,Chandrapur,Rural,National Highway,98,25,28,59,Over-speeding,Night (18:00-06:00)
2019,12,Maharashtra,Chandrapur,Chandrapur,Rural,National Highway,98,23,28,56,Adverse Weather / Monsoon,Night (18:00-06:00)
2019,1,Maharashtra,Latur,Latur,Rural,State Highway,90,27,31,59,Adverse Weather / Monsoon,Day (06:00-18:00)
2019,2,Maharashtra,Latur,Latur,Rural,State Highway,87,27,28,58,Drunk Driving,Night (18:00-06:00)
2019,3,Maharashtra,Latur,Latur,Rural,State Highway,88,28,28,60,Over-speeding,Day (06:00-18:00)
2019,4,Maharashtra,Latur,Latur,Rural,State Highway,82,26,30,52,Over-speeding,Night (18:00-06:00)
2019,5,Maharashtra,Latur,Latur,Rural,State Highway,87,25,28,55,Over-speeding,Day (06:00-18:00)
2019,6,Maharashtra,Latur,Latur,Rural,State Highway,117,33,41,76,Over-speeding,Day (06:00-18:00)
2019,7,Maharashtra,Latur,Latur,Rural,State Highway,114,34,34,80,Adverse Weather / Monsoon,Night (18:00-06:00)
2019,8,Maharashtra,Latur,Latur,Rural,State Highway,111,34,37,74,Over-speeding,Night (18:00-06:00)
2019,9,Maharashtra,Latur,Latur,Rural,State Highway,110,31,31,66,Dangerous Overtaking,Day (06:00-18:00)
2019,10,Maharashtra,Latur,Latur,Rural,State Highway,91,23,27,51,Over-speeding,Night (18:00-06:00)
2019,11,Maharashtra,Latur,Latur,Rural,State Highway,91,24,27,58,Adverse Weather / Monsoon,Night (18:00-06:00)
2019,12,Maharashtra,Latur,Latur,Rural,State Highway,81,25,27,50,Dangerous Overtaking,Day (06:00-18:00)
2019,1,Maharashtra,Dhule,Dhule,Rural,National Highway,92,26,26,57,Dangerous Overtaking,Day (06:00-18:00)
2019,2,Maharashtra,Dhule,Dhule,Rural,National Highway,89,26,30,59,Dangerous Overtaking,Night (18:00-06:00)
2019,3,Maharashtra,Dhule,Dhule,Rural,National Highway,85,26,32,53,Over-speeding,Day (06:00-18:00)
2019,4,Maharashtra,Dhule,Dhule,Rural,National Highway,92,28,31,58,Over-speeding,Day (06:00-18:00)
2019,5,Maharashtra,Dhule,Dhule,Rural,National Highway,84,22,29,54,Dangerous Overtaking,Night (18:00-06:00)
2019,6,Maharashtra,Dhule,Dhule,Rural,National Highway,126,35,44,74,Dangerous Overtaking,Night (18:00-06:00)
2019,7,Maharashtra,Dhule,Dhule,Rural,National Highway,112,37,38,74,Adverse Weather / Monsoon,Day (06:00-18:00)
2019,8,Maharashtra,Dhule,Dhule,Rural,National Highway,111,29,37,68,Drunk Driving,Day (06:00-18:00)
2019,9,Maharashtra,Dhule,Dhule,Rural,National Highway,118,31,44,74,Adverse Weather / Monsoon,Night (18:00-06:00)
2019,10,Maharashtra,Dhule,Dhule,Rural,National Highway,89,25,32,57,Over-speeding,Day (06:00-18:00)
2019,11,Maharashtra,Dhule,Dhule,Rural,National Highway,91,25,29,60,Drunk Driving,Day (06:00-18:00)
2019,12,Maharashtra,Dhule,Dhule,Rural,National Highway,89,26,26,59,Road Defect / Pothole,Day (06:00-18:00)
2019,1,Maharashtra,Jalna,Jalna,Rural,State Highway,80,23,27,53,Adverse Weather / Monsoon,Day (06:00-18:00)
2019,2,Maharashtra,Jalna,Jalna,Rural,State Highway,90,24,31,59,Over-speeding,Day (06:00-18:00)
2019,3,Maharashtra,Jalna,Jalna,Rural,State Highway,77,25,25,52,Over-speeding,Day (06:00-18:00)
2019,4,Maharashtra,Jalna,Jalna,Rural,State Highway,90,21,32,58,Road Defect / Pothole,Day (06:00-18:00)
2019,5,Maharashtra,Jalna,Jalna,Rural,State Highway,92,24,25,53,Dangerous Overtaking,Night (18:00-06:00)
2019,6,Maharashtra,Jalna,Jalna,Rural,State Highway,114,30,40,74,Over-speeding,Night (18:00-06:00)
2019,7,Maharashtra,Jalna,Jalna,Rural,State Highway,114,29,36,68,Over-speeding,Night (18:00-06:00)
2019,8,Maharashtra,Jalna,Jalna,Rural,State Highway,117,29,38,79,Dangerous Overtaking,Night (18:00-06:00)
2019,9,Maharashtra,Jalna,Jalna,Rural,State Highway,112,32,33,73,Over-speeding,Night (18:00-06:00)
2019,10,Maharashtra,Jalna,Jalna,Rural,State Highway,90,25,30,55,Dangerous Overtaking,Day (06:00-18:00)
2019,11,Maharashtra,Jalna,Jalna,Rural,State Highway,84,27,29,55,Over-speeding,Night (18:00-06:00)
2019,12,Maharashtra,Jalna,Jalna,Rural,State Highway,81,22,27,54,Drunk Driving,Day (06:00-18:00)
2019,1,Maharashtra,Parbhani,Parbhani,Rural,State Highway,76,22,27,49,Over-speeding,Day (06:00-18:00)
2019,2,Maharashtra,Parbhani,Parbhani,Rural,State Highway,77,17,26,42,Over-speeding,Night (18:00-06:00)
2019,3,Maharashtra,Parbhani,Parbhani,Rural,State Highway,71,18,24,47,Drunk Driving,Day (06:00-18:00)
2019,4,Maharashtra,Parbhani,Parbhani,Rural,State Highway,74,18,27,46,Over-speeding,Night (18:00-06:00)
2019,5,Maharashtra,Parbhani,Parbhani,Rural,State Highway,71,22,25,45,Adverse Weather / Monsoon,Day (06:00-18:00)
2019,6,Maharashtra,Parbhani,Parbhani,Rural,State Highway,92,29,34,58,Adverse Weather / Monsoon,Night (18:00-06:00)
2019,7,Maharashtra,Parbhani,Parbhani,Rural,State Highway,93,24,36,57,Adverse Weather / Monsoon,Night (18:00-06:00)
2019,8,Maharashtra,Parbhani,Parbhani,Rural,State Highway,86,27,31,55,Adverse Weather / Monsoon,Day (06:00-18:00)
2019,9,Maharashtra,Parbhani,Parbhani,Rural,State Highway,100,30,31,62,Dangerous Overtaking,Day (06:00-18:00)
2019,10,Maharashtra,Parbhani,Parbhani,Rural,State Highway,75,18,24,41,Dangerous Overtaking,Day (06:00-18:00)
2019,11,Maharashtra,Parbhani,Parbhani,Rural,State Highway,75,18,27,48,Over-speeding,Night (18:00-06:00)
2019,12,Maharashtra,Parbhani,Parbhani,Rural,State Highway,74,21,24,44,Over-speeding,Night (18:00-06:00)
2019,1,Maharashtra,Akola,Akola,Rural,National Highway,74,21,24,50,Over-speeding,Day (06:00-18:00)
2019,2,Maharashtra,Akola,Akola,Rural,National Highway,75,18,27,45,Over-speeding,Day (06:00-18:00)
2019,3,Maharashtra,Akola,Akola,Rural,National Highway,75,22,27,48,Over-speeding,Night (18:00-06:00)
2019,4,Maharashtra,Akola,Akola,Rural,National Highway,72,22,28,44,Dangerous Overtaking,Day (06:00-18:00)
2019,5,Maharashtra,Akola,Akola,Rural,National Highway,75,19,22,51,Over-speeding,Night (18:00-06:00)
2019,6,Maharashtra,Akola,Akola,Rural,National Highway,96,29,34,62,Over-speeding,Day (06:00-18:00)
2019,7,Maharashtra,Akola,Akola,Rural,National Highway,99,29,31,68,Adverse Weather / Monsoon,Night (18:00-06:00)
2019,8,Maharashtra,Akola,Akola,Rural,National Highway,98,30,30,64,Dangerous Overtaking,Day (06:00-18:00)
2019,9,Maharashtra,Akola,Akola,Rural,National Highway,97,28,36,61,Road Defect / Pothole,Day (06:00-18:00)
2019,10,Maharashtra,Akola,Akola,Rural,National Highway,72,21,21,51,Over-speeding,Night (18:00-06:00)
2019,11,Maharashtra,Akola,Akola,Rural,National Highway,78,23,28,50,Over-speeding,Night (18:00-06:00)
2019,12,Maharashtra,Akola,Akola,Rural,National Highway,75,23,23,45,Adverse Weather / Monsoon,Day (06:00-18:00)
2019,1,Maharashtra,Dharashiv,Dharashiv (Osmanabad),Rural,National Highway,78,19,26,47,Over-speeding,Day (06:00-18:00)
2019,2,Maharashtra,Dharashiv,Dharashiv (Osmanabad),Rural,National Highway,74,20,26,48,Dangerous Overtaking,Day (06:00-18:00)
2019,3,Maharashtra,Dharashiv,Dharashiv (Osmanabad),Rural,National Highway,81,23,28,51,Adverse Weather / Monsoon,Day (06:00-18:00)
2019,4,Maharashtra,Dharashiv,Dharashiv (Osmanabad),Rural,National Highway,69,24,24,45,Dangerous Overtaking,Night (18:00-06:00)
2019,5,Maharashtra,Dharashiv,Dharashiv (Osmanabad),Rural,National Highway,81,19,26,53,Dangerous Overtaking,Day (06:00-18:00)
2019,6,Maharashtra,Dharashiv,Dharashiv (Osmanabad),Rural,National Highway,108,30,38,70,Adverse Weather / Monsoon,Day (06:00-18:00)
2019,7,Maharashtra,Dharashiv,Dharashiv (Osmanabad),Rural,National Highway,99,27,33,64,Adverse Weather / Monsoon,Night (18:00-06:00)
2019,8,Maharashtra,Dharashiv,Dharashiv (Osmanabad),Rural,National Highway,102,30,35,67,Dangerous Overtaking,Day (06:00-18:00)
2019,9,Maharashtra,Dharashiv,Dharashiv (Osmanabad),Rural,National Highway,100,28,33,67,Road Defect / Pothole,Night (18:00-06:00)
2019,10,Maharashtra,Dharashiv,Dharashiv (Osmanabad),Rural,National Highway,79,23,26,45,Over-speeding,Day (06:00-18:00)
2019,11,Maharashtra,Dharashiv,Dharashiv (Osmanabad),Rural,National Highway,75,19,22,47,Road Defect / Pothole,Day (06:00-18:00)
2019,12,Maharashtra,Dharashiv,Dharashiv (Osmanabad),Rural,National Highway,75,22,23,47,Over-speeding,Day (06:00-18:00)
2019,1,Maharashtra,Nandurbar,Nandurbar,Rural,State Highway,52,16,17,34,Over-speeding,Day (06:00-18:00)
2019,2,Maharashtra,Nandurbar,Nandurbar,Rural,State Highway,62,17,21,36,Adverse Weather / Monsoon,Day (06:00-18:00)
2019,3,Maharashtra,Nandurbar,Nandurbar,Rural,State Highway,58,15,21,37,Over-speeding,Night (18:00-06:00)
2019,4,Maharashtra,Nandurbar,Nandurbar,Rural,State Highway,58,20,21,35,Over-speeding,Day (06:00-18:00)
2019,5,Maharashtra,Nandurbar,Nandurbar,Rural,State Highway,60,19,20,40,Dangerous Overtaking,Day (06:00-18:00)
2019,6,Maharashtra,Nandurbar,Nandurbar,Rural,State Highway,82,25,30,45,Dangerous Overtaking,Day (06:00-18:00)
2019,7,Maharashtra,Nandurbar,Nandurbar,Rural,State Highway,75,23,23,52,Over-speeding,Day (06:00-18:00)
2019,8,Maharashtra,Nandurbar,Nandurbar,Rural,State Highway,77,22,24,53,Over-speeding,Day (06:00-18:00)
2019,9,Maharashtra,Nandurbar,Nandurbar,Rural,State Highway,83,24,28,49,Dangerous Overtaking,Day (06:00-18:00)
2019,10,Maharashtra,Nandurbar,Nandurbar,Rural,State Highway,64,18,23,41,Dangerous Overtaking,Day (06:00-18:00)
2019,11,Maharashtra,Nandurbar,Nandurbar,Rural,State Highway,63,17,18,35,Over-speeding,Day (06:00-18:00)
2019,12,Maharashtra,Nandurbar,Nandurbar,Rural,State Highway,56,17,20,35,Over-speeding,Day (06:00-18:00)
2019,1,Maharashtra,Ratnagiri,Ratnagiri,Rural,National Highway,77,21,26,51,Dangerous Overtaking,Day (06:00-18:00)
2019,2,Maharashtra,Ratnagiri,Ratnagiri,Rural,National Highway,75,19,22,51,Over-speeding,Night (18:00-06:00)
2019,3,Maharashtra,Ratnagiri,Ratnagiri,Rural,National Highway,77,23,27,47,Over-speeding,Night (18:00-06:00)
2019,4,Maharashtra,Ratnagiri,Ratnagiri,Rural,National Highway,75,21,25,50,Over-speeding,Day (06:00-18:00)
2019,5,Maharashtra,Ratnagiri,Ratnagiri,Rural,National Highway,71,21,21,47,Over-speeding,Day (06:00-18:00)
2019,6,Maharashtra,Ratnagiri,Ratnagiri,Rural,National Highway,98,25,33,58,Over-speeding,Day (06:00-18:00)
2019,7,Maharashtra,Ratnagiri,Ratnagiri,Rural,National Highway,98,25,33,60,Adverse Weather / Monsoon,Night (18:00-06:00)
2019,8,Maharashtra,Ratnagiri,Ratnagiri,Rural,National Highway,95,23,32,63,Road Defect / Pothole,Day (06:00-18:00)
2019,9,Maharashtra,Ratnagiri,Ratnagiri,Rural,National Highway,88,24,31,57,Drunk Driving,Day (06:00-18:00)
2019,10,Maharashtra,Ratnagiri,Ratnagiri,Rural,National Highway,79,18,27,52,Over-speeding,Night (18:00-06:00)
2019,11,Maharashtra,Ratnagiri,Ratnagiri,Rural,National Highway,74,23,26,46,Road Defect / Pothole,Day (06:00-18:00)
2019,12,Maharashtra,Ratnagiri,Ratnagiri,Rural,National Highway,71,20,23,45,Dangerous Overtaking,Day (06:00-18:00)
2019,1,Maharashtra,Gondia,Gondia,Rural,State Highway,57,15,20,34,Over-speeding,Day (06:00-18:00)
2019,2,Maharashtra,Gondia,Gondia,Rural,State Highway,57,14,18,39,Dangerous Overtaking,Day (06:00-18:00)
2019,3,Maharashtra,Gondia,Gondia,Rural,State Highway,55,15,17,37,Over-speeding,Day (06:00-18:00)
2019,4,Maharashtra,Gondia,Gondia,Rural,State Highway,60,16,21,36,Dangerous Overtaking,Day (06:00-18:00)
2019,5,Maharashtra,Gondia,Gondia,Rural,State Highway,53,15,16,36,Over-speeding,Night (18:00-06:00)
2019,6,Maharashtra,Gondia,Gondia,Rural,State Highway,77,21,26,50,Over-speeding,Night (18:00-06:00)
2019,7,Maharashtra,Gondia,Gondia,Rural,State Highway,77,19,27,50,Adverse Weather / Monsoon,Day (06:00-18:00)
2019,8,Maharashtra,Gondia,Gondia,Rural,State Highway,78,23,24,48,Over-speeding,Day (06:00-18:00)
2019,9,Maharashtra,Gondia,Gondia,Rural,State Highway,75,20,24,47,Dangerous Overtaking,Night (18:00-06:00)
2019,10,Maharashtra,Gondia,Gondia,Rural,State Highway,60,17,18,38,Dangerous Overtaking,Night (18:00-06:00)
2019,11,Maharashtra,Gondia,Gondia,Rural,State Highway,51,16,16,35,Drunk Driving,Night (18:00-06:00)
2019,12,Maharashtra,Gondia,Gondia,Rural,State Highway,57,15,21,36,Dangerous Overtaking,Night (18:00-06:00)
2019,1,Maharashtra,Wardha,Wardha,Rural,National Highway,68,20,22,46,Dangerous Overtaking,Day (06:00-18:00)
2019,2,Maharashtra,Wardha,Wardha,Rural,National Highway,64,21,22,42,Over-speeding,Night (18:00-06:00)
2019,3,Maharashtra,Wardha,Wardha,Rural,National Highway,73,20,26,47,Over-speeding,Day (06:00-18:00)
2019,4,Maharashtra,Wardha,Wardha,Rural,National Highway,70,21,25,41,Drunk Driving,Night (18:00-06:00)
2019,5,Maharashtra,Wardha,Wardha,Rural,National Highway,69,21,24,45,Over-speeding,Day (06:00-18:00)
2019,6,Maharashtra,Wardha,Wardha,Rural,National Highway,82,25,29,53,Over-speeding,Day (06:00-18:00)
2019,7,Maharashtra,Wardha,Wardha,Rural,National Highway,97,22,34,63,Over-speeding,Day (06:00-18:00)
2019,8,Maharashtra,Wardha,Wardha,Rural,National Highway,88,27,32,53,Adverse Weather / Monsoon,Day (06:00-18:00)
2019,9,Maharashtra,Wardha,Wardha,Rural,National Highway,91,28,28,63,Over-speeding,Night (18:00-06:00)
2019,10,Maharashtra,Wardha,Wardha,Rural,National Highway,67,18,22,45,Road Defect / Pothole,Night (18:00-06:00)
2019,11,Maharashtra,Wardha,Wardha,Rural,National Highway,71,17,23,48,Over-speeding,Day (06:00-18:00)
2019,12,Maharashtra,Wardha,Wardha,Rural,National Highway,69,17,23,46,Over-speeding,Night (18:00-06:00)
2019,1,Maharashtra,Bhandara,Bhandara,Rural,National Highway,60,17,21,37,Over-speeding,Night (18:00-06:00)
2019,2,Maharashtra,Bhandara,Bhandara,Rural,National Highway,54,15,19,35,Dangerous Overtaking,Day (06:00-18:00)
2019,3,Maharashtra,Bhandara,Bhandara,Rural,National Highway,59,14,18,37,Over-speeding,Day (06:00-18:00)
2019,4,Maharashtra,Bhandara,Bhandara,Rural,National Highway,59,17,17,34,Over-speeding,Night (18:00-06:00)
2019,5,Maharashtra,Bhandara,Bhandara,Rural,National Highway,55,16,17,36,Drunk Driving,Day (06:00-18:00)
2019,6,Maharashtra,Bhandara,Bhandara,Rural,National Highway,82,21,29,53,Over-speeding,Night (18:00-06:00)
2019,7,Maharashtra,Bhandara,Bhandara,Rural,National Highway,75,21,27,48,Adverse Weather / Monsoon,Day (06:00-18:00)
2019,8,Maharashtra,Bhandara,Bhandara,Rural,National Highway,81,23,27,54,Adverse Weather / Monsoon,Night (18:00-06:00)
2019,9,Maharashtra,Bhandara,Bhandara,Rural,National Highway,72,22,22,50,Over-speeding,Day (06:00-18:00)
2019,10,Maharashtra,Bhandara,Bhandara,Rural,National Highway,62,16,19,37,Over-speeding,Day (06:00-18:00)
2019,11,Maharashtra,Bhandara,Bhandara,Rural,National Highway,55,17,17,37,Drunk Driving,Night (18:00-06:00)
2019,12,Maharashtra,Bhandara,Bhandara,Rural,National Highway,60,16,20,40,Over-speeding,Night (18:00-06:00)
2019,1,Maharashtra,Washim,Washim,Rural,State Highway,53,13,17,35,Dangerous Overtaking,Day (06:00-18:00)
2019,2,Maharashtra,Washim,Washim,Rural,State Highway,53,16,17,32,Adverse Weather / Monsoon,Day (06:00-18:00)
2019,3,Maharashtra,Washim,Washim,Rural,State Highway,51,13,15,34,Over-speeding,Night (18:00-06:00)
2019,4,Maharashtra,Washim,Washim,Rural,State Highway,48,14,17,31,Over-speeding,Day (06:00-18:00)
2019,5,Maharashtra,Washim,Washim,Rural,State Highway,52,15,17,35,Over-speeding,Day (06:00-18:00)
2019,6,Maharashtra,Washim,Washim,Rural,State Highway,75,20,24,43,Drunk Driving,Night (18:00-06:00)
2019,7,Maharashtra,Washim,Washim,Rural,State Highway,69,17,27,41,Adverse Weather / Monsoon,Day (06:00-18:00)
2019,8,Maharashtra,Washim,Washim,Rural,State Highway,67,18,20,47,Over-speeding,Day (06:00-18:00)
2019,9,Maharashtra,Washim,Washim,Rural,State Highway,71,20,22,49,Drunk Driving,Day (06:00-18:00)
2019,10,Maharashtra,Washim,Washim,Rural,State Highway,56,16,19,34,Over-speeding,Day (06:00-18:00)
2019,11,Maharashtra,Washim,Washim,Rural,State Highway,50,14,16,34,Dangerous Overtaking,Day (06:00-18:00)
2019,12,Maharashtra,Washim,Washim,Rural,State Highway,56,17,20,36,Road Defect / Pothole,Day (06:00-18:00)
2019,1,Maharashtra,Hingoli,Hingoli,Rural,State Highway,47,12,13,27,Over-speeding,Day (06:00-18:00)
2019,2,Maharashtra,Hingoli,Hingoli,Rural,State Highway,45,13,16,27,Drunk Driving,Night (18:00-06:00)
2019,3,Maharashtra,Hingoli,Hingoli,Rural,State Highway,44,12,16,28,Adverse Weather / Monsoon,Day (06:00-18:00)
2019,4,Maharashtra,Hingoli,Hingoli,Rural,State Highway,43,13,16,26,Over-speeding,Day (06:00-18:00)
2019,5,Maharashtra,Hingoli,Hingoli,Rural,State Highway,46,11,15,31,Over-speeding,Day (06:00-18:00)
2019,6,Maharashtra,Hingoli,Hingoli,Rural,State Highway,57,14,20,36,Drunk Driving,Day (06:00-18:00)
2019,7,Maharashtra,Hingoli,Hingoli,Rural,State Highway,58,14,19,35,Over-speeding,Day (06:00-18:00)
2019,8,Maharashtra,Hingoli,Hingoli,Rural,State Highway,62,18,22,40,Adverse Weather / Monsoon,Day (06:00-18:00)
2019,9,Maharashtra,Hingoli,Hingoli,Rural,State Highway,63,17,22,41,Dangerous Overtaking,Day (06:00-18:00)
2019,10,Maharashtra,Hingoli,Hingoli,Rural,State Highway,44,11,15,29,Road Defect / Pothole,Day (06:00-18:00)
2019,11,Maharashtra,Hingoli,Hingoli,Rural,State Highway,48,14,17,31,Over-speeding,Night (18:00-06:00)
2019,12,Maharashtra,Hingoli,Hingoli,Rural,State Highway,46,12,13,30,Over-speeding,Night (18:00-06:00)
2019,1,Maharashtra,Gadchiroli,Gadchiroli,Rural,State Highway,42,12,13,28,Over-speeding,Day (06:00-18:00)
2019,2,Maharashtra,Gadchiroli,Gadchiroli,Rural,State Highway,38,13,13,25,Dangerous Overtaking,Day (06:00-18:00)
2019,3,Maharashtra,Gadchiroli,Gadchiroli,Rural,State Highway,39,12,15,24,Over-speeding,Day (06:00-18:00)
2019,4,Maharashtra,Gadchiroli,Gadchiroli,Rural,State Highway,40,10,15,25,Over-speeding,Night (18:00-06:00)
2019,5,Maharashtra,Gadchiroli,Gadchiroli,Rural,State Highway,44,12,12,26,Over-speeding,Night (18:00-06:00)
2019,6,Maharashtra,Gadchiroli,Gadchiroli,Rural,State Highway,58,16,21,34,Drunk Driving,Day (06:00-18:00)
2019,7,Maharashtra,Gadchiroli,Gadchiroli,Rural,State Highway,54,16,18,33,Adverse Weather / Monsoon,Day (06:00-18:00)
2019,8,Maharashtra,Gadchiroli,Gadchiroli,Rural,State Highway,53,13,17,31,Adverse Weather / Monsoon,Day (06:00-18:00)
2019,9,Maharashtra,Gadchiroli,Gadchiroli,Rural,State Highway,58,15,19,35,Over-speeding,Night (18:00-06:00)
2019,10,Maharashtra,Gadchiroli,Gadchiroli,Rural,State Highway,42,13,13,29,Adverse Weather / Monsoon,Day (06:00-18:00)
2019,11,Maharashtra,Gadchiroli,Gadchiroli,Rural,State Highway,43,12,14,25,Dangerous Overtaking,Day (06:00-18:00)
2019,12,Maharashtra,Gadchiroli,Gadchiroli,Rural,State Highway,39,11,15,24,Over-speeding,Night (18:00-06:00)
2019,1,Maharashtra,Sindhudurg,Sindhudurg,Rural,National Highway,50,14,16,34,Over-speeding,Night (18:00-06:00)
2019,2,Maharashtra,Sindhudurg,Sindhudurg,Rural,National Highway,51,12,17,34,Over-speeding,Day (06:00-18:00)
2019,3,Maharashtra,Sindhudurg,Sindhudurg,Rural,National Highway,47,12,14,33,Over-speeding,Day (06:00-18:00)
2019,4,Maharashtra,Sindhudurg,Sindhudurg,Rural,National Highway,48,14,14,30,Over-speeding,Day (06:00-18:00)
2019,5,Maharashtra,Sindhudurg,Sindhudurg,Rural,National Highway,49,14,14,35,Over-speeding,Night (18:00-06:00)
2019,6,Maharashtra,Sindhudurg,Sindhudurg,Rural,National Highway,66,17,24,40,Over-speeding,Night (18:00-06:00)
2019,7,Maharashtra,Sindhudurg,Sindhudurg,Rural,National Highway,67,17,19,45,Adverse Weather / Monsoon,Night (18:00-06:00)
2019,8,Maharashtra,Sindhudurg,Sindhudurg,Rural,National Highway,62,18,22,38,Adverse Weather / Monsoon,Day (06:00-18:00)
2019,9,Maharashtra,Sindhudurg,Sindhudurg,Rural,National Highway,67,20,22,38,Over-speeding,Night (18:00-06:00)
2019,10,Maharashtra,Sindhudurg,Sindhudurg,Rural,National Highway,46,14,17,29,Over-speeding,Day (06:00-18:00)
2019,11,Maharashtra,Sindhudurg,Sindhudurg,Rural,National Highway,51,14,18,33,Dangerous Overtaking,Day (06:00-18:00)
2019,12,Maharashtra,Sindhudurg,Sindhudurg,Rural,National Highway,52,14,17,34,Over-speeding,Night (18:00-06:00)
2019,1,Maharashtra,Palghar,Palghar,Rural,National Highway,117,30,35,82,Adverse Weather / Monsoon,Night (18:00-06:00)
2019,2,Maharashtra,Palghar,Palghar,Rural,National Highway,116,36,37,74,Over-speeding,Day (06:00-18:00)
2019,3,Maharashtra,Palghar,Palghar,Rural,National Highway,117,31,39,67,Drunk Driving,Day (06:00-18:00)
2019,4,Maharashtra,Palghar,Palghar,Rural,National Highway,115,31,42,71,Dangerous Overtaking,Night (18:00-06:00)
2019,5,Maharashtra,Palghar,Palghar,Rural,National Highway,117,28,42,75,Dangerous Overtaking,Night (18:00-06:00)
2019,6,Maharashtra,Palghar,Palghar,Rural,National Highway,148,43,52,96,Over-speeding,Night (18:00-06:00)
2019,7,Maharashtra,Palghar,Palghar,Rural,National Highway,150,39,45,105,Adverse Weather / Monsoon,Day (06:00-18:00)
2019,8,Maharashtra,Palghar,Palghar,Rural,National Highway,155,46,49,106,Adverse Weather / Monsoon,Day (06:00-18:00)
2019,9,Maharashtra,Palghar,Palghar,Rural,National Highway,147,39,45,95,Dangerous Overtaking,Day (06:00-18:00)
2019,10,Maharashtra,Palghar,Palghar,Rural,National Highway,116,28,35,79,Over-speeding,Day (06:00-18:00)
2019,11,Maharashtra,Palghar,Palghar,Rural,National Highway,115,28,35,73,Adverse Weather / Monsoon,Night (18:00-06:00)
2019,12,Maharashtra,Palghar,Palghar,Rural,National Highway,115,29,38,73,Drunk Driving,Day (06:00-18:00)
2020,1,Maharashtra,Pune,Pune Rural,Rural,National Highway,235,59,64,171,Over-speeding,Day (06:00-18:00)
2020,2,Maharashtra,Pune,Pune Rural,Rural,National Highway,231,53,78,153,Dangerous Overtaking,Night (18:00-06:00)
2020,3,Maharashtra,Pune,Pune Rural,Rural,National Highway,221,58,65,148,Over-speeding,Day (06:00-18:00)
2020,4,Maharashtra,Pune,Pune Rural,Rural,National Highway,234,63,64,170,Dangerous Overtaking,Day (06:00-18:00)
2020,5,Maharashtra,Pune,Pune Rural,Rural,National Highway,220,56,77,143,Dangerous Overtaking,Night (18:00-06:00)
2020,6,Maharashtra,Pune,Pune Rural,Rural,National Highway,307,67,83,224,Over-speeding,Night (18:00-06:00)
2020,7,Maharashtra,Pune,Pune Rural,Rural,National Highway,307,74,93,196,Adverse Weather / Monsoon,Night (18:00-06:00)
2020,8,Maharashtra,Pune,Pune Rural,Rural,National Highway,295,80,80,215,Adverse Weather / Monsoon,Night (18:00-06:00)
2020,9,Maharashtra,Pune,Pune Rural,Rural,National Highway,307,76,95,185,Dangerous Overtaking,Day (06:00-18:00)
2020,10,Maharashtra,Pune,Pune Rural,Rural,National Highway,244,58,78,166,Over-speeding,Night (18:00-06:00)
2020,11,Maharashtra,Pune,Pune Rural,Rural,National Highway,245,51,60,154,Over-speeding,Night (18:00-06:00)
2020,12,Maharashtra,Pune,Pune Rural,Rural,National Highway,243,55,67,154,Dangerous Overtaking,Day (06:00-18:00)
2020,1,Maharashtra,Pune,Pune City,City,Urban / City Road,85,20,23,58,Dangerous Overtaking,Day (06:00-18:00)
2020,2,Maharashtra,Pune,Pune City,City,Urban / City Road,81,20,25,56,Over-speeding,Day (06:00-18:00)
2020,3,Maharashtra,Pune,Pune City,City,Urban / City Road,81,16,20,61,Dangerous Overtaking,Night (18:00-06:00)
2020,4,Maharashtra,Pune,Pune City,City,Urban / City Road,87,19,19,66,Drunk Driving,Night (18:00-06:00)
2020,5,Maharashtra,Pune,Pune City,City,Urban / City Road,91,17,22,63,Dangerous Overtaking,Night (18:00-06:00)
2020,6,Maharashtra,Pune,Pune City,City,Urban / City Road,113,24,25,88,Dangerous Overtaking,Day (06:00-18:00)
2020,7,Maharashtra,Pune,Pune City,City,Urban / City Road,112,28,28,84,Adverse Weather / Monsoon,Night (18:00-06:00)
2020,8,Maharashtra,Pune,Pune City,City,Urban / City Road,111,24,31,80,Adverse Weather / Monsoon,Day (06:00-18:00)
2020,9,Maharashtra,Pune,Pune City,City,Urban / City Road,117,24,27,73,Over-speeding,Day (06:00-18:00)
2020,10,Maharashtra,Pune,Pune City,City,Urban / City Road,79,21,22,57,Drunk Driving,Day (06:00-18:00)
2020,11,Maharashtra,Pune,Pune City,City,Urban / City Road,86,17,20,57,Over-speeding,Day (06:00-18:00)
2020,12,Maharashtra,Pune,Pune City,City,Urban / City Road,89,21,25,64,Over-speeding,Day (06:00-18:00)
2020,1,Maharashtra,Nashik,Nashik Rural,Rural,National Highway,176,53,55,121,Over-speeding,Day (06:00-18:00)
2020,2,Maharashtra,Nashik,Nashik Rural,Rural,National Highway,195,50,65,130,Road Defect / Pothole,Day (06:00-18:00)
2020,3,Maharashtra,Nashik,Nashik Rural,Rural,National Highway,189,60,60,129,Over-speeding,Day (06:00-18:00)
2020,4,Maharashtra,Nashik,Nashik Rural,Rural,National Highway,189,48,60,129,Dangerous Overtaking,Night (18:00-06:00)
2020,5,Maharashtra,Nashik,Nashik Rural,Rural,National Highway,193,52,64,123,Over-speeding,Night (18:00-06:00)
2020,6,Maharashtra,Nashik,Nashik Rural,Rural,National Highway,229,64,83,146,Over-speeding,Day (06:00-18:00)
2020,7,Maharashtra,Nashik,Nashik Rural,Rural,National Highway,247,69,84,147,Over-speeding,Day (06:00-18:00)
2020,8,Maharashtra,Nashik,Nashik Rural,Rural,National Highway,255,66,72,146,Adverse Weather / Monsoon,Night (18:00-06:00)
2020,9,Maharashtra,Nashik,Nashik Rural,Rural,National Highway,225,67,68,150,Over-speeding,Night (18:00-06:00)
2020,10,Maharashtra,Nashik,Nashik Rural,Rural,National Highway,184,51,61,118,Over-speeding,Night (18:00-06:00)
2020,11,Maharashtra,Nashik,Nashik Rural,Rural,National Highway,187,53,54,118,Adverse Weather / Monsoon,Night (18:00-06:00)
2020,12,Maharashtra,Nashik,Nashik Rural,Rural,National Highway,181,53,53,111,Over-speeding,Day (06:00-18:00)
2020,1,Maharashtra,Nashik,Nashik City,City,Urban / City Road,50,12,13,36,Over-speeding,Day (06:00-18:00)
2020,2,Maharashtra,Nashik,Nashik City,City,Urban / City Road,47,12,12,31,Over-speeding,Day (06:00-18:00)
2020,3,Maharashtra,Nashik,Nashik City,City,Urban / City Road,49,11,15,30,Dangerous Overtaking,Day (06:00-18:00)
2020,4,Maharashtra,Nashik,Nashik City,City,Urban / City Road,51,14,16,34,Over-speeding,Night (18:00-06:00)
2020,5,Maharashtra,Nashik,Nashik City,City,Urban / City Road,49,13,13,36,Over-speeding,Day (06:00-18:00)
2020,6,Maharashtra,Nashik,Nashik City,City,Urban / City Road,63,18,21,42,Over-speeding,Night (18:00-06:00)
2020,7,Maharashtra,Nashik,Nashik City,City,Urban / City Road,62,19,19,41,Dangerous Overtaking,Day (06:00-18:00)
2020,8,Maharashtra,Nashik,Nashik City,City,Urban / City Road,67,18,18,45,Over-speeding,Day (06:00-18:00)
2020,9,Maharashtra,Nashik,Nashik City,City,Urban / City Road,62,16,16,44,Dangerous Overtaking,Night (18:00-06:00)
2020,10,Maharashtra,Nashik,Nashik City,City,Urban / City Road,50,11,12,35,Over-speeding,Day (06:00-18:00)
2020,11,Maharashtra,Nashik,Nashik City,City,Urban / City Road,51,13,15,31,Drunk Driving,Night (18:00-06:00)
2020,12,Maharashtra,Nashik,Nashik City,City,Urban / City Road,51,13,15,34,Over-speeding,Night (18:00-06:00)
2020,1,Maharashtra,Solapur,Solapur Rural,Rural,National Highway,142,36,49,87,Adverse Weather / Monsoon,Night (18:00-06:00)
2020,2,Maharashtra,Solapur,Solapur Rural,Rural,National Highway,150,41,50,95,Adverse Weather / Monsoon,Day (06:00-18:00)
2020,3,Maharashtra,Solapur,Solapur Rural,Rural,National Highway,142,40,41,96,Over-speeding,Day (06:00-18:00)
2020,4,Maharashtra,Solapur,Solapur Rural,Rural,National Highway,134,37,43,91,Adverse Weather / Monsoon,Day (06:00-18:00)
2020,5,Maharashtra,Solapur,Solapur Rural,Rural,National Highway,130,40,40,90,Drunk Driving,Night (18:00-06:00)
2020,6,Maharashtra,Solapur,Solapur Rural,Rural,National Highway,193,56,56,116,Adverse Weather / Monsoon,Night (18:00-06:00)
2020,7,Maharashtra,Solapur,Solapur Rural,Rural,National Highway,182,48,56,126,Adverse Weather / Monsoon,Day (06:00-18:00)
2020,8,Maharashtra,Solapur,Solapur Rural,Rural,National Highway,194,57,66,128,Over-speeding,Night (18:00-06:00)
2020,9,Maharashtra,Solapur,Solapur Rural,Rural,National Highway,177,46,59,115,Over-speeding,Night (18:00-06:00)
2020,10,Maharashtra,Solapur,Solapur Rural,Rural,National Highway,142,35,47,95,Over-speeding,Night (18:00-06:00)
2020,11,Maharashtra,Solapur,Solapur Rural,Rural,National Highway,149,44,44,101,Drunk Driving,Night (18:00-06:00)
2020,12,Maharashtra,Solapur,Solapur Rural,Rural,National Highway,132,35,47,85,Road Defect / Pothole,Day (06:00-18:00)
2020,1,Maharashtra,Solapur,Solapur City,City,Urban / City Road,29,7,8,21,Over-speeding,Day (06:00-18:00)
2020,2,Maharashtra,Solapur,Solapur City,City,Urban / City Road,26,5,6,18,Drunk Driving,Day (06:00-18:00)
2020,3,Maharashtra,Solapur,Solapur City,City,Urban / City Road,25,6,7,17,Drunk Driving,Night (18:00-06:00)
2020,4,Maharashtra,Solapur,Solapur City,City,Urban / City Road,27,6,6,19,Dangerous Overtaking,Night (18:00-06:00)
2020,5,Maharashtra,Solapur,Solapur City,City,Urban / City Road,28,6,7,21,Drunk Driving,Day (06:00-18:00)
2020,6,Maharashtra,Solapur,Solapur City,City,Urban / City Road,36,7,9,25,Adverse Weather / Monsoon,Night (18:00-06:00)
2020,7,Maharashtra,Solapur,Solapur City,City,Urban / City Road,36,7,9,27,Adverse Weather / Monsoon,Night (18:00-06:00)
2020,8,Maharashtra,Solapur,Solapur City,City,Urban / City Road,36,7,10,25,Adverse Weather / Monsoon,Day (06:00-18:00)
2020,9,Maharashtra,Solapur,Solapur City,City,Urban / City Road,37,8,8,26,Dangerous Overtaking,Night (18:00-06:00)
2020,10,Maharashtra,Solapur,Solapur City,City,Urban / City Road,25,6,6,19,Over-speeding,Night (18:00-06:00)
2020,11,Maharashtra,Solapur,Solapur City,City,Urban / City Road,26,7,8,18,Over-speeding,Night (18:00-06:00)
2020,12,Maharashtra,Solapur,Solapur City,City,Urban / City Road,28,7,8,20,Road Defect / Pothole,Day (06:00-18:00)
2020,1,Maharashtra,Ahmednagar,Ahmednagar,Rural,State Highway,169,45,56,113,Over-speeding,Night (18:00-06:00)
2020,2,Maharashtra,Ahmednagar,Ahmednagar,Rural,State Highway,172,48,59,102,Over-speeding,Day (06:00-18:00)
2020,3,Maharashtra,Ahmednagar,Ahmednagar,Rural,State Highway,180,56,60,120,Dangerous Overtaking,Day (06:00-18:00)
2020,4,Maharashtra,Ahmednagar,Ahmednagar,Rural,State Highway,182,46,64,117,Over-speeding,Night (18:00-06:00)
2020,5,Maharashtra,Ahmednagar,Ahmednagar,Rural,State Highway,186,50,50,114,Road Defect / Pothole,Day (06:00-18:00)
2020,6,Maharashtra,Ahmednagar,Ahmednagar,Rural,State Highway,238,63,66,134,Road Defect / Pothole,Night (18:00-06:00)
2020,7,Maharashtra,Ahmednagar,Ahmednagar,Rural,State Highway,239,58,86,144,Over-speeding,Day (06:00-18:00)
2020,8,Maharashtra,Ahmednagar,Ahmednagar,Rural,State Highway,222,59,71,137,Adverse Weather / Monsoon,Night (18:00-06:00)
2020,9,Maharashtra,Ahmednagar,Ahmednagar,Rural,State Highway,244,62,75,156,Over-speeding,Day (06:00-18:00)
2020,10,Maharashtra,Ahmednagar,Ahmednagar,Rural,State Highway,160,47,51,108,Dangerous Overtaking,Day (06:00-18:00)
2020,11,Maharashtra,Ahmednagar,Ahmednagar,Rural,State Highway,171,45,63,108,Adverse Weather / Monsoon,Day (06:00-18:00)
2020,12,Maharashtra,Ahmednagar,Ahmednagar,Rural,State Highway,171,48,58,113,Drunk Driving,Day (06:00-18:00)
2020,1,Maharashtra,Thane,Thane Rural,Rural,National Highway,115,30,38,77,Over-speeding,Day (06:00-18:00)
2020,2,Maharashtra,Thane,Thane Rural,Rural,National Highway,116,31,37,79,Over-speeding,Day (06:00-18:00)
2020,3,Maharashtra,Thane,Thane Rural,Rural,National Highway,117,34,40,77,Drunk Driving,Night (18:00-06:00)
2020,4,Maharashtra,Thane,Thane Rural,Rural,National Highway,120,36,38,82,Adverse Weather / Monsoon,Day (06:00-18:00)
2020,5,Maharashtra,Thane,Thane Rural,Rural,National Highway,113,36,38,75,Over-speeding,Night (18:00-06:00)
2020,6,Maharashtra,Thane,Thane Rural,Rural,National Highway,150,42,55,95,Over-speeding,Night (18:00-06:00)
2020,7,Maharashtra,Thane,Thane Rural,Rural,National Highway,137,45,45,92,Adverse Weather / Monsoon,Day (06:00-18:00)
2020,8,Maharashtra,Thane,Thane Rural,Rural,National Highway,152,44,46,96,Dangerous Overtaking,Day (06:00-18:00)
2020,9,Maharashtra,Thane,Thane Rural,Rural,National Highway,138,40,46,92,Drunk Driving,Day (06:00-18:00)
2020,10,Maharashtra,Thane,Thane Rural,Rural,National Highway,122,34,43,69,Over-speeding,Night (18:00-06:00)
2020,11,Maharashtra,Thane,Thane Rural,Rural,National Highway,113,33,33,80,Drunk Driving,Day (06:00-18:00)
2020,12,Maharashtra,Thane,Thane Rural,Rural,National Highway,116,30,34,80,Over-speeding,Day (06:00-18:00)
2020,1,Maharashtra,Thane,Thane City,City,Urban / City Road,86,22,27,59,Drunk Driving,Day (06:00-18:00)
2020,2,Maharashtra,Thane,Thane City,City,Urban / City Road,82,18,24,58,Adverse Weather / Monsoon,Day (06:00-18:00)
2020,3,Maharashtra,Thane,Thane City,City,Urban / City Road,85,19,23,62,Over-speeding,Day (06:00-18:00)
2020,4,Maharashtra,Thane,Thane City,City,Urban / City Road,87,20,22,57,Dangerous Overtaking,Night (18:00-06:00)
2020,5,Maharashtra,Thane,Thane City,City,Urban / City Road,87,22,24,54,Over-speeding,Day (06:00-18:00)
2020,6,Maharashtra,Thane,Thane City,City,Urban / City Road,115,27,33,82,Over-speeding,Day (06:00-18:00)
2020,7,Maharashtra,Thane,Thane City,City,Urban / City Road,103,27,28,75,Drunk Driving,Day (06:00-18:00)
2020,8,Maharashtra,Thane,Thane City,City,Urban / City Road,109,23,30,79,Adverse Weather / Monsoon,Day (06:00-18:00)
2020,9,Maharashtra,Thane,Thane City,City,Urban / City Road,105,29,31,74,Drunk Driving,Day (06:00-18:00)
2020,10,Maharashtra,Thane,Thane City,City,Urban / City Road,87,21,23,59,Adverse Weather / Monsoon,Day (06:00-18:00)
2020,11,Maharashtra,Thane,Thane City,City,Urban / City Road,79,21,21,58,Drunk Driving,Day (06:00-18:00)
2020,12,Maharashtra,Thane,Thane City,City,Urban / City Road,81,21,21,60,Adverse Weather / Monsoon,Day (06:00-18:00)
2020,1,Maharashtra,Mumbai,Mumbai Suburban,City,Urban / Expressway,227,23,29,198,Adverse Weather / Monsoon,Night (18:00-06:00)
2020,2,Maharashtra,Mumbai,Mumbai Suburban,City,Urban / Expressway,227,22,25,202,Over-speeding,Night (18:00-06:00)
2020,3,Maharashtra,Mumbai,Mumbai Suburban,City,Urban / Expressway,221,28,28,178,Over-speeding,Day (06:00-18:00)
2020,4,Maharashtra,Mumbai,Mumbai Suburban,City,Urban / Expressway,222,23,25,197,Adverse Weather / Monsoon,Day (06:00-18:00)
2020,5,Maharashtra,Mumbai,Mumbai Suburban,City,Urban / Expressway,207,21,31,170,Over-speeding,Night (18:00-06:00)
2020,6,Maharashtra,Mumbai,Mumbai Suburban,City,Urban / Expressway,285,31,41,244,Over-speeding,Day (06:00-18:00)
2020,7,Maharashtra,Mumbai,Mumbai Suburban,City,Urban / Expressway,288,34,39,247,Adverse Weather / Monsoon,Night (18:00-06:00)
2020,8,Maharashtra,Mumbai,Mumbai Suburban,City,Urban / Expressway,282,29,31,251,Adverse Weather / Monsoon,Night (18:00-06:00)
2020,9,Maharashtra,Mumbai,Mumbai Suburban,City,Urban / Expressway,301,30,40,253,Over-speeding,Day (06:00-18:00)
2020,10,Maharashtra,Mumbai,Mumbai Suburban,City,Urban / Expressway,223,24,26,197,Over-speeding,Night (18:00-06:00)
2020,11,Maharashtra,Mumbai,Mumbai Suburban,City,Urban / Expressway,214,24,26,178,Dangerous Overtaking,Day (06:00-18:00)
2020,12,Maharashtra,Mumbai,Mumbai Suburban,City,Urban / Expressway,224,24,24,200,Over-speeding,Night (18:00-06:00)
2020,1,Maharashtra,Mumbai,Mumbai City,City,Urban / City Road,148,18,21,126,Dangerous Overtaking,Night (18:00-06:00)
2020,2,Maharashtra,Mumbai,Mumbai City,City,Urban / City Road,151,14,18,133,Drunk Driving,Day (06:00-18:00)
2020,3,Maharashtra,Mumbai,Mumbai City,City,Urban / City Road,156,14,19,137,Over-speeding,Day (06:00-18:00)
2020,4,Maharashtra,Mumbai,Mumbai City,City,Urban / City Road,149,14,20,129,Over-speeding,Day (06:00-18:00)
2020,5,Maharashtra,Mumbai,Mumbai City,City,Urban / City Road,155,15,19,136,Drunk Driving,Night (18:00-06:00)
2020,6,Maharashtra,Mumbai,Mumbai City,City,Urban / City Road,187,21,28,159,Over-speeding,Day (06:00-18:00)
2020,7,Maharashtra,Mumbai,Mumbai City,City,Urban / City Road,196,20,24,168,Adverse Weather / Monsoon,Day (06:00-18:00)
2020,8,Maharashtra,Mumbai,Mumbai City,City,Urban / City Road,201,21,27,159,Adverse Weather / Monsoon,Day (06:00-18:00)
2020,9,Maharashtra,Mumbai,Mumbai City,City,Urban / City Road,185,21,22,163,Drunk Driving,Day (06:00-18:00)
2020,10,Maharashtra,Mumbai,Mumbai City,City,Urban / City Road,143,18,21,122,Over-speeding,Day (06:00-18:00)
2020,11,Maharashtra,Mumbai,Mumbai City,City,Urban / City Road,156,17,17,129,Over-speeding,Day (06:00-18:00)
2020,12,Maharashtra,Mumbai,Mumbai City,City,Urban / City Road,147,15,18,129,Road Defect / Pothole,Day (06:00-18:00)
2020,1,Maharashtra,Nagpur,Nagpur Rural,Rural,National Highway,120,32,33,71,Dangerous Overtaking,Night (18:00-06:00)
2020,2,Maharashtra,Nagpur,Nagpur Rural,Rural,National Highway,119,32,33,77,Over-speeding,Night (18:00-06:00)
2020,3,Maharashtra,Nagpur,Nagpur Rural,Rural,National Highway,122,32,40,73,Over-speeding,Day (06:00-18:00)
2020,4,Maharashtra,Nagpur,Nagpur Rural,Rural,National Highway,113,35,40,70,Over-speeding,Day (06:00-18:00)
2020,5,Maharashtra,Nagpur,Nagpur Rural,Rural,National Highway,117,29,42,75,Over-speeding,Night (18:00-06:00)
2020,6,Maharashtra,Nagpur,Nagpur Rural,Rural,National Highway,153,44,46,105,Road Defect / Pothole,Day (06:00-18:00)
2020,7,Maharashtra,Nagpur,Nagpur Rural,Rural,National Highway,163,49,57,104,Adverse Weather / Monsoon,Night (18:00-06:00)
2020,8,Maharashtra,Nagpur,Nagpur Rural,Rural,National Highway,158,43,53,105,Drunk Driving,Night (18:00-06:00)
2020,9,Maharashtra,Nagpur,Nagpur Rural,Rural,National Highway,154,43,56,98,Adverse Weather / Monsoon,Day (06:00-18:00)
2020,10,Maharashtra,Nagpur,Nagpur Rural,Rural,National Highway,123,33,38,74,Dangerous Overtaking,Day (06:00-18:00)
2020,11,Maharashtra,Nagpur,Nagpur Rural,Rural,National Highway,120,28,36,84,Road Defect / Pothole,Day (06:00-18:00)
2020,12,Maharashtra,Nagpur,Nagpur Rural,Rural,National Highway,120,35,37,81,Adverse Weather / Monsoon,Day (06:00-18:00)
2020,1,Maharashtra,Nagpur,Nagpur City,City,Urban / City Road,82,17,17,54,Dangerous Overtaking,Night (18:00-06:00)
2020,2,Maharashtra,Nagpur,Nagpur City,City,Urban / City Road,81,16,16,56,Dangerous Overtaking,Day (06:00-18:00)
2020,3,Maharashtra,Nagpur,Nagpur City,City,Urban / City Road,75,15,18,56,Over-speeding,Day (06:00-18:00)
2020,4,Maharashtra,Nagpur,Nagpur City,City,Urban / City Road,82,14,20,58,Over-speeding,Day (06:00-18:00)
2020,5,Maharashtra,Nagpur,Nagpur City,City,Urban / City Road,80,14,19,57,Over-speeding,Night (18:00-06:00)
2020,6,Maharashtra,Nagpur,Nagpur City,City,Urban / City Road,112,19,21,84,Adverse Weather / Monsoon,Day (06:00-18:00)
2020,7,Maharashtra,Nagpur,Nagpur City,City,Urban / City Road,98,21,21,77,Adverse Weather / Monsoon,Day (06:00-18:00)
2020,8,Maharashtra,Nagpur,Nagpur City,City,Urban / City Road,108,18,23,80,Adverse Weather / Monsoon,Day (06:00-18:00)
2020,9,Maharashtra,Nagpur,Nagpur City,City,Urban / City Road,110,19,25,85,Over-speeding,Day (06:00-18:00)
2020,10,Maharashtra,Nagpur,Nagpur City,City,Urban / City Road,81,17,18,63,Over-speeding,Day (06:00-18:00)
2020,11,Maharashtra,Nagpur,Nagpur City,City,Urban / City Road,83,14,21,59,Over-speeding,Night (18:00-06:00)
2020,12,Maharashtra,Nagpur,Nagpur City,City,Urban / City Road,71,17,17,54,Over-speeding,Day (06:00-18:00)
2020,1,Maharashtra,Kolhapur,Kolhapur,Rural,National Highway,122,36,40,79,Dangerous Overtaking,Night (18:00-06:00)
2020,2,Maharashtra,Kolhapur,Kolhapur,Rural,National Highway,133,32,37,81,Over-speeding,Day (06:00-18:00)
2020,3,Maharashtra,Kolhapur,Kolhapur,Rural,National Highway,131,31,36,83,Dangerous Overtaking,Day (06:00-18:00)
2020,4,Maharashtra,Kolhapur,Kolhapur,Rural,National Highway,131,39,39,92,Over-speeding,Day (06:00-18:00)
2020,5,Maharashtra,Kolhapur,Kolhapur,Rural,National Highway,129,38,38,91,Dangerous Overtaking,Night (18:00-06:00)
2020,6,Maharashtra,Kolhapur,Kolhapur,Rural,National Highway,163,49,49,109,Dangerous Overtaking,Day (06:00-18:00)
2020,7,Maharashtra,Kolhapur,Kolhapur,Rural,National Highway,186,42,63,123,Adverse Weather / Monsoon,Night (18:00-06:00)
2020,8,Maharashtra,Kolhapur,Kolhapur,Rural,National Highway,172,44,61,111,Adverse Weather / Monsoon,Day (06:00-18:00)
2020,9,Maharashtra,Kolhapur,Kolhapur,Rural,National Highway,161,52,56,105,Adverse Weather / Monsoon,Night (18:00-06:00)
2020,10,Maharashtra,Kolhapur,Kolhapur,Rural,National Highway,135,39,42,77,Drunk Driving,Day (06:00-18:00)
2020,11,Maharashtra,Kolhapur,Kolhapur,Rural,National Highway,136,33,48,80,Drunk Driving,Day (06:00-18:00)
2020,12,Maharashtra,Kolhapur,Kolhapur,Rural,National Highway,136,32,37,93,Dangerous Overtaking,Night (18:00-06:00)
2020,1,Maharashtra,Satara,Satara,Rural,National Highway,125,35,42,83,Dangerous Overtaking,Day (06:00-18:00)
2020,2,Maharashtra,Satara,Satara,Rural,National Highway,120,37,37,77,Dangerous Overtaking,Day (06:00-18:00)
2020,3,Maharashtra,Satara,Satara,Rural,National Highway,124,32,43,75,Over-speeding,Night (18:00-06:00)
2020,4,Maharashtra,Satara,Satara,Rural,National Highway,130,34,34,79,Over-speeding,Night (18:00-06:00)
2020,5,Maharashtra,Satara,Satara,Rural,National Highway,117,29,39,75,Over-speeding,Day (06:00-18:00)
2020,6,Maharashtra,Satara,Satara,Rural,National Highway,164,46,51,101,Over-speeding,Night (18:00-06:00)
2020,7,Maharashtra,Satara,Satara,Rural,National Highway,175,45,45,109,Adverse Weather / Monsoon,Day (06:00-18:00)
2020,8,Maharashtra,Satara,Satara,Rural,National Highway,171,43,54,117,Over-speeding,Night (18:00-06:00)
2020,9,Maharashtra,Satara,Satara,Rural,National Highway,169,48,53,116,Drunk Driving,Night (18:00-06:00)
2020,10,Maharashtra,Satara,Satara,Rural,National Highway,126,32,45,74,Over-speeding,Day (06:00-18:00)
2020,11,Maharashtra,Satara,Satara,Rural,National Highway,125,35,41,74,Dangerous Overtaking,Day (06:00-18:00)
2020,12,Maharashtra,Satara,Satara,Rural,National Highway,125,33,40,76,Over-speeding,Night (18:00-06:00)
2020,1,Maharashtra,Jalgaon,Jalgaon,Rural,State Highway,113,26,36,69,Dangerous Overtaking,Night (18:00-06:00)
2020,2,Maharashtra,Jalgaon,Jalgaon,Rural,State Highway,97,29,29,68,Over-speeding,Day (06:00-18:00)
2020,3,Maharashtra,Jalgaon,Jalgaon,Rural,State Highway,109,34,38,71,Over-speeding,Day (06:00-18:00)
2020,4,Maharashtra,Jalgaon,Jalgaon,Rural,State Highway,106,31,33,69,Over-speeding,Day (06:00-18:00)
2020,5,Maharashtra,Jalgaon,Jalgaon,Rural,State Highway,107,27,30,77,Over-speeding,Day (06:00-18:00)
2020,6,Maharashtra,Jalgaon,Jalgaon,Rural,State Highway,150,40,52,98,Over-speeding,Day (06:00-18:00)
2020,7,Maharashtra,Jalgaon,Jalgaon,Rural,State Highway,137,41,48,89,Adverse Weather / Monsoon,Day (06:00-18:00)
2020,8,Maharashtra,Jalgaon,Jalgaon,Rural,State Highway,145,42,48,97,Adverse Weather / Monsoon,Night (18:00-06:00)
2020,9,Maharashtra,Jalgaon,Jalgaon,Rural,State Highway,141,34,41,88,Over-speeding,Night (18:00-06:00)
2020,10,Maharashtra,Jalgaon,Jalgaon,Rural,State Highway,112,27,31,77,Over-speeding,Day (06:00-18:00)
2020,11,Maharashtra,Jalgaon,Jalgaon,Rural,State Highway,106,26,35,64,Over-speeding,Night (18:00-06:00)
2020,12,Maharashtra,Jalgaon,Jalgaon,Rural,State Highway,107,31,32,75,Over-speeding,Day (06:00-18:00)
2020,1,Maharashtra,Sangli,Sangli,Rural,State Highway,99,26,29,65,Adverse Weather / Monsoon,Night (18:00-06:00)
2020,2,Maharashtra,Sangli,Sangli,Rural,State Highway,99,26,34,65,Over-speeding,Day (06:00-18:00)
2020,3,Maharashtra,Sangli,Sangli,Rural,State Highway,101,26,32,69,Over-speeding,Day (06:00-18:00)
2020,4,Maharashtra,Sangli,Sangli,Rural,State Highway,95,29,34,61,Dangerous Overtaking,Day (06:00-18:00)
2020,5,Maharashtra,Sangli,Sangli,Rural,State Highway,100,27,31,69,Over-speeding,Day (06:00-18:00)
2020,6,Maharashtra,Sangli,Sangli,Rural,State Highway,128,35,48,76,Over-speeding,Day (06:00-18:00)
2020,7,Maharashtra,Sangli,Sangli,Rural,State Highway,127,41,44,83,Adverse Weather / Monsoon,Day (06:00-18:00)
2020,8,Maharashtra,Sangli,Sangli,Rural,State Highway,135,35,41,86,Adverse Weather / Monsoon,Day (06:00-18:00)
2020,9,Maharashtra,Sangli,Sangli,Rural,State Highway,138,37,47,91,Over-speeding,Day (06:00-18:00)
2020,10,Maharashtra,Sangli,Sangli,Rural,State Highway,97,26,33,62,Over-speeding,Day (06:00-18:00)
2020,11,Maharashtra,Sangli,Sangli,Rural,State Highway,92,25,34,58,Dangerous Overtaking,Night (18:00-06:00)
2020,12,Maharashtra,Sangli,Sangli,Rural,State Highway,103,26,33,67,Over-speeding,Day (06:00-18:00)
2020,1,Maharashtra,Nanded,Nanded,Rural,State Highway,91,25,34,57,Over-speeding,Day (06:00-18:00)
2020,2,Maharashtra,Nanded,Nanded,Rural,State Highway,95,22,31,64,Drunk Driving,Night (18:00-06:00)
2020,3,Maharashtra,Nanded,Nanded,Rural,State Highway,95,25,26,61,Drunk Driving,Night (18:00-06:00)
2020,4,Maharashtra,Nanded,Nanded,Rural,State Highway,98,22,34,64,Road Defect / Pothole,Day (06:00-18:00)
2020,5,Maharashtra,Nanded,Nanded,Rural,State Highway,93,25,26,59,Dangerous Overtaking,Night (18:00-06:00)
2020,6,Maharashtra,Nanded,Nanded,Rural,State Highway,124,36,39,85,Over-speeding,Night (18:00-06:00)
2020,7,Maharashtra,Nanded,Nanded,Rural,State Highway,115,31,43,72,Adverse Weather / Monsoon,Day (06:00-18:00)
2020,8,Maharashtra,Nanded,Nanded,Rural,State Highway,116,37,40,76,Adverse Weather / Monsoon,Day (06:00-18:00)
2020,9,Maharashtra,Nanded,Nanded,Rural,State Highway,125,34,43,75,Drunk Driving,Day (06:00-18:00)
2020,10,Maharashtra,Nanded,Nanded,Rural,State Highway,95,27,31,60,Over-speeding,Night (18:00-06:00)
2020,11,Maharashtra,Nanded,Nanded,Rural,State Highway,92,23,31,61,Dangerous Overtaking,Day (06:00-18:00)
2020,12,Maharashtra,Nanded,Nanded,Rural,State Highway,90,27,31,59,Over-speeding,Night (18:00-06:00)
2020,1,Maharashtra,Amravati,Amravati Rural,Rural,National Highway,78,22,27,51,Over-speeding,Day (06:00-18:00)
2020,2,Maharashtra,Amravati,Amravati Rural,Rural,National Highway,81,24,27,54,Over-speeding,Night (18:00-06:00)
2020,3,Maharashtra,Amravati,Amravati Rural,Rural,National Highway,78,21,28,50,Dangerous Overtaking,Day (06:00-18:00)
2020,4,Maharashtra,Amravati,Amravati Rural,Rural,National Highway,89,27,28,50,Over-speeding,Day (06:00-18:00)
2020,5,Maharashtra,Amravati,Amravati Rural,Rural,National Highway,78,25,28,50,Adverse Weather / Monsoon,Night (18:00-06:00)
2020,6,Maharashtra,Amravati,Amravati Rural,Rural,National Highway,104,28,32,66,Over-speeding,Day (06:00-18:00)
2020,7,Maharashtra,Amravati,Amravati Rural,Rural,National Highway,109,35,35,74,Adverse Weather / Monsoon,Day (06:00-18:00)
2020,8,Maharashtra,Amravati,Amravati Rural,Rural,National Highway,110,27,32,74,Adverse Weather / Monsoon,Day (06:00-18:00)
2020,9,Maharashtra,Amravati,Amravati Rural,Rural,National Highway,107,30,31,67,Over-speeding,Night (18:00-06:00)
2020,10,Maharashtra,Amravati,Amravati Rural,Rural,National Highway,84,23,30,53,Over-speeding,Day (06:00-18:00)
2020,11,Maharashtra,Amravati,Amravati Rural,Rural,National Highway,85,25,30,55,Over-speeding,Night (18:00-06:00)
2020,12,Maharashtra,Amravati,Amravati Rural,Rural,National Highway,84,23,26,58,Road Defect / Pothole,Day (06:00-18:00)
2020,1,Maharashtra,Amravati,Amravati City,City,Urban / City Road,31,7,9,20,Over-speeding,Night (18:00-06:00)
2020,2,Maharashtra,Amravati,Amravati City,City,Urban / City Road,30,7,9,21,Over-speeding,Day (06:00-18:00)
2020,3,Maharashtra,Amravati,Amravati City,City,Urban / City Road,30,8,9,18,Dangerous Overtaking,Day (06:00-18:00)
2020,4,Maharashtra,Amravati,Amravati City,City,Urban / City Road,29,7,9,20,Road Defect / Pothole,Day (06:00-18:00)
2020,5,Maharashtra,Amravati,Amravati City,City,Urban / City Road,30,6,8,19,Adverse Weather / Monsoon,Night (18:00-06:00)
2020,6,Maharashtra,Amravati,Amravati City,City,Urban / City Road,41,9,13,26,Dangerous Overtaking,Day (06:00-18:00)
2020,7,Maharashtra,Amravati,Amravati City,City,Urban / City Road,38,10,11,27,Adverse Weather / Monsoon,Day (06:00-18:00)
2020,8,Maharashtra,Amravati,Amravati City,City,Urban / City Road,38,10,10,24,Adverse Weather / Monsoon,Day (06:00-18:00)
2020,9,Maharashtra,Amravati,Amravati City,City,Urban / City Road,40,10,12,28,Dangerous Overtaking,Night (18:00-06:00)
2020,10,Maharashtra,Amravati,Amravati City,City,Urban / City Road,28,7,8,20,Dangerous Overtaking,Day (06:00-18:00)
2020,11,Maharashtra,Amravati,Amravati City,City,Urban / City Road,27,7,7,19,Dangerous Overtaking,Day (06:00-18:00)
2020,12,Maharashtra,Amravati,Amravati City,City,Urban / City Road,30,6,10,20,Over-speeding,Night (18:00-06:00)
2020,1,Maharashtra,Raigad,Raigad,Rural,National Highway,120,33,37,83,Over-speeding,Day (06:00-18:00)
2020,2,Maharashtra,Raigad,Raigad,Rural,National Highway,123,36,39,79,Drunk Driving,Day (06:00-18:00)
2020,3,Maharashtra,Raigad,Raigad,Rural,National Highway,121,33,42,72,Over-speeding,Day (06:00-18:00)
2020,4,Maharashtra,Raigad,Raigad,Rural,National Highway,114,33,35,79,Over-speeding,Night (18:00-06:00)
2020,5,Maharashtra,Raigad,Raigad,Rural,National Highway,111,29,33,78,Over-speeding,Day (06:00-18:00)
2020,6,Maharashtra,Raigad,Raigad,Rural,National Highway,159,36,54,105,Dangerous Overtaking,Night (18:00-06:00)
2020,7,Maharashtra,Raigad,Raigad,Rural,National Highway,164,38,42,109,Adverse Weather / Monsoon,Night (18:00-06:00)
2020,8,Maharashtra,Raigad,Raigad,Rural,National Highway,162,49,56,106,Adverse Weather / Monsoon,Day (06:00-18:00)
2020,9,Maharashtra,Raigad,Raigad,Rural,National Highway,151,40,55,96,Over-speeding,Night (18:00-06:00)
2020,10,Maharashtra,Raigad,Raigad,Rural,National Highway,121,30,40,81,Drunk Driving,Day (06:00-18:00)
2020,11,Maharashtra,Raigad,Raigad,Rural,National Highway,114,34,34,80,Adverse Weather / Monsoon,Day (06:00-18:00)
2020,12,Maharashtra,Raigad,Raigad,Rural,National Highway,125,34,41,84,Over-speeding,Day (06:00-18:00)
2020,1,Maharashtra,Buldhana,Buldhana,Rural,National Highway,82,23,28,49,Over-speeding,Day (06:00-18:00)
2020,2,Maharashtra,Buldhana,Buldhana,Rural,National Highway,78,24,28,50,Over-speeding,Day (06:00-18:00)
2020,3,Maharashtra,Buldhana,Buldhana,Rural,National Highway,80,26,29,51,Drunk Driving,Night (18:00-06:00)
2020,4,Maharashtra,Buldhana,Buldhana,Rural,National Highway,85,24,24,51,Over-speeding,Day (06:00-18:00)
2020,5,Maharashtra,Buldhana,Buldhana,Rural,National Highway,79,21,23,51,Drunk Driving,Night (18:00-06:00)
2020,6,Maharashtra,Buldhana,Buldhana,Rural,National Highway,112,33,39,73,Over-speeding,Night (18:00-06:00)
2020,7,Maharashtra,Buldhana,Buldhana,Rural,National Highway,113,28,37,69,Adverse Weather / Monsoon,Day (06:00-18:00)
2020,8,Maharashtra,Buldhana,Buldhana,Rural,National Highway,102,33,38,64,Road Defect / Pothole,Night (18:00-06:00)
2020,9,Maharashtra,Buldhana,Buldhana,Rural,National Highway,109,34,38,67,Adverse Weather / Monsoon,Day (06:00-18:00)
2020,10,Maharashtra,Buldhana,Buldhana,Rural,National Highway,82,24,29,50,Adverse Weather / Monsoon,Day (06:00-18:00)
2020,11,Maharashtra,Buldhana,Buldhana,Rural,National Highway,84,23,28,56,Over-speeding,Day (06:00-18:00)
2020,12,Maharashtra,Buldhana,Buldhana,Rural,National Highway,85,21,27,55,Over-speeding,Night (18:00-06:00)
2020,1,Maharashtra,Beed,Beed,Rural,State Highway,92,28,32,60,Over-speeding,Night (18:00-06:00)
2020,2,Maharashtra,Beed,Beed,Rural,State Highway,92,24,31,61,Dangerous Overtaking,Day (06:00-18:00)
2020,3,Maharashtra,Beed,Beed,Rural,State Highway,95,22,33,62,Dangerous Overtaking,Night (18:00-06:00)
2020,4,Maharashtra,Beed,Beed,Rural,State Highway,82,27,27,55,Drunk Driving,Day (06:00-18:00)
2020,5,Maharashtra,Beed,Beed,Rural,State Highway,88,25,25,63,Over-speeding,Day (06:00-18:00)
2020,6,Maharashtra,Beed,Beed,Rural,State Highway,120,33,39,81,Over-speeding,Day (06:00-18:00)
2020,7,Maharashtra,Beed,Beed,Rural,State Highway,113,31,44,69,Adverse Weather / Monsoon,Day (06:00-18:00)
2020,8,Maharashtra,Beed,Beed,Rural,State Highway,122,30,42,80,Adverse Weather / Monsoon,Day (06:00-18:00)
2020,9,Maharashtra,Beed,Beed,Rural,State Highway,113,33,41,72,Dangerous Overtaking,Night (18:00-06:00)
2020,10,Maharashtra,Beed,Beed,Rural,State Highway,85,24,33,52,Over-speeding,Day (06:00-18:00)
2020,11,Maharashtra,Beed,Beed,Rural,State Highway,86,25,25,61,Dangerous Overtaking,Day (06:00-18:00)
2020,12,Maharashtra,Beed,Beed,Rural,State Highway,87,25,25,62,Over-speeding,Day (06:00-18:00)
2020,1,Maharashtra,Yavatmal,Yavatmal,Rural,State Highway,81,22,26,55,Dangerous Overtaking,Day (06:00-18:00)
2020,2,Maharashtra,Yavatmal,Yavatmal,Rural,State Highway,79,21,31,48,Over-speeding,Day (06:00-18:00)
2020,3,Maharashtra,Yavatmal,Yavatmal,Rural,State Highway,83,22,30,53,Dangerous Overtaking,Day (06:00-18:00)
2020,4,Maharashtra,Yavatmal,Yavatmal,Rural,State Highway,86,20,30,56,Over-speeding,Night (18:00-06:00)
2020,5,Maharashtra,Yavatmal,Yavatmal,Rural,State Highway,82,25,31,51,Over-speeding,Night (18:00-06:00)
2020,6,Maharashtra,Yavatmal,Yavatmal,Rural,State Highway,113,32,32,68,Over-speeding,Day (06:00-18:00)
2020,7,Maharashtra,Yavatmal,Yavatmal,Rural,State Highway,114,29,39,75,Over-speeding,Day (06:00-18:00)
2020,8,Maharashtra,Yavatmal,Yavatmal,Rural,State Highway,102,28,31,71,Adverse Weather / Monsoon,Day (06:00-18:00)
2020,9,Maharashtra,Yavatmal,Yavatmal,Rural,State Highway,114,31,40,68,Over-speeding,Night (18:00-06:00)
2020,10,Maharashtra,Yavatmal,Yavatmal,Rural,State Highway,77,22,26,51,Over-speeding,Night (18:00-06:00)
2020,11,Maharashtra,Yavatmal,Yavatmal,Rural,State Highway,77,21,28,49,Adverse Weather / Monsoon,Day (06:00-18:00)
2020,12,Maharashtra,Yavatmal,Yavatmal,Rural,State Highway,86,20,28,58,Over-speeding,Night (18:00-06:00)
2020,1,Maharashtra,Chandrapur,Chandrapur,Rural,National Highway,78,18,28,50,Drunk Driving,Night (18:00-06:00)
2020,2,Maharashtra,Chandrapur,Chandrapur,Rural,National Highway,81,24,28,47,Over-speeding,Day (06:00-18:00)
2020,3,Maharashtra,Chandrapur,Chandrapur,Rural,National Highway,73,22,25,47,Dangerous Overtaking,Day (06:00-18:00)
2020,4,Maharashtra,Chandrapur,Chandrapur,Rural,National Highway,77,23,25,52,Dangerous Overtaking,Day (06:00-18:00)
2020,5,Maharashtra,Chandrapur,Chandrapur,Rural,National Highway,76,21,22,49,Over-speeding,Day (06:00-18:00)
2020,6,Maharashtra,Chandrapur,Chandrapur,Rural,National Highway,108,27,38,60,Over-speeding,Day (06:00-18:00)
2020,7,Maharashtra,Chandrapur,Chandrapur,Rural,National Highway,108,30,30,61,Road Defect / Pothole,Night (18:00-06:00)
2020,8,Maharashtra,Chandrapur,Chandrapur,Rural,National Highway,96,26,35,61,Adverse Weather / Monsoon,Night (18:00-06:00)
2020,9,Maharashtra,Chandrapur,Chandrapur,Rural,National Highway,102,25,36,64,Over-speeding,Night (18:00-06:00)
2020,10,Maharashtra,Chandrapur,Chandrapur,Rural,National Highway,76,22,23,53,Over-speeding,Day (06:00-18:00)
2020,11,Maharashtra,Chandrapur,Chandrapur,Rural,National Highway,74,20,23,51,Dangerous Overtaking,Night (18:00-06:00)
2020,12,Maharashtra,Chandrapur,Chandrapur,Rural,National Highway,78,20,28,50,Drunk Driving,Day (06:00-18:00)
2020,1,Maharashtra,Latur,Latur,Rural,State Highway,74,19,26,48,Over-speeding,Night (18:00-06:00)
2020,2,Maharashtra,Latur,Latur,Rural,State Highway,67,20,20,44,Over-speeding,Day (06:00-18:00)
2020,3,Maharashtra,Latur,Latur,Rural,State Highway,72,18,22,50,Over-speeding,Day (06:00-18:00)
2020,4,Maharashtra,Latur,Latur,Rural,State Highway,65,22,22,43,Road Defect / Pothole,Day (06:00-18:00)
2020,5,Maharashtra,Latur,Latur,Rural,State Highway,73,22,24,47,Over-speeding,Day (06:00-18:00)
2020,6,Maharashtra,Latur,Latur,Rural,State Highway,94,25,35,59,Drunk Driving,Day (06:00-18:00)
2020,7,Maharashtra,Latur,Latur,Rural,State Highway,100,27,33,65,Over-speeding,Day (06:00-18:00)
2020,8,Maharashtra,Latur,Latur,Rural,State Highway,93,30,33,60,Adverse Weather / Monsoon,Day (06:00-18:00)
2020,9,Maharashtra,Latur,Latur,Rural,State Highway,91,29,29,61,Drunk Driving,Night (18:00-06:00)
2020,10,Maharashtra,Latur,Latur,Rural,State Highway,68,22,23,45,Drunk Driving,Night (18:00-06:00)
2020,11,Maharashtra,Latur,Latur,Rural,State Highway,74,22,25,49,Over-speeding,Day (06:00-18:00)
2020,12,Maharashtra,Latur,Latur,Rural,State Highway,73,20,25,48,Over-speeding,Night (18:00-06:00)
2020,1,Maharashtra,Dhule,Dhule,Rural,National Highway,72,22,27,45,Over-speeding,Night (18:00-06:00)
2020,2,Maharashtra,Dhule,Dhule,Rural,National Highway,73,23,23,50,Road Defect / Pothole,Day (06:00-18:00)
2020,3,Maharashtra,Dhule,Dhule,Rural,National Highway,78,22,28,50,Over-speeding,Day (06:00-18:00)
2020,4,Maharashtra,Dhule,Dhule,Rural,National Highway,67,18,22,44,Road Defect / Pothole,Day (06:00-18:00)
2020,5,Maharashtra,Dhule,Dhule,Rural,National Highway,75,22,27,45,Dangerous Overtaking,Night (18:00-06:00)
2020,6,Maharashtra,Dhule,Dhule,Rural,National Highway,100,32,35,64,Over-speeding,Night (18:00-06:00)
2020,7,Maharashtra,Dhule,Dhule,Rural,National Highway,97,25,36,61,Adverse Weather / Monsoon,Day (06:00-18:00)
2020,8,Maharashtra,Dhule,Dhule,Rural,National Highway,104,27,36,68,Adverse Weather / Monsoon,Night (18:00-06:00)
2020,9,Maharashtra,Dhule,Dhule,Rural,National Highway,98,25,32,66,Over-speeding,Night (18:00-06:00)
2020,10,Maharashtra,Dhule,Dhule,Rural,National Highway,69,18,23,46,Dangerous Overtaking,Night (18:00-06:00)
2020,11,Maharashtra,Dhule,Dhule,Rural,National Highway,75,24,24,50,Adverse Weather / Monsoon,Day (06:00-18:00)
2020,12,Maharashtra,Dhule,Dhule,Rural,National Highway,69,21,21,44,Over-speeding,Day (06:00-18:00)
2020,1,Maharashtra,Jalna,Jalna,Rural,State Highway,72,19,25,46,Dangerous Overtaking,Night (18:00-06:00)
2020,2,Maharashtra,Jalna,Jalna,Rural,State Highway,75,22,27,48,Over-speeding,Night (18:00-06:00)
2020,3,Maharashtra,Jalna,Jalna,Rural,State Highway,73,21,25,47,Over-speeding,Day (06:00-18:00)
2020,4,Maharashtra,Jalna,Jalna,Rural,State Highway,69,19,26,43,Over-speeding,Night (18:00-06:00)
2020,5,Maharashtra,Jalna,Jalna,Rural,State Highway,70,21,22,45,Adverse Weather / Monsoon,Night (18:00-06:00)
2020,6,Maharashtra,Jalna,Jalna,Rural,State Highway,93,29,30,56,Over-speeding,Day (06:00-18:00)
2020,7,Maharashtra,Jalna,Jalna,Rural,State Highway,101,27,27,64,Over-speeding,Night (18:00-06:00)
2020,8,Maharashtra,Jalna,Jalna,Rural,State Highway,94,25,33,61,Over-speeding,Day (06:00-18:00)
2020,9,Maharashtra,Jalna,Jalna,Rural,State Highway,99,25,29,62,Drunk Driving,Day (06:00-18:00)
2020,10,Maharashtra,Jalna,Jalna,Rural,State Highway,72,18,21,43,Drunk Driving,Day (06:00-18:00)
2020,11,Maharashtra,Jalna,Jalna,Rural,State Highway,69,23,24,45,Over-speeding,Day (06:00-18:00)
2020,12,Maharashtra,Jalna,Jalna,Rural,State Highway,70,21,25,45,Over-speeding,Day (06:00-18:00)
2020,1,Maharashtra,Parbhani,Parbhani,Rural,State Highway,60,18,18,42,Road Defect / Pothole,Night (18:00-06:00)
2020,2,Maharashtra,Parbhani,Parbhani,Rural,State Highway,60,16,21,39,Over-speeding,Day (06:00-18:00)
2020,3,Maharashtra,Parbhani,Parbhani,Rural,State Highway,61,16,19,42,Over-speeding,Day (06:00-18:00)
2020,4,Maharashtra,Parbhani,Parbhani,Rural,State Highway,63,17,21,36,Over-speeding,Night (18:00-06:00)
2020,5,Maharashtra,Parbhani,Parbhani,Rural,State Highway,59,15,20,35,Road Defect / Pothole,Day (06:00-18:00)
2020,6,Maharashtra,Parbhani,Parbhani,Rural,State Highway,78,23,23,55,Dangerous Overtaking,Day (06:00-18:00)
2020,7,Maharashtra,Parbhani,Parbhani,Rural,State Highway,83,22,29,54,Adverse Weather / Monsoon,Night (18:00-06:00)
2020,8,Maharashtra,Parbhani,Parbhani,Rural,State Highway,80,20,25,55,Adverse Weather / Monsoon,Day (06:00-18:00)
2020,9,Maharashtra,Parbhani,Parbhani,Rural,State Highway,77,22,29,48,Dangerous Overtaking,Day (06:00-18:00)
2020,10,Maharashtra,Parbhani,Parbhani,Rural,State Highway,62,15,20,42,Over-speeding,Day (06:00-18:00)
2020,11,Maharashtra,Parbhani,Parbhani,Rural,State Highway,61,17,22,39,Over-speeding,Day (06:00-18:00)
2020,12,Maharashtra,Parbhani,Parbhani,Rural,State Highway,58,19,22,35,Over-speeding,Night (18:00-06:00)
2020,1,Maharashtra,Akola,Akola,Rural,National Highway,66,16,23,43,Drunk Driving,Night (18:00-06:00)
2020,2,Maharashtra,Akola,Akola,Rural,National Highway,63,20,20,38,Over-speeding,Night (18:00-06:00)
2020,3,Maharashtra,Akola,Akola,Rural,National Highway,65,16,23,42,Dangerous Overtaking,Day (06:00-18:00)
2020,4,Maharashtra,Akola,Akola,Rural,National Highway,62,16,19,43,Dangerous Overtaking,Night (18:00-06:00)
2020,5,Maharashtra,Akola,Akola,Rural,National Highway,66,19,20,39,Adverse Weather / Monsoon,Day (06:00-18:00)
2020,6,Maharashtra,Akola,Akola,Rural,National Highway,87,22,25,55,Over-speeding,Night (18:00-06:00)
2020,7,Maharashtra,Akola,Akola,Rural,National Highway,79,21,29,48,Adverse Weather / Monsoon,Day (06:00-18:00)
2020,8,Maharashtra,Akola,Akola,Rural,National Highway,80,20,27,53,Adverse Weather / Monsoon,Night (18:00-06:00)
2020,9,Maharashtra,Akola,Akola,Rural,National Highway,82,24,27,51,Over-speeding,Day (06:00-18:00)
2020,10,Maharashtra,Akola,Akola,Rural,National Highway,63,15,22,39,Road Defect / Pothole,Day (06:00-18:00)
2020,11,Maharashtra,Akola,Akola,Rural,National Highway,63,19,23,40,Drunk Driving,Night (18:00-06:00)
2020,12,Maharashtra,Akola,Akola,Rural,National Highway,64,17,21,43,Dangerous Overtaking,Day (06:00-18:00)
2020,1,Maharashtra,Dharashiv,Dharashiv (Osmanabad),Rural,National Highway,68,16,21,42,Over-speeding,Night (18:00-06:00)
2020,2,Maharashtra,Dharashiv,Dharashiv (Osmanabad),Rural,National Highway,62,18,24,38,Road Defect / Pothole,Day (06:00-18:00)
2020,3,Maharashtra,Dharashiv,Dharashiv (Osmanabad),Rural,National Highway,61,20,21,40,Over-speeding,Day (06:00-18:00)
2020,4,Maharashtra,Dharashiv,Dharashiv (Osmanabad),Rural,National Highway,62,18,23,39,Over-speeding,Day (06:00-18:00)
2020,5,Maharashtra,Dharashiv,Dharashiv (Osmanabad),Rural,National Highway,69,20,20,41,Over-speeding,Night (18:00-06:00)
2020,6,Maharashtra,Dharashiv,Dharashiv (Osmanabad),Rural,National Highway,82,27,30,50,Over-speeding,Night (18:00-06:00)
2020,7,Maharashtra,Dharashiv,Dharashiv (Osmanabad),Rural,National Highway,79,21,26,49,Drunk Driving,Day (06:00-18:00)
2020,8,Maharashtra,Dharashiv,Dharashiv (Osmanabad),Rural,National Highway,86,21,28,58,Adverse Weather / Monsoon,Night (18:00-06:00)
2020,9,Maharashtra,Dharashiv,Dharashiv (Osmanabad),Rural,National Highway,82,24,28,53,Adverse Weather / Monsoon,Night (18:00-06:00)
2020,10,Maharashtra,Dharashiv,Dharashiv (Osmanabad),Rural,National Highway,67,21,22,45,Over-speeding,Day (06:00-18:00)
2020,11,Maharashtra,Dharashiv,Dharashiv (Osmanabad),Rural,National Highway,66,16,24,42,Over-speeding,Day (06:00-18:00)
2020,12,Maharashtra,Dharashiv,Dharashiv (Osmanabad),Rural,National Highway,67,16,25,42,Over-speeding,Day (06:00-18:00)
2020,1,Maharashtra,Nandurbar,Nandurbar,Rural,State Highway,48,13,17,31,Over-speeding,Day (06:00-18:00)
2020,2,Maharashtra,Nandurbar,Nandurbar,Rural,State Highway,53,14,19,32,Adverse Weather / Monsoon,Day (06:00-18:00)
2020,3,Maharashtra,Nandurbar,Nandurbar,Rural,State Highway,52,13,19,30,Road Defect / Pothole,Day (06:00-18:00)
2020,4,Maharashtra,Nandurbar,Nandurbar,Rural,State Highway,49,14,16,33,Dangerous Overtaking,Night (18:00-06:00)
2020,5,Maharashtra,Nandurbar,Nandurbar,Rural,State Highway,48,14,17,31,Over-speeding,Night (18:00-06:00)
2020,6,Maharashtra,Nandurbar,Nandurbar,Rural,State Highway,69,19,22,40,Over-speeding,Night (18:00-06:00)
2020,7,Maharashtra,Nandurbar,Nandurbar,Rural,State Highway,66,19,25,41,Drunk Driving,Day (06:00-18:00)
2020,8,Maharashtra,Nandurbar,Nandurbar,Rural,State Highway,64,20,22,42,Adverse Weather / Monsoon,Day (06:00-18:00)
2020,9,Maharashtra,Nandurbar,Nandurbar,Rural,State Highway,68,17,20,42,Over-speeding,Day (06:00-18:00)
2020,10,Maharashtra,Nandurbar,Nandurbar,Rural,State Highway,52,14,17,35,Dangerous Overtaking,Night (18:00-06:00)
2020,11,Maharashtra,Nandurbar,Nandurbar,Rural,State Highway,49,16,17,32,Dangerous Overtaking,Day (06:00-18:00)
2020,12,Maharashtra,Nandurbar,Nandurbar,Rural,State Highway,51,14,17,34,Over-speeding,Night (18:00-06:00)
2020,1,Maharashtra,Ratnagiri,Ratnagiri,Rural,National Highway,66,16,19,43,Road Defect / Pothole,Day (06:00-18:00)
2020,2,Maharashtra,Ratnagiri,Ratnagiri,Rural,National Highway,58,18,20,38,Dangerous Overtaking,Day (06:00-18:00)
2020,3,Maharashtra,Ratnagiri,Ratnagiri,Rural,National Highway,58,16,19,39,Over-speeding,Day (06:00-18:00)
2020,4,Maharashtra,Ratnagiri,Ratnagiri,Rural,National Highway,59,19,19,40,Over-speeding,Day (06:00-18:00)
2020,5,Maharashtra,Ratnagiri,Ratnagiri,Rural,National Highway,66,18,19,42,Dangerous Overtaking,Day (06:00-18:00)
2020,6,Maharashtra,Ratnagiri,Ratnagiri,Rural,National Highway,82,23,23,55,Over-speeding,Night (18:00-06:00)
2020,7,Maharashtra,Ratnagiri,Ratnagiri,Rural,National Highway,79,22,29,50,Adverse Weather / Monsoon,Day (06:00-18:00)
2020,8,Maharashtra,Ratnagiri,Ratnagiri,Rural,National Highway,78,23,25,53,Over-speeding,Day (06:00-18:00)
2020,9,Maharashtra,Ratnagiri,Ratnagiri,Rural,National Highway,76,24,26,50,Over-speeding,Day (06:00-18:00)
2020,10,Maharashtra,Ratnagiri,Ratnagiri,Rural,National Highway,66,18,23,38,Over-speeding,Day (06:00-18:00)
2020,11,Maharashtra,Ratnagiri,Ratnagiri,Rural,National Highway,63,18,20,43,Drunk Driving,Day (06:00-18:00)
2020,12,Maharashtra,Ratnagiri,Ratnagiri,Rural,National Highway,63,15,19,42,Over-speeding,Day (06:00-18:00)
2020,1,Maharashtra,Gondia,Gondia,Rural,State Highway,45,14,16,29,Drunk Driving,Day (06:00-18:00)
2020,2,Maharashtra,Gondia,Gondia,Rural,State Highway,50,14,17,33,Over-speeding,Night (18:00-06:00)
2020,3,Maharashtra,Gondia,Gondia,Rural,State Highway,49,12,18,31,Dangerous Overtaking,Day (06:00-18:00)
2020,4,Maharashtra,Gondia,Gondia,Rural,State Highway,47,13,15,32,Dangerous Overtaking,Night (18:00-06:00)
2020,5,Maharashtra,Gondia,Gondia,Rural,State Highway,46,12,13,30,Over-speeding,Day (06:00-18:00)
2020,6,Maharashtra,Gondia,Gondia,Rural,State Highway,60,16,19,39,Over-speeding,Night (18:00-06:00)
2020,7,Maharashtra,Gondia,Gondia,Rural,State Highway,64,15,22,41,Adverse Weather / Monsoon,Day (06:00-18:00)
2020,8,Maharashtra,Gondia,Gondia,Rural,State Highway,63,17,23,40,Adverse Weather / Monsoon,Day (06:00-18:00)
2020,9,Maharashtra,Gondia,Gondia,Rural,State Highway,61,17,18,38,Over-speeding,Day (06:00-18:00)
2020,10,Maharashtra,Gondia,Gondia,Rural,State Highway,47,12,17,27,Over-speeding,Night (18:00-06:00)
2020,11,Maharashtra,Gondia,Gondia,Rural,State Highway,46,11,15,31,Adverse Weather / Monsoon,Night (18:00-06:00)
2020,12,Maharashtra,Gondia,Gondia,Rural,State Highway,47,11,14,27,Over-speeding,Day (06:00-18:00)
2020,1,Maharashtra,Wardha,Wardha,Rural,National Highway,56,18,18,38,Drunk Driving,Night (18:00-06:00)
2020,2,Maharashtra,Wardha,Wardha,Rural,National Highway,58,15,20,38,Over-speeding,Night (18:00-06:00)
2020,3,Maharashtra,Wardha,Wardha,Rural,National Highway,53,18,18,33,Dangerous Overtaking,Night (18:00-06:00)
2020,4,Maharashtra,Wardha,Wardha,Rural,National Highway,60,19,22,34,Drunk Driving,Night (18:00-06:00)
2020,5,Maharashtra,Wardha,Wardha,Rural,National Highway,58,17,17,41,Adverse Weather / Monsoon,Day (06:00-18:00)
2020,6,Maharashtra,Wardha,Wardha,Rural,National Highway,75,23,24,51,Over-speeding,Day (06:00-18:00)
2020,7,Maharashtra,Wardha,Wardha,Rural,National Highway,75,24,25,50,Adverse Weather / Monsoon,Day (06:00-18:00)
2020,8,Maharashtra,Wardha,Wardha,Rural,National Highway,80,21,24,47,Adverse Weather / Monsoon,Night (18:00-06:00)
2020,9,Maharashtra,Wardha,Wardha,Rural,National Highway,73,19,23,50,Over-speeding,Night (18:00-06:00)
2020,10,Maharashtra,Wardha,Wardha,Rural,National Highway,60,16,21,37,Over-speeding,Night (18:00-06:00)
2020,11,Maharashtra,Wardha,Wardha,Rural,National Highway,59,16,17,40,Adverse Weather / Monsoon,Day (06:00-18:00)
2020,12,Maharashtra,Wardha,Wardha,Rural,National Highway,57,14,17,40,Drunk Driving,Night (18:00-06:00)
2020,1,Maharashtra,Bhandara,Bhandara,Rural,National Highway,48,13,18,30,Over-speeding,Day (06:00-18:00)
2020,2,Maharashtra,Bhandara,Bhandara,Rural,National Highway,50,12,17,29,Over-speeding,Day (06:00-18:00)
2020,3,Maharashtra,Bhandara,Bhandara,Rural,National Highway,48,12,18,28,Dangerous Overtaking,Night (18:00-06:00)
2020,4,Maharashtra,Bhandara,Bhandara,Rural,National Highway,46,14,15,30,Over-speeding,Night (18:00-06:00)
2020,5,Maharashtra,Bhandara,Bhandara,Rural,National Highway,49,15,17,32,Over-speeding,Day (06:00-18:00)
2020,6,Maharashtra,Bhandara,Bhandara,Rural,National Highway,63,19,19,44,Road Defect / Pothole,Night (18:00-06:00)
2020,7,Maharashtra,Bhandara,Bhandara,Rural,National Highway,61,19,19,42,Adverse Weather / Monsoon,Night (18:00-06:00)
2020,8,Maharashtra,Bhandara,Bhandara,Rural,National Highway,67,19,19,44,Adverse Weather / Monsoon,Day (06:00-18:00)
2020,9,Maharashtra,Bhandara,Bhandara,Rural,National Highway,68,18,18,38,Dangerous Overtaking,Day (06:00-18:00)
2020,10,Maharashtra,Bhandara,Bhandara,Rural,National Highway,45,15,16,29,Over-speeding,Night (18:00-06:00)
2020,11,Maharashtra,Bhandara,Bhandara,Rural,National Highway,50,12,18,32,Over-speeding,Day (06:00-18:00)
2020,12,Maharashtra,Bhandara,Bhandara,Rural,National Highway,49,15,17,30,Over-speeding,Day (06:00-18:00)
2020,1,Maharashtra,Washim,Washim,Rural,State Highway,48,12,14,28,Dangerous Overtaking,Day (06:00-18:00)
2020,2,Maharashtra,Washim,Washim,Rural,State Highway,47,14,14,26,Dangerous Overtaking,Night (18:00-06:00)
2020,3,Maharashtra,Washim,Washim,Rural,State Highway,48,12,17,31,Dangerous Overtaking,Day (06:00-18:00)
2020,4,Maharashtra,Washim,Washim,Rural,State Highway,41,11,14,27,Over-speeding,Day (06:00-18:00)
2020,5,Maharashtra,Washim,Washim,Rural,State Highway,46,11,13,29,Over-speeding,Day (06:00-18:00)
2020,6,Maharashtra,Washim,Washim,Rural,State Highway,58,18,22,36,Dangerous Overtaking,Day (06:00-18:00)
2020,7,Maharashtra,Washim,Washim,Rural,State Highway,59,17,21,36,Adverse Weather / Monsoon,Night (18:00-06:00)
2020,8,Maharashtra,Washim,Washim,Rural,State Highway,58,19,22,35,Adverse Weather / Monsoon,Night (18:00-06:00)
2020,9,Maharashtra,Washim,Washim,Rural,State Highway,63,15,21,40,Over-speeding,Night (18:00-06:00)
2020,10,Maharashtra,Washim,Washim,Rural,State Highway,47,13,14,28,Over-speeding,Day (06:00-18:00)
2020,11,Maharashtra,Washim,Washim,Rural,State Highway,46,14,17,27,Adverse Weather / Monsoon,Night (18:00-06:00)
2020,12,Maharashtra,Washim,Washim,Rural,State Highway,44,11,13,31,Dangerous Overtaking,Night (18:00-06:00)
2020,1,Maharashtra,Hingoli,Hingoli,Rural,State Highway,36,9,13,23,Dangerous Overtaking,Day (06:00-18:00)
2020,2,Maharashtra,Hingoli,Hingoli,Rural,State Highway,39,11,11,24,Dangerous Overtaking,Day (06:00-18:00)
2020,3,Maharashtra,Hingoli,Hingoli,Rural,State Highway,40,10,14,26,Road Defect / Pothole,Day (06:00-18:00)
2020,4,Maharashtra,Hingoli,Hingoli,Rural,State Highway,39,12,13,26,Over-speeding,Night (18:00-06:00)
2020,5,Maharashtra,Hingoli,Hingoli,Rural,State Highway,36,12,14,22,Over-speeding,Day (06:00-18:00)
2020,6,Maharashtra,Hingoli,Hingoli,Rural,State Highway,47,13,18,29,Over-speeding,Night (18:00-06:00)
2020,7,Maharashtra,Hingoli,Hingoli,Rural,State Highway,51,12,16,35,Drunk Driving,Day (06:00-18:00)
2020,8,Maharashtra,Hingoli,Hingoli,Rural,State Highway,48,14,14,34,Adverse Weather / Monsoon,Day (06:00-18:00)
2020,9,Maharashtra,Hingoli,Hingoli,Rural,State Highway,50,12,17,31,Dangerous Overtaking,Day (06:00-18:00)
2020,10,Maharashtra,Hingoli,Hingoli,Rural,State Highway,36,12,12,24,Drunk Driving,Day (06:00-18:00)
2020,11,Maharashtra,Hingoli,Hingoli,Rural,State Highway,39,12,13,24,Dangerous Overtaking,Night (18:00-06:00)
2020,12,Maharashtra,Hingoli,Hingoli,Rural,State Highway,36,9,11,22,Adverse Weather / Monsoon,Day (06:00-18:00)
2020,1,Maharashtra,Gadchiroli,Gadchiroli,Rural,State Highway,35,9,13,22,Over-speeding,Night (18:00-06:00)
2020,2,Maharashtra,Gadchiroli,Gadchiroli,Rural,State Highway,36,9,13,23,Over-speeding,Day (06:00-18:00)
2020,3,Maharashtra,Gadchiroli,Gadchiroli,Rural,State Highway,34,10,12,22,Over-speeding,Day (06:00-18:00)
2020,4,Maharashtra,Gadchiroli,Gadchiroli,Rural,State Highway,35,10,11,21,Drunk Driving,Night (18:00-06:00)
2020,5,Maharashtra,Gadchiroli,Gadchiroli,Rural,State Highway,35,10,11,24,Over-speeding,Day (06:00-18:00)
2020,6,Maharashtra,Gadchiroli,Gadchiroli,Rural,State Highway,48,13,16,29,Over-speeding,Night (18:00-06:00)
2020,7,Maharashtra,Gadchiroli,Gadchiroli,Rural,State Highway,47,13,18,29,Adverse Weather / Monsoon,Night (18:00-06:00)
2020,8,Maharashtra,Gadchiroli,Gadchiroli,Rural,State Highway,45,13,16,29,Adverse Weather / Monsoon,Day (06:00-18:00)
2020,9,Maharashtra,Gadchiroli,Gadchiroli,Rural,State Highway,48,15,15,29,Dangerous Overtaking,Day (06:00-18:00)
2020,10,Maharashtra,Gadchiroli,Gadchiroli,Rural,State Highway,34,9,11,23,Over-speeding,Night (18:00-06:00)
2020,11,Maharashtra,Gadchiroli,Gadchiroli,Rural,State Highway,35,9,11,24,Dangerous Overtaking,Day (06:00-18:00)
2020,12,Maharashtra,Gadchiroli,Gadchiroli,Rural,State Highway,34,10,10,23,Over-speeding,Night (18:00-06:00)
2020,1,Maharashtra,Sindhudurg,Sindhudurg,Rural,National Highway,43,10,16,27,Over-speeding,Night (18:00-06:00)
2020,2,Maharashtra,Sindhudurg,Sindhudurg,Rural,National Highway,43,11,14,29,Over-speeding,Day (06:00-18:00)
2020,3,Maharashtra,Sindhudurg,Sindhudurg,Rural,National Highway,44,11,16,28,Dangerous Overtaking,Day (06:00-18:00)
2020,4,Maharashtra,Sindhudurg,Sindhudurg,Rural,National Highway,38,11,13,25,Over-speeding,Night (18:00-06:00)
2020,5,Maharashtra,Sindhudurg,Sindhudurg,Rural,National Highway,44,11,13,24,Dangerous Overtaking,Night (18:00-06:00)
2020,6,Maharashtra,Sindhudurg,Sindhudurg,Rural,National Highway,52,16,16,36,Over-speeding,Night (18:00-06:00)
2020,7,Maharashtra,Sindhudurg,Sindhudurg,Rural,National Highway,54,16,17,37,Adverse Weather / Monsoon,Day (06:00-18:00)
2020,8,Maharashtra,Sindhudurg,Sindhudurg,Rural,National Highway,56,16,18,38,Adverse Weather / Monsoon,Night (18:00-06:00)
2020,9,Maharashtra,Sindhudurg,Sindhudurg,Rural,National Highway,56,16,16,37,Over-speeding,Night (18:00-06:00)
2020,10,Maharashtra,Sindhudurg,Sindhudurg,Rural,National Highway,39,11,12,27,Dangerous Overtaking,Day (06:00-18:00)
2020,11,Maharashtra,Sindhudurg,Sindhudurg,Rural,National Highway,44,10,12,24,Dangerous Overtaking,Night (18:00-06:00)
2020,12,Maharashtra,Sindhudurg,Sindhudurg,Rural,National Highway,42,9,15,27,Over-speeding,Day (06:00-18:00)
2020,1,Maharashtra,Palghar,Palghar,Rural,National Highway,98,27,32,66,Over-speeding,Day (06:00-18:00)
2020,2,Maharashtra,Palghar,Palghar,Rural,National Highway,96,28,28,64,Over-speeding,Night (18:00-06:00)
2020,3,Maharashtra,Palghar,Palghar,Rural,National Highway,93,27,27,59,Drunk Driving,Night (18:00-06:00)
2020,4,Maharashtra,Palghar,Palghar,Rural,National Highway,102,26,31,65,Over-speeding,Day (06:00-18:00)
2020,5,Maharashtra,Palghar,Palghar,Rural,National Highway,94,26,27,67,Adverse Weather / Monsoon,Day (06:00-18:00)
2020,6,Maharashtra,Palghar,Palghar,Rural,National Highway,113,37,37,76,Dangerous Overtaking,Day (06:00-18:00)
2020,7,Maharashtra,Palghar,Palghar,Rural,National Highway,125,38,38,78,Dangerous Overtaking,Night (18:00-06:00)
2020,8,Maharashtra,Palghar,Palghar,Rural,National Highway,131,36,36,84,Adverse Weather / Monsoon,Day (06:00-18:00)
2020,9,Maharashtra,Palghar,Palghar,Rural,National Highway,127,31,43,82,Drunk Driving,Night (18:00-06:00)
2020,10,Maharashtra,Palghar,Palghar,Rural,National Highway,96,27,35,61,Drunk Driving,Day (06:00-18:00)
2020,11,Maharashtra,Palghar,Palghar,Rural,National Highway,96,29,30,66,Over-speeding,Day (06:00-18:00)
2020,12,Maharashtra,Palghar,Palghar,Rural,National Highway,97,25,31,66,Over-speeding,Day (06:00-18:00)
2021,1,Maharashtra,Pune,Pune Rural,Rural,National Highway,238,70,70,168,Over-speeding,Day (06:00-18:00)
2021,2,Maharashtra,Pune,Pune Rural,Rural,National Highway,242,63,66,176,Dangerous Overtaking,Day (06:00-18:00)
2021,3,Maharashtra,Pune,Pune Rural,Rural,National Highway,253,65,87,166,Over-speeding,Day (06:00-18:00)
2021,4,Maharashtra,Pune,Pune Rural,Rural,National Highway,264,70,70,158,Over-speeding,Night (18:00-06:00)
2021,5,Maharashtra,Pune,Pune Rural,Rural,National Highway,261,61,78,183,Over-speeding,Night (18:00-06:00)
2021,6,Maharashtra,Pune,Pune Rural,Rural,National Highway,352,84,112,240,Over-speeding,Night (18:00-06:00)
2021,7,Maharashtra,Pune,Pune Rural,Rural,National Highway,306,88,91,211,Adverse Weather / Monsoon,Night (18:00-06:00)
2021,8,Maharashtra,Pune,Pune Rural,Rural,National Highway,332,89,113,219,Adverse Weather / Monsoon,Night (18:00-06:00)
2021,9,Maharashtra,Pune,Pune Rural,Rural,National Highway,318,76,106,212,Over-speeding,Night (18:00-06:00)
2021,10,Maharashtra,Pune,Pune Rural,Rural,National Highway,266,67,83,168,Over-speeding,Day (06:00-18:00)
2021,11,Maharashtra,Pune,Pune Rural,Rural,National Highway,245,68,82,160,Over-speeding,Day (06:00-18:00)
2021,12,Maharashtra,Pune,Pune Rural,Rural,National Highway,271,70,86,185,Over-speeding,Day (06:00-18:00)
2021,1,Maharashtra,Pune,Pune City,City,Urban / City Road,93,23,28,65,Over-speeding,Day (06:00-18:00)
2021,2,Maharashtra,Pune,Pune City,City,Urban / City Road,98,22,28,70,Over-speeding,Day (06:00-18:00)
2021,3,Maharashtra,Pune,Pune City,City,Urban / City Road,93,21,21,72,Over-speeding,Night (18:00-06:00)
2021,4,Maharashtra,Pune,Pune City,City,Urban / City Road,90,20,23,67,Over-speeding,Day (06:00-18:00)
2021,5,Maharashtra,Pune,Pune City,City,Urban / City Road,92,18,28,64,Over-speeding,Night (18:00-06:00)
2021,6,Maharashtra,Pune,Pune City,City,Urban / City Road,128,28,36,92,Dangerous Overtaking,Day (06:00-18:00)
2021,7,Maharashtra,Pune,Pune City,City,Urban / City Road,117,29,31,86,Adverse Weather / Monsoon,Day (06:00-18:00)
2021,8,Maharashtra,Pune,Pune City,City,Urban / City Road,131,26,35,84,Adverse Weather / Monsoon,Night (18:00-06:00)
2021,9,Maharashtra,Pune,Pune City,City,Urban / City Road,131,29,37,85,Over-speeding,Night (18:00-06:00)
2021,10,Maharashtra,Pune,Pune City,City,Urban / City Road,90,22,22,68,Adverse Weather / Monsoon,Night (18:00-06:00)
2021,11,Maharashtra,Pune,Pune City,City,Urban / City Road,95,20,28,67,Over-speeding,Day (06:00-18:00)
2021,12,Maharashtra,Pune,Pune City,City,Urban / City Road,94,20,22,67,Drunk Driving,Night (18:00-06:00)
2021,1,Maharashtra,Nashik,Nashik Rural,Rural,National Highway,189,57,64,125,Drunk Driving,Night (18:00-06:00)
2021,2,Maharashtra,Nashik,Nashik Rural,Rural,National Highway,202,52,64,138,Over-speeding,Night (18:00-06:00)
2021,3,Maharashtra,Nashik,Nashik Rural,Rural,National Highway,213,60,65,146,Dangerous Overtaking,Day (06:00-18:00)
2021,4,Maharashtra,Nashik,Nashik Rural,Rural,National Highway,213,62,74,139,Adverse Weather / Monsoon,Night (18:00-06:00)
2021,5,Maharashtra,Nashik,Nashik Rural,Rural,National Highway,219,59,59,141,Drunk Driving,Night (18:00-06:00)
2021,6,Maharashtra,Nashik,Nashik Rural,Rural,National Highway,259,83,96,163,Over-speeding,Day (06:00-18:00)
2021,7,Maharashtra,Nashik,Nashik Rural,Rural,National Highway,257,75,75,179,Adverse Weather / Monsoon,Night (18:00-06:00)
2021,8,Maharashtra,Nashik,Nashik Rural,Rural,National Highway,250,78,78,165,Adverse Weather / Monsoon,Day (06:00-18:00)
2021,9,Maharashtra,Nashik,Nashik Rural,Rural,National Highway,291,73,78,182,Over-speeding,Night (18:00-06:00)
2021,10,Maharashtra,Nashik,Nashik Rural,Rural,National Highway,207,61,68,139,Over-speeding,Day (06:00-18:00)
2021,11,Maharashtra,Nashik,Nashik Rural,Rural,National Highway,216,61,61,136,Drunk Driving,Night (18:00-06:00)
2021,12,Maharashtra,Nashik,Nashik Rural,Rural,National Highway,201,66,68,133,Road Defect / Pothole,Day (06:00-18:00)
2021,1,Maharashtra,Nashik,Nashik City,City,Urban / City Road,52,15,15,37,Adverse Weather / Monsoon,Night (18:00-06:00)
2021,2,Maharashtra,Nashik,Nashik City,City,Urban / City Road,52,14,14,36,Drunk Driving,Day (06:00-18:00)
2021,3,Maharashtra,Nashik,Nashik City,City,Urban / City Road,54,13,17,37,Over-speeding,Day (06:00-18:00)
2021,4,Maharashtra,Nashik,Nashik City,City,Urban / City Road,56,13,18,38,Dangerous Overtaking,Day (06:00-18:00)
2021,5,Maharashtra,Nashik,Nashik City,City,Urban / City Road,56,15,18,38,Dangerous Overtaking,Day (06:00-18:00)
2021,6,Maharashtra,Nashik,Nashik City,City,Urban / City Road,73,18,21,48,Over-speeding,Day (06:00-18:00)
2021,7,Maharashtra,Nashik,Nashik City,City,Urban / City Road,77,18,21,45,Adverse Weather / Monsoon,Day (06:00-18:00)
2021,8,Maharashtra,Nashik,Nashik City,City,Urban / City Road,71,19,19,47,Adverse Weather / Monsoon,Day (06:00-18:00)
2021,9,Maharashtra,Nashik,Nashik City,City,Urban / City Road,75,19,22,53,Over-speeding,Day (06:00-18:00)
2021,10,Maharashtra,Nashik,Nashik City,City,Urban / City Road,57,14,18,39,Over-speeding,Day (06:00-18:00)
2021,11,Maharashtra,Nashik,Nashik City,City,Urban / City Road,57,16,16,41,Over-speeding,Day (06:00-18:00)
2021,12,Maharashtra,Nashik,Nashik City,City,Urban / City Road,59,12,17,38,Over-speeding,Day (06:00-18:00)
2021,1,Maharashtra,Solapur,Solapur Rural,Rural,National Highway,154,43,53,96,Over-speeding,Night (18:00-06:00)
2021,2,Maharashtra,Solapur,Solapur Rural,Rural,National Highway,161,49,49,112,Over-speeding,Day (06:00-18:00)
2021,3,Maharashtra,Solapur,Solapur Rural,Rural,National Highway,168,51,57,111,Dangerous Overtaking,Day (06:00-18:00)
2021,4,Maharashtra,Solapur,Solapur Rural,Rural,National Highway,154,45,48,106,Dangerous Overtaking,Night (18:00-06:00)
2021,5,Maharashtra,Solapur,Solapur Rural,Rural,National Highway,155,40,53,102,Drunk Driving,Night (18:00-06:00)
2021,6,Maharashtra,Solapur,Solapur Rural,Rural,National Highway,224,59,64,131,Over-speeding,Night (18:00-06:00)
2021,7,Maharashtra,Solapur,Solapur Rural,Rural,National Highway,222,54,76,146,Adverse Weather / Monsoon,Day (06:00-18:00)
2021,8,Maharashtra,Solapur,Solapur Rural,Rural,National Highway,197,67,68,124,Adverse Weather / Monsoon,Day (06:00-18:00)
2021,9,Maharashtra,Solapur,Solapur Rural,Rural,National Highway,214,57,67,147,Drunk Driving,Day (06:00-18:00)
2021,10,Maharashtra,Solapur,Solapur Rural,Rural,National Highway,170,39,51,99,Over-speeding,Day (06:00-18:00)
2021,11,Maharashtra,Solapur,Solapur Rural,Rural,National Highway,169,42,56,105,Dangerous Overtaking,Night (18:00-06:00)
2021,12,Maharashtra,Solapur,Solapur Rural,Rural,National Highway,167,49,52,105,Dangerous Overtaking,Day (06:00-18:00)
2021,1,Maharashtra,Solapur,Solapur City,City,Urban / City Road,27,6,8,19,Dangerous Overtaking,Day (06:00-18:00)
2021,2,Maharashtra,Solapur,Solapur City,City,Urban / City Road,30,8,8,21,Over-speeding,Day (06:00-18:00)
2021,3,Maharashtra,Solapur,Solapur City,City,Urban / City Road,31,7,9,20,Adverse Weather / Monsoon,Day (06:00-18:00)
2021,4,Maharashtra,Solapur,Solapur City,City,Urban / City Road,30,6,8,20,Over-speeding,Night (18:00-06:00)
2021,5,Maharashtra,Solapur,Solapur City,City,Urban / City Road,32,7,7,19,Over-speeding,Day (06:00-18:00)
2021,6,Maharashtra,Solapur,Solapur City,City,Urban / City Road,42,10,11,30,Dangerous Overtaking,Night (18:00-06:00)
2021,7,Maharashtra,Solapur,Solapur City,City,Urban / City Road,40,9,12,26,Over-speeding,Night (18:00-06:00)
2021,8,Maharashtra,Solapur,Solapur City,City,Urban / City Road,38,8,11,26,Adverse Weather / Monsoon,Day (06:00-18:00)
2021,9,Maharashtra,Solapur,Solapur City,City,Urban / City Road,38,9,11,27,Over-speeding,Day (06:00-18:00)
2021,10,Maharashtra,Solapur,Solapur City,City,Urban / City Road,32,7,7,19,Over-speeding,Night (18:00-06:00)
2021,11,Maharashtra,Solapur,Solapur City,City,Urban / City Road,27,7,7,19,Over-speeding,Night (18:00-06:00)
2021,12,Maharashtra,Solapur,Solapur City,City,Urban / City Road,31,8,9,22,Over-speeding,Night (18:00-06:00)
2021,1,Maharashtra,Ahmednagar,Ahmednagar,Rural,State Highway,203,57,71,119,Drunk Driving,Night (18:00-06:00)
2021,2,Maharashtra,Ahmednagar,Ahmednagar,Rural,State Highway,208,52,58,118,Drunk Driving,Day (06:00-18:00)
2021,3,Maharashtra,Ahmednagar,Ahmednagar,Rural,State Highway,209,49,75,134,Over-speeding,Night (18:00-06:00)
2021,4,Maharashtra,Ahmednagar,Ahmednagar,Rural,State Highway,192,64,73,113,Over-speeding,Day (06:00-18:00)
2021,5,Maharashtra,Ahmednagar,Ahmednagar,Rural,State Highway,200,56,72,128,Over-speeding,Night (18:00-06:00)
2021,6,Maharashtra,Ahmednagar,Ahmednagar,Rural,State Highway,274,75,79,151,Dangerous Overtaking,Day (06:00-18:00)
2021,7,Maharashtra,Ahmednagar,Ahmednagar,Rural,State Highway,250,71,84,166,Dangerous Overtaking,Night (18:00-06:00)
2021,8,Maharashtra,Ahmednagar,Ahmednagar,Rural,State Highway,261,65,82,173,Road Defect / Pothole,Day (06:00-18:00)
2021,9,Maharashtra,Ahmednagar,Ahmednagar,Rural,State Highway,247,67,87,160,Dangerous Overtaking,Day (06:00-18:00)
2021,10,Maharashtra,Ahmednagar,Ahmednagar,Rural,State Highway,186,58,63,113,Over-speeding,Night (18:00-06:00)
2021,11,Maharashtra,Ahmednagar,Ahmednagar,Rural,State Highway,189,64,69,120,Over-speeding,Day (06:00-18:00)
2021,12,Maharashtra,Ahmednagar,Ahmednagar,Rural,State Highway,205,61,73,115,Dangerous Overtaking,Day (06:00-18:00)
2021,1,Maharashtra,Thane,Thane Rural,Rural,National Highway,126,34,37,89,Over-speeding,Day (06:00-18:00)
2021,2,Maharashtra,Thane,Thane Rural,Rural,National Highway,127,40,47,80,Over-speeding,Day (06:00-18:00)
2021,3,Maharashtra,Thane,Thane Rural,Rural,National Highway,137,38,43,85,Over-speeding,Night (18:00-06:00)
2021,4,Maharashtra,Thane,Thane Rural,Rural,National Highway,127,33,37,84,Adverse Weather / Monsoon,Day (06:00-18:00)
2021,5,Maharashtra,Thane,Thane Rural,Rural,National Highway,135,34,46,76,Over-speeding,Night (18:00-06:00)
2021,6,Maharashtra,Thane,Thane Rural,Rural,National Highway,168,49,53,115,Over-speeding,Day (06:00-18:00)
2021,7,Maharashtra,Thane,Thane Rural,Rural,National Highway,165,54,56,103,Adverse Weather / Monsoon,Day (06:00-18:00)
2021,8,Maharashtra,Thane,Thane Rural,Rural,National Highway,172,44,54,114,Adverse Weather / Monsoon,Day (06:00-18:00)
2021,9,Maharashtra,Thane,Thane Rural,Rural,National Highway,179,43,57,109,Drunk Driving,Night (18:00-06:00)
2021,10,Maharashtra,Thane,Thane Rural,Rural,National Highway,129,35,47,82,Adverse Weather / Monsoon,Night (18:00-06:00)
2021,11,Maharashtra,Thane,Thane Rural,Rural,National Highway,137,33,47,90,Over-speeding,Day (06:00-18:00)
2021,12,Maharashtra,Thane,Thane Rural,Rural,National Highway,122,34,41,81,Over-speeding,Day (06:00-18:00)
2021,1,Maharashtra,Thane,Thane City,City,Urban / City Road,95,22,27,68,Adverse Weather / Monsoon,Night (18:00-06:00)
2021,2,Maharashtra,Thane,Thane City,City,Urban / City Road,90,20,30,60,Over-speeding,Night (18:00-06:00)
2021,3,Maharashtra,Thane,Thane City,City,Urban / City Road,93,20,24,69,Dangerous Overtaking,Day (06:00-18:00)
2021,4,Maharashtra,Thane,Thane City,City,Urban / City Road,94,24,28,61,Adverse Weather / Monsoon,Day (06:00-18:00)
2021,5,Maharashtra,Thane,Thane City,City,Urban / City Road,96,22,24,63,Over-speeding,Day (06:00-18:00)
2021,6,Maharashtra,Thane,Thane City,City,Urban / City Road,129,31,33,90,Dangerous Overtaking,Night (18:00-06:00)
2021,7,Maharashtra,Thane,Thane City,City,Urban / City Road,126,32,35,82,Adverse Weather / Monsoon,Day (06:00-18:00)
2021,8,Maharashtra,Thane,Thane City,City,Urban / City Road,129,33,36,93,Adverse Weather / Monsoon,Night (18:00-06:00)
2021,9,Maharashtra,Thane,Thane City,City,Urban / City Road,124,32,33,91,Adverse Weather / Monsoon,Day (06:00-18:00)
2021,10,Maharashtra,Thane,Thane City,City,Urban / City Road,89,21,27,62,Drunk Driving,Day (06:00-18:00)
2021,11,Maharashtra,Thane,Thane City,City,Urban / City Road,99,23,27,60,Over-speeding,Day (06:00-18:00)
2021,12,Maharashtra,Thane,Thane City,City,Urban / City Road,101,22,30,61,Adverse Weather / Monsoon,Day (06:00-18:00)
2021,1,Maharashtra,Mumbai,Mumbai Suburban,City,Urban / Expressway,222,31,31,187,Over-speeding,Night (18:00-06:00)
2021,2,Maharashtra,Mumbai,Mumbai Suburban,City,Urban / Expressway,250,27,27,223,Over-speeding,Night (18:00-06:00)
2021,3,Maharashtra,Mumbai,Mumbai Suburban,City,Urban / Expressway,247,27,27,204,Over-speeding,Day (06:00-18:00)
2021,4,Maharashtra,Mumbai,Mumbai Suburban,City,Urban / Expressway,232,23,27,205,Drunk Driving,Day (06:00-18:00)
2021,5,Maharashtra,Mumbai,Mumbai Suburban,City,Urban / Expressway,262,25,29,193,Over-speeding,Day (06:00-18:00)
2021,6,Maharashtra,Mumbai,Mumbai Suburban,City,Urban / Expressway,332,41,45,259,Adverse Weather / Monsoon,Day (06:00-18:00)
2021,7,Maharashtra,Mumbai,Mumbai Suburban,City,Urban / Expressway,300,37,45,255,Over-speeding,Night (18:00-06:00)
2021,8,Maharashtra,Mumbai,Mumbai Suburban,City,Urban / Expressway,311,31,46,265,Adverse Weather / Monsoon,Day (06:00-18:00)
2021,9,Maharashtra,Mumbai,Mumbai Suburban,City,Urban / Expressway,335,40,45,290,Adverse Weather / Monsoon,Day (06:00-18:00)
2021,10,Maharashtra,Mumbai,Mumbai Suburban,City,Urban / Expressway,254,26,29,200,Over-speeding,Day (06:00-18:00)
2021,11,Maharashtra,Mumbai,Mumbai Suburban,City,Urban / Expressway,260,24,29,209,Over-speeding,Day (06:00-18:00)
2021,12,Maharashtra,Mumbai,Mumbai Suburban,City,Urban / Expressway,250,26,30,220,Dangerous Overtaking,Day (06:00-18:00)
2021,1,Maharashtra,Mumbai,Mumbai City,City,Urban / City Road,156,20,20,127,Over-speeding,Night (18:00-06:00)
2021,2,Maharashtra,Mumbai,Mumbai City,City,Urban / City Road,171,17,19,152,Adverse Weather / Monsoon,Night (18:00-06:00)
2021,3,Maharashtra,Mumbai,Mumbai City,City,Urban / City Road,174,21,21,153,Over-speeding,Night (18:00-06:00)
2021,4,Maharashtra,Mumbai,Mumbai City,City,Urban / City Road,156,19,19,137,Adverse Weather / Monsoon,Day (06:00-18:00)
2021,5,Maharashtra,Mumbai,Mumbai City,City,Urban / City Road,161,20,24,130,Over-speeding,Night (18:00-06:00)
2021,6,Maharashtra,Mumbai,Mumbai City,City,Urban / City Road,204,27,32,172,Over-speeding,Day (06:00-18:00)
2021,7,Maharashtra,Mumbai,Mumbai City,City,Urban / City Road,229,23,25,182,Dangerous Overtaking,Day (06:00-18:00)
2021,8,Maharashtra,Mumbai,Mumbai City,City,Urban / City Road,230,26,31,166,Adverse Weather / Monsoon,Day (06:00-18:00)
2021,9,Maharashtra,Mumbai,Mumbai City,City,Urban / City Road,229,21,29,199,Road Defect / Pothole,Day (06:00-18:00)
2021,10,Maharashtra,Mumbai,Mumbai City,City,Urban / City Road,162,18,20,131,Dangerous Overtaking,Night (18:00-06:00)
2021,11,Maharashtra,Mumbai,Mumbai City,City,Urban / City Road,161,18,18,135,Adverse Weather / Monsoon,Day (06:00-18:00)
2021,12,Maharashtra,Mumbai,Mumbai City,City,Urban / City Road,152,19,19,133,Drunk Driving,Day (06:00-18:00)
2021,1,Maharashtra,Nagpur,Nagpur Rural,Rural,National Highway,136,42,43,93,Over-speeding,Day (06:00-18:00)
2021,2,Maharashtra,Nagpur,Nagpur Rural,Rural,National Highway,136,37,43,93,Adverse Weather / Monsoon,Day (06:00-18:00)
2021,3,Maharashtra,Nagpur,Nagpur Rural,Rural,National Highway,129,41,48,77,Over-speeding,Day (06:00-18:00)
2021,4,Maharashtra,Nagpur,Nagpur Rural,Rural,National Highway,127,32,39,88,Over-speeding,Day (06:00-18:00)
2021,5,Maharashtra,Nagpur,Nagpur Rural,Rural,National Highway,133,41,47,86,Over-speeding,Night (18:00-06:00)
2021,6,Maharashtra,Nagpur,Nagpur Rural,Rural,National Highway,159,46,52,106,Over-speeding,Night (18:00-06:00)
2021,7,Maharashtra,Nagpur,Nagpur Rural,Rural,National Highway,174,55,55,103,Adverse Weather / Monsoon,Night (18:00-06:00)
2021,8,Maharashtra,Nagpur,Nagpur Rural,Rural,National Highway,173,51,55,118,Dangerous Overtaking,Day (06:00-18:00)
2021,9,Maharashtra,Nagpur,Nagpur Rural,Rural,National Highway,167,50,50,113,Over-speeding,Night (18:00-06:00)
2021,10,Maharashtra,Nagpur,Nagpur Rural,Rural,National Highway,133,41,41,92,Dangerous Overtaking,Day (06:00-18:00)
2021,11,Maharashtra,Nagpur,Nagpur Rural,Rural,National Highway,131,33,46,81,Adverse Weather / Monsoon,Day (06:00-18:00)
2021,12,Maharashtra,Nagpur,Nagpur Rural,Rural,National Highway,135,37,43,77,Drunk Driving,Day (06:00-18:00)
2021,1,Maharashtra,Nagpur,Nagpur City,City,Urban / City Road,94,19,21,73,Over-speeding,Day (06:00-18:00)
2021,2,Maharashtra,Nagpur,Nagpur City,City,Urban / City Road,95,16,21,62,Drunk Driving,Day (06:00-18:00)
2021,3,Maharashtra,Nagpur,Nagpur City,City,Urban / City Road,90,16,20,68,Over-speeding,Day (06:00-18:00)
2021,4,Maharashtra,Nagpur,Nagpur City,City,Urban / City Road,91,19,20,71,Drunk Driving,Day (06:00-18:00)
2021,5,Maharashtra,Nagpur,Nagpur City,City,Urban / City Road,92,20,21,71,Drunk Driving,Day (06:00-18:00)
2021,6,Maharashtra,Nagpur,Nagpur City,City,Urban / City Road,113,21,27,80,Adverse Weather / Monsoon,Day (06:00-18:00)
2021,7,Maharashtra,Nagpur,Nagpur City,City,Urban / City Road,113,23,23,90,Adverse Weather / Monsoon,Day (06:00-18:00)
2021,8,Maharashtra,Nagpur,Nagpur City,City,Urban / City Road,118,21,23,94,Drunk Driving,Day (06:00-18:00)
2021,9,Maharashtra,Nagpur,Nagpur City,City,Urban / City Road,116,21,23,83,Over-speeding,Night (18:00-06:00)
2021,10,Maharashtra,Nagpur,Nagpur City,City,Urban / City Road,91,18,19,72,Over-speeding,Day (06:00-18:00)
2021,11,Maharashtra,Nagpur,Nagpur City,City,Urban / City Road,93,18,22,71,Road Defect / Pothole,Night (18:00-06:00)
2021,12,Maharashtra,Nagpur,Nagpur City,City,Urban / City Road,93,15,20,73,Over-speeding,Day (06:00-18:00)
2021,1,Maharashtra,Kolhapur,Kolhapur,Rural,National Highway,147,41,44,97,Over-speeding,Night (18:00-06:00)
2021,2,Maharashtra,Kolhapur,Kolhapur,Rural,National Highway,145,41,46,99,Drunk Driving,Day (06:00-18:00)
2021,3,Maharashtra,Kolhapur,Kolhapur,Rural,National Highway,146,42,42,93,Dangerous Overtaking,Day (06:00-18:00)
2021,4,Maharashtra,Kolhapur,Kolhapur,Rural,National Highway,142,45,46,96,Adverse Weather / Monsoon,Day (06:00-18:00)
2021,5,Maharashtra,Kolhapur,Kolhapur,Rural,National Highway,142,41,41,91,Adverse Weather / Monsoon,Night (18:00-06:00)
2021,6,Maharashtra,Kolhapur,Kolhapur,Rural,National Highway,203,56,62,133,Over-speeding,Night (18:00-06:00)
2021,7,Maharashtra,Kolhapur,Kolhapur,Rural,National Highway,179,47,61,118,Adverse Weather / Monsoon,Night (18:00-06:00)
2021,8,Maharashtra,Kolhapur,Kolhapur,Rural,National Highway,188,48,61,127,Adverse Weather / Monsoon,Night (18:00-06:00)
2021,9,Maharashtra,Kolhapur,Kolhapur,Rural,National Highway,191,52,66,125,Dangerous Overtaking,Day (06:00-18:00)
2021,10,Maharashtra,Kolhapur,Kolhapur,Rural,National Highway,146,38,48,88,Over-speeding,Night (18:00-06:00)
2021,11,Maharashtra,Kolhapur,Kolhapur,Rural,National Highway,147,38,41,97,Drunk Driving,Day (06:00-18:00)
2021,12,Maharashtra,Kolhapur,Kolhapur,Rural,National Highway,142,34,52,90,Road Defect / Pothole,Night (18:00-06:00)
2021,1,Maharashtra,Satara,Satara,Rural,National Highway,130,33,39,87,Adverse Weather / Monsoon,Day (06:00-18:00)
2021,2,Maharashtra,Satara,Satara,Rural,National Highway,142,38,50,86,Over-speeding,Night (18:00-06:00)
2021,3,Maharashtra,Satara,Satara,Rural,National Highway,144,39,39,93,Adverse Weather / Monsoon,Day (06:00-18:00)
2021,4,Maharashtra,Satara,Satara,Rural,National Highway,140,38,49,91,Over-speeding,Day (06:00-18:00)
2021,5,Maharashtra,Satara,Satara,Rural,National Highway,141,36,50,91,Dangerous Overtaking,Day (06:00-18:00)
2021,6,Maharashtra,Satara,Satara,Rural,National Highway,187,56,63,124,Dangerous Overtaking,Day (06:00-18:00)
2021,7,Maharashtra,Satara,Satara,Rural,National Highway,195,52,52,115,Adverse Weather / Monsoon,Night (18:00-06:00)
2021,8,Maharashtra,Satara,Satara,Rural,National Highway,184,53,57,127,Adverse Weather / Monsoon,Night (18:00-06:00)
2021,9,Maharashtra,Satara,Satara,Rural,National Highway,184,51,64,120,Over-speeding,Night (18:00-06:00)
2021,10,Maharashtra,Satara,Satara,Rural,National Highway,142,40,43,95,Dangerous Overtaking,Day (06:00-18:00)
2021,11,Maharashtra,Satara,Satara,Rural,National Highway,146,36,44,87,Over-speeding,Night (18:00-06:00)
2021,12,Maharashtra,Satara,Satara,Rural,National Highway,139,34,48,91,Road Defect / Pothole,Night (18:00-06:00)
2021,1,Maharashtra,Jalgaon,Jalgaon,Rural,State Highway,116,31,39,77,Drunk Driving,Night (18:00-06:00)
2021,2,Maharashtra,Jalgaon,Jalgaon,Rural,State Highway,120,34,43,77,Over-speeding,Night (18:00-06:00)
2021,3,Maharashtra,Jalgaon,Jalgaon,Rural,State Highway,119,34,38,74,Drunk Driving,Day (06:00-18:00)
2021,4,Maharashtra,Jalgaon,Jalgaon,Rural,State Highway,128,38,42,86,Over-speeding,Day (06:00-18:00)
2021,5,Maharashtra,Jalgaon,Jalgaon,Rural,State Highway,118,34,34,74,Over-speeding,Day (06:00-18:00)
2021,6,Maharashtra,Jalgaon,Jalgaon,Rural,State Highway,152,44,55,97,Over-speeding,Day (06:00-18:00)
2021,7,Maharashtra,Jalgaon,Jalgaon,Rural,State Highway,160,45,52,108,Adverse Weather / Monsoon,Night (18:00-06:00)
2021,8,Maharashtra,Jalgaon,Jalgaon,Rural,State Highway,157,41,45,112,Adverse Weather / Monsoon,Day (06:00-18:00)
2021,9,Maharashtra,Jalgaon,Jalgaon,Rural,State Highway,168,38,50,102,Over-speeding,Day (06:00-18:00)
2021,10,Maharashtra,Jalgaon,Jalgaon,Rural,State Highway,122,35,38,84,Dangerous Overtaking,Day (06:00-18:00)
2021,11,Maharashtra,Jalgaon,Jalgaon,Rural,State Highway,125,30,43,79,Over-speeding,Day (06:00-18:00)
2021,12,Maharashtra,Jalgaon,Jalgaon,Rural,State Highway,127,30,43,84,Adverse Weather / Monsoon,Night (18:00-06:00)
2021,1,Maharashtra,Sangli,Sangli,Rural,State Highway,112,29,40,72,Over-speeding,Day (06:00-18:00)
2021,2,Maharashtra,Sangli,Sangli,Rural,State Highway,112,28,35,67,Dangerous Overtaking,Day (06:00-18:00)
2021,3,Maharashtra,Sangli,Sangli,Rural,State Highway,114,28,31,70,Over-speeding,Day (06:00-18:00)
2021,4,Maharashtra,Sangli,Sangli,Rural,State Highway,106,32,41,65,Over-speeding,Night (18:00-06:00)
2021,5,Maharashtra,Sangli,Sangli,Rural,State Highway,104,31,31,73,Dangerous Overtaking,Day (06:00-18:00)
2021,6,Maharashtra,Sangli,Sangli,Rural,State Highway,143,37,49,94,Over-speeding,Day (06:00-18:00)
2021,7,Maharashtra,Sangli,Sangli,Rural,State Highway,154,43,52,86,Adverse Weather / Monsoon,Day (06:00-18:00)
2021,8,Maharashtra,Sangli,Sangli,Rural,State Highway,154,40,42,91,Dangerous Overtaking,Day (06:00-18:00)
2021,9,Maharashtra,Sangli,Sangli,Rural,State Highway,154,35,52,102,Drunk Driving,Day (06:00-18:00)
2021,10,Maharashtra,Sangli,Sangli,Rural,State Highway,113,31,31,72,Over-speeding,Day (06:00-18:00)
2021,11,Maharashtra,Sangli,Sangli,Rural,State Highway,115,26,41,74,Over-speeding,Night (18:00-06:00)
2021,12,Maharashtra,Sangli,Sangli,Rural,State Highway,110,30,36,74,Over-speeding,Day (06:00-18:00)
2021,1,Maharashtra,Nanded,Nanded,Rural,State Highway,103,26,36,67,Over-speeding,Night (18:00-06:00)
2021,2,Maharashtra,Nanded,Nanded,Rural,State Highway,109,27,34,63,Over-speeding,Day (06:00-18:00)
2021,3,Maharashtra,Nanded,Nanded,Rural,State Highway,103,32,34,65,Dangerous Overtaking,Day (06:00-18:00)
2021,4,Maharashtra,Nanded,Nanded,Rural,State Highway,100,28,31,66,Dangerous Overtaking,Night (18:00-06:00)
2021,5,Maharashtra,Nanded,Nanded,Rural,State Highway,96,28,29,67,Over-speeding,Night (18:00-06:00)
2021,6,Maharashtra,Nanded,Nanded,Rural,State Highway,144,34,50,94,Dangerous Overtaking,Day (06:00-18:00)
2021,7,Maharashtra,Nanded,Nanded,Rural,State Highway,134,37,49,85,Adverse Weather / Monsoon,Day (06:00-18:00)
2021,8,Maharashtra,Nanded,Nanded,Rural,State Highway,142,39,46,80,Dangerous Overtaking,Day (06:00-18:00)
2021,9,Maharashtra,Nanded,Nanded,Rural,State Highway,132,38,43,80,Over-speeding,Day (06:00-18:00)
2021,10,Maharashtra,Nanded,Nanded,Rural,State Highway,110,30,34,64,Over-speeding,Night (18:00-06:00)
2021,11,Maharashtra,Nanded,Nanded,Rural,State Highway,96,30,33,60,Drunk Driving,Day (06:00-18:00)
2021,12,Maharashtra,Nanded,Nanded,Rural,State Highway,101,26,29,72,Dangerous Overtaking,Day (06:00-18:00)
2021,1,Maharashtra,Amravati,Amravati Rural,Rural,National Highway,93,28,33,60,Over-speeding,Day (06:00-18:00)
2021,2,Maharashtra,Amravati,Amravati Rural,Rural,National Highway,98,24,36,62,Over-speeding,Day (06:00-18:00)
2021,3,Maharashtra,Amravati,Amravati Rural,Rural,National Highway,96,27,34,62,Over-speeding,Day (06:00-18:00)
2021,4,Maharashtra,Amravati,Amravati Rural,Rural,National Highway,97,24,33,64,Over-speeding,Day (06:00-18:00)
2021,5,Maharashtra,Amravati,Amravati Rural,Rural,National Highway,92,24,30,59,Dangerous Overtaking,Night (18:00-06:00)
2021,6,Maharashtra,Amravati,Amravati Rural,Rural,National Highway,117,32,41,76,Over-speeding,Night (18:00-06:00)
2021,7,Maharashtra,Amravati,Amravati Rural,Rural,National Highway,115,33,38,75,Dangerous Overtaking,Day (06:00-18:00)
2021,8,Maharashtra,Amravati,Amravati Rural,Rural,National Highway,125,38,39,81,Adverse Weather / Monsoon,Day (06:00-18:00)
2021,9,Maharashtra,Amravati,Amravati Rural,Rural,National Highway,123,33,40,82,Adverse Weather / Monsoon,Night (18:00-06:00)
2021,10,Maharashtra,Amravati,Amravati Rural,Rural,National Highway,94,25,30,58,Over-speeding,Day (06:00-18:00)
2021,11,Maharashtra,Amravati,Amravati Rural,Rural,National Highway,100,26,30,60,Drunk Driving,Night (18:00-06:00)
2021,12,Maharashtra,Amravati,Amravati Rural,Rural,National Highway,95,30,30,56,Adverse Weather / Monsoon,Day (06:00-18:00)
2021,1,Maharashtra,Amravati,Amravati City,City,Urban / City Road,31,8,9,20,Adverse Weather / Monsoon,Day (06:00-18:00)
2021,2,Maharashtra,Amravati,Amravati City,City,Urban / City Road,31,8,8,23,Over-speeding,Night (18:00-06:00)
2021,3,Maharashtra,Amravati,Amravati City,City,Urban / City Road,35,8,11,24,Over-speeding,Day (06:00-18:00)
2021,4,Maharashtra,Amravati,Amravati City,City,Urban / City Road,31,9,10,21,Over-speeding,Night (18:00-06:00)
2021,5,Maharashtra,Amravati,Amravati City,City,Urban / City Road,34,8,10,24,Over-speeding,Day (06:00-18:00)
2021,6,Maharashtra,Amravati,Amravati City,City,Urban / City Road,43,10,14,29,Dangerous Overtaking,Night (18:00-06:00)
2021,7,Maharashtra,Amravati,Amravati City,City,Urban / City Road,45,9,14,27,Adverse Weather / Monsoon,Day (06:00-18:00)
2021,8,Maharashtra,Amravati,Amravati City,City,Urban / City Road,43,9,14,29,Adverse Weather / Monsoon,Night (18:00-06:00)
2021,9,Maharashtra,Amravati,Amravati City,City,Urban / City Road,43,11,13,30,Dangerous Overtaking,Day (06:00-18:00)
2021,10,Maharashtra,Amravati,Amravati City,City,Urban / City Road,31,7,8,23,Drunk Driving,Night (18:00-06:00)
2021,11,Maharashtra,Amravati,Amravati City,City,Urban / City Road,34,8,9,22,Over-speeding,Day (06:00-18:00)
2021,12,Maharashtra,Amravati,Amravati City,City,Urban / City Road,33,7,11,21,Drunk Driving,Day (06:00-18:00)
2021,1,Maharashtra,Raigad,Raigad,Rural,National Highway,137,41,45,85,Dangerous Overtaking,Day (06:00-18:00)
2021,2,Maharashtra,Raigad,Raigad,Rural,National Highway,132,33,42,87,Over-speeding,Night (18:00-06:00)
2021,3,Maharashtra,Raigad,Raigad,Rural,National Highway,135,32,44,90,Over-speeding,Night (18:00-06:00)
2021,4,Maharashtra,Raigad,Raigad,Rural,National Highway,140,37,37,79,Over-speeding,Day (06:00-18:00)
2021,5,Maharashtra,Raigad,Raigad,Rural,National Highway,126,31,45,81,Dangerous Overtaking,Night (18:00-06:00)
2021,6,Maharashtra,Raigad,Raigad,Rural,National Highway,184,50,59,112,Over-speeding,Day (06:00-18:00)
2021,7,Maharashtra,Raigad,Raigad,Rural,National Highway,178,47,59,119,Over-speeding,Day (06:00-18:00)
2021,8,Maharashtra,Raigad,Raigad,Rural,National Highway,181,54,59,105,Road Defect / Pothole,Day (06:00-18:00)
2021,9,Maharashtra,Raigad,Raigad,Rural,National Highway,187,50,52,107,Dangerous Overtaking,Night (18:00-06:00)
2021,10,Maharashtra,Raigad,Raigad,Rural,National Highway,133,33,44,89,Over-speeding,Day (06:00-18:00)
2021,11,Maharashtra,Raigad,Raigad,Rural,National Highway,124,38,38,85,Over-speeding,Day (06:00-18:00)
2021,12,Maharashtra,Raigad,Raigad,Rural,National Highway,131,42,45,86,Adverse Weather / Monsoon,Day (06:00-18:00)
2021,1,Maharashtra,Buldhana,Buldhana,Rural,National Highway,93,26,32,61,Adverse Weather / Monsoon,Day (06:00-18:00)
2021,2,Maharashtra,Buldhana,Buldhana,Rural,National Highway,96,25,32,60,Over-speeding,Night (18:00-06:00)
2021,3,Maharashtra,Buldhana,Buldhana,Rural,National Highway,92,24,26,60,Over-speeding,Day (06:00-18:00)
2021,4,Maharashtra,Buldhana,Buldhana,Rural,National Highway,88,25,28,56,Over-speeding,Night (18:00-06:00)
2021,5,Maharashtra,Buldhana,Buldhana,Rural,National Highway,89,24,27,60,Over-speeding,Day (06:00-18:00)
2021,6,Maharashtra,Buldhana,Buldhana,Rural,National Highway,125,36,43,82,Dangerous Overtaking,Night (18:00-06:00)
2021,7,Maharashtra,Buldhana,Buldhana,Rural,National Highway,121,29,41,80,Adverse Weather / Monsoon,Day (06:00-18:00)
2021,8,Maharashtra,Buldhana,Buldhana,Rural,National Highway,124,35,41,83,Adverse Weather / Monsoon,Day (06:00-18:00)
2021,9,Maharashtra,Buldhana,Buldhana,Rural,National Highway,126,34,40,79,Dangerous Overtaking,Night (18:00-06:00)
2021,10,Maharashtra,Buldhana,Buldhana,Rural,National Highway,85,26,26,59,Dangerous Overtaking,Day (06:00-18:00)
2021,11,Maharashtra,Buldhana,Buldhana,Rural,National Highway,89,27,32,57,Over-speeding,Night (18:00-06:00)
2021,12,Maharashtra,Buldhana,Buldhana,Rural,National Highway,93,24,33,60,Adverse Weather / Monsoon,Night (18:00-06:00)
2021,1,Maharashtra,Beed,Beed,Rural,State Highway,96,27,35,61,Road Defect / Pothole,Night (18:00-06:00)
2021,2,Maharashtra,Beed,Beed,Rural,State Highway,100,25,31,58,Dangerous Overtaking,Night (18:00-06:00)
2021,3,Maharashtra,Beed,Beed,Rural,State Highway,98,24,36,62,Over-speeding,Day (06:00-18:00)
2021,4,Maharashtra,Beed,Beed,Rural,State Highway,107,26,37,70,Over-speeding,Night (18:00-06:00)
2021,5,Maharashtra,Beed,Beed,Rural,State Highway,104,24,37,67,Adverse Weather / Monsoon,Day (06:00-18:00)
2021,6,Maharashtra,Beed,Beed,Rural,State Highway,127,42,42,85,Over-speeding,Day (06:00-18:00)
2021,7,Maharashtra,Beed,Beed,Rural,State Highway,134,33,47,87,Adverse Weather / Monsoon,Night (18:00-06:00)
2021,8,Maharashtra,Beed,Beed,Rural,State Highway,132,34,44,88,Adverse Weather / Monsoon,Night (18:00-06:00)
2021,9,Maharashtra,Beed,Beed,Rural,State Highway,133,35,46,87,Over-speeding,Night (18:00-06:00)
2021,10,Maharashtra,Beed,Beed,Rural,State Highway,99,26,32,67,Over-speeding,Night (18:00-06:00)
2021,11,Maharashtra,Beed,Beed,Rural,State Highway,104,29,30,59,Over-speeding,Night (18:00-06:00)
2021,12,Maharashtra,Beed,Beed,Rural,State Highway,100,27,34,63,Over-speeding,Night (18:00-06:00)
2021,1,Maharashtra,Yavatmal,Yavatmal,Rural,State Highway,91,24,33,58,Over-speeding,Day (06:00-18:00)
2021,2,Maharashtra,Yavatmal,Yavatmal,Rural,State Highway,93,29,33,60,Over-speeding,Day (06:00-18:00)
2021,3,Maharashtra,Yavatmal,Yavatmal,Rural,State Highway,97,26,26,60,Over-speeding,Night (18:00-06:00)
2021,4,Maharashtra,Yavatmal,Yavatmal,Rural,State Highway,87,27,31,56,Over-speeding,Night (18:00-06:00)
2021,5,Maharashtra,Yavatmal,Yavatmal,Rural,State Highway,94,26,26,56,Over-speeding,Day (06:00-18:00)
2021,6,Maharashtra,Yavatmal,Yavatmal,Rural,State Highway,112,36,36,76,Over-speeding,Day (06:00-18:00)
2021,7,Maharashtra,Yavatmal,Yavatmal,Rural,State Highway,124,32,45,71,Over-speeding,Day (06:00-18:00)
2021,8,Maharashtra,Yavatmal,Yavatmal,Rural,State Highway,117,35,37,75,Adverse Weather / Monsoon,Day (06:00-18:00)
2021,9,Maharashtra,Yavatmal,Yavatmal,Rural,State Highway,121,34,39,82,Over-speeding,Night (18:00-06:00)
2021,10,Maharashtra,Yavatmal,Yavatmal,Rural,State Highway,98,27,29,55,Over-speeding,Day (06:00-18:00)
2021,11,Maharashtra,Yavatmal,Yavatmal,Rural,State Highway,93,24,34,59,Dangerous Overtaking,Night (18:00-06:00)
2021,12,Maharashtra,Yavatmal,Yavatmal,Rural,State Highway,93,27,34,59,Over-speeding,Day (06:00-18:00)
2021,1,Maharashtra,Chandrapur,Chandrapur,Rural,National Highway,90,26,29,56,Over-speeding,Day (06:00-18:00)
2021,2,Maharashtra,Chandrapur,Chandrapur,Rural,National Highway,84,26,30,54,Over-speeding,Day (06:00-18:00)
2021,3,Maharashtra,Chandrapur,Chandrapur,Rural,National Highway,83,21,26,53,Over-speeding,Day (06:00-18:00)
2021,4,Maharashtra,Chandrapur,Chandrapur,Rural,National Highway,90,23,29,61,Over-speeding,Day (06:00-18:00)
2021,5,Maharashtra,Chandrapur,Chandrapur,Rural,National Highway,82,24,24,51,Adverse Weather / Monsoon,Night (18:00-06:00)
2021,6,Maharashtra,Chandrapur,Chandrapur,Rural,National Highway,112,33,38,72,Dangerous Overtaking,Day (06:00-18:00)
2021,7,Maharashtra,Chandrapur,Chandrapur,Rural,National Highway,117,32,37,80,Adverse Weather / Monsoon,Day (06:00-18:00)
2021,8,Maharashtra,Chandrapur,Chandrapur,Rural,National Highway,109,31,35,69,Adverse Weather / Monsoon,Day (06:00-18:00)
2021,9,Maharashtra,Chandrapur,Chandrapur,Rural,National Highway,115,34,41,74,Over-speeding,Night (18:00-06:00)
2021,10,Maharashtra,Chandrapur,Chandrapur,Rural,National Highway,86,22,26,59,Over-speeding,Night (18:00-06:00)
2021,11,Maharashtra,Chandrapur,Chandrapur,Rural,National Highway,87,23,31,56,Adverse Weather / Monsoon,Day (06:00-18:00)
2021,12,Maharashtra,Chandrapur,Chandrapur,Rural,National Highway,85,20,25,53,Dangerous Overtaking,Day (06:00-18:00)
2021,1,Maharashtra,Latur,Latur,Rural,State Highway,80,24,26,54,Over-speeding,Day (06:00-18:00)
2021,2,Maharashtra,Latur,Latur,Rural,State Highway,85,24,24,55,Drunk Driving,Day (06:00-18:00)
2021,3,Maharashtra,Latur,Latur,Rural,State Highway,83,23,28,50,Over-speeding,Day (06:00-18:00)
2021,4,Maharashtra,Latur,Latur,Rural,State Highway,78,22,27,51,Over-speeding,Night (18:00-06:00)
2021,5,Maharashtra,Latur,Latur,Rural,State Highway,84,22,24,48,Dangerous Overtaking,Night (18:00-06:00)
2021,6,Maharashtra,Latur,Latur,Rural,State Highway,111,32,32,62,Dangerous Overtaking,Day (06:00-18:00)
2021,7,Maharashtra,Latur,Latur,Rural,State Highway,111,31,35,73,Over-speeding,Night (18:00-06:00)
2021,8,Maharashtra,Latur,Latur,Rural,State Highway,100,29,31,69,Over-speeding,Day (06:00-18:00)
2021,9,Maharashtra,Latur,Latur,Rural,State Highway,109,34,39,70,Over-speeding,Night (18:00-06:00)
2021,10,Maharashtra,Latur,Latur,Rural,State Highway,78,23,23,54,Dangerous Overtaking,Night (18:00-06:00)
2021,11,Maharashtra,Latur,Latur,Rural,State Highway,73,24,24,49,Over-speeding,Night (18:00-06:00)
2021,12,Maharashtra,Latur,Latur,Rural,State Highway,82,25,26,55,Dangerous Overtaking,Day (06:00-18:00)
2021,1,Maharashtra,Dhule,Dhule,Rural,National Highway,78,21,26,51,Over-speeding,Day (06:00-18:00)
2021,2,Maharashtra,Dhule,Dhule,Rural,National Highway,88,24,24,56,Over-speeding,Night (18:00-06:00)
2021,3,Maharashtra,Dhule,Dhule,Rural,National Highway,83,26,27,51,Dangerous Overtaking,Day (06:00-18:00)
2021,4,Maharashtra,Dhule,Dhule,Rural,National Highway,87,25,27,51,Dangerous Overtaking,Night (18:00-06:00)
2021,5,Maharashtra,Dhule,Dhule,Rural,National Highway,87,24,29,58,Over-speeding,Night (18:00-06:00)
2021,6,Maharashtra,Dhule,Dhule,Rural,National Highway,114,29,35,70,Drunk Driving,Day (06:00-18:00)
2021,7,Maharashtra,Dhule,Dhule,Rural,National Highway,113,30,40,73,Over-speeding,Night (18:00-06:00)
2021,8,Maharashtra,Dhule,Dhule,Rural,National Highway,103,34,34,69,Adverse Weather / Monsoon,Day (06:00-18:00)
2021,9,Maharashtra,Dhule,Dhule,Rural,National Highway,104,31,39,65,Dangerous Overtaking,Day (06:00-18:00)
2021,10,Maharashtra,Dhule,Dhule,Rural,National Highway,88,21,25,50,Road Defect / Pothole,Night (18:00-06:00)
2021,11,Maharashtra,Dhule,Dhule,Rural,National Highway,86,23,27,51,Over-speeding,Day (06:00-18:00)
2021,12,Maharashtra,Dhule,Dhule,Rural,National Highway,84,26,26,50,Road Defect / Pothole,Day (06:00-18:00)
2021,1,Maharashtra,Jalna,Jalna,Rural,State Highway,79,23,26,53,Over-speeding,Day (06:00-18:00)
2021,2,Maharashtra,Jalna,Jalna,Rural,State Highway,83,26,28,50,Dangerous Overtaking,Night (18:00-06:00)
2021,3,Maharashtra,Jalna,Jalna,Rural,State Highway,77,22,27,49,Over-speeding,Day (06:00-18:00)
2021,4,Maharashtra,Jalna,Jalna,Rural,State Highway,83,26,28,55,Over-speeding,Night (18:00-06:00)
2021,5,Maharashtra,Jalna,Jalna,Rural,State Highway,85,24,26,57,Over-speeding,Night (18:00-06:00)
2021,6,Maharashtra,Jalna,Jalna,Rural,State Highway,102,30,32,70,Drunk Driving,Night (18:00-06:00)
2021,7,Maharashtra,Jalna,Jalna,Rural,State Highway,102,31,31,70,Adverse Weather / Monsoon,Night (18:00-06:00)
2021,8,Maharashtra,Jalna,Jalna,Rural,State Highway,111,29,35,76,Adverse Weather / Monsoon,Day (06:00-18:00)
2021,9,Maharashtra,Jalna,Jalna,Rural,State Highway,109,28,33,69,Over-speeding,Night (18:00-06:00)
2021,10,Maharashtra,Jalna,Jalna,Rural,State Highway,75,22,28,47,Over-speeding,Night (18:00-06:00)
2021,11,Maharashtra,Jalna,Jalna,Rural,State Highway,85,25,25,54,Road Defect / Pothole,Day (06:00-18:00)
2021,12,Maharashtra,Jalna,Jalna,Rural,State Highway,82,23,23,57,Over-speeding,Day (06:00-18:00)
2021,1,Maharashtra,Parbhani,Parbhani,Rural,State Highway,66,20,24,42,Road Defect / Pothole,Day (06:00-18:00)
2021,2,Maharashtra,Parbhani,Parbhani,Rural,State Highway,66,18,25,41,Over-speeding,Night (18:00-06:00)
2021,3,Maharashtra,Parbhani,Parbhani,Rural,State Highway,66,21,26,40,Dangerous Overtaking,Day (06:00-18:00)
2021,4,Maharashtra,Parbhani,Parbhani,Rural,State Highway,64,22,24,40,Over-speeding,Day (06:00-18:00)
2021,5,Maharashtra,Parbhani,Parbhani,Rural,State Highway,67,16,22,45,Over-speeding,Day (06:00-18:00)
2021,6,Maharashtra,Parbhani,Parbhani,Rural,State Highway,92,25,32,54,Dangerous Overtaking,Day (06:00-18:00)
2021,7,Maharashtra,Parbhani,Parbhani,Rural,State Highway,84,21,32,52,Over-speeding,Day (06:00-18:00)
2021,8,Maharashtra,Parbhani,Parbhani,Rural,State Highway,95,22,28,54,Adverse Weather / Monsoon,Day (06:00-18:00)
2021,9,Maharashtra,Parbhani,Parbhani,Rural,State Highway,93,24,29,53,Over-speeding,Day (06:00-18:00)
2021,10,Maharashtra,Parbhani,Parbhani,Rural,State Highway,68,19,21,39,Over-speeding,Day (06:00-18:00)
2021,11,Maharashtra,Parbhani,Parbhani,Rural,State Highway,71,20,22,41,Over-speeding,Day (06:00-18:00)
2021,12,Maharashtra,Parbhani,Parbhani,Rural,State Highway,65,17,20,45,Over-speeding,Day (06:00-18:00)
2021,1,Maharashtra,Akola,Akola,Rural,National Highway,66,20,23,43,Over-speeding,Night (18:00-06:00)
2021,2,Maharashtra,Akola,Akola,Rural,National Highway,73,17,21,48,Over-speeding,Day (06:00-18:00)
2021,3,Maharashtra,Akola,Akola,Rural,National Highway,66,20,21,45,Over-speeding,Day (06:00-18:00)
2021,4,Maharashtra,Akola,Akola,Rural,National Highway,72,17,24,45,Dangerous Overtaking,Night (18:00-06:00)
2021,5,Maharashtra,Akola,Akola,Rural,National Highway,69,21,21,46,Over-speeding,Day (06:00-18:00)
2021,6,Maharashtra,Akola,Akola,Rural,National Highway,92,24,32,60,Adverse Weather / Monsoon,Night (18:00-06:00)
2021,7,Maharashtra,Akola,Akola,Rural,National Highway,97,22,35,60,Adverse Weather / Monsoon,Day (06:00-18:00)
2021,8,Maharashtra,Akola,Akola,Rural,National Highway,98,28,32,54,Adverse Weather / Monsoon,Day (06:00-18:00)
2021,9,Maharashtra,Akola,Akola,Rural,National Highway,95,26,26,57,Dangerous Overtaking,Night (18:00-06:00)
2021,10,Maharashtra,Akola,Akola,Rural,National Highway,66,17,21,45,Over-speeding,Night (18:00-06:00)
2021,11,Maharashtra,Akola,Akola,Rural,National Highway,68,19,23,40,Over-speeding,Night (18:00-06:00)
2021,12,Maharashtra,Akola,Akola,Rural,National Highway,73,20,22,48,Over-speeding,Day (06:00-18:00)
2021,1,Maharashtra,Dharashiv,Dharashiv (Osmanabad),Rural,National Highway,72,23,24,48,Over-speeding,Day (06:00-18:00)
2021,2,Maharashtra,Dharashiv,Dharashiv (Osmanabad),Rural,National Highway,74,21,26,48,Over-speeding,Night (18:00-06:00)
2021,3,Maharashtra,Dharashiv,Dharashiv (Osmanabad),Rural,National Highway,75,22,22,44,Over-speeding,Day (06:00-18:00)
2021,4,Maharashtra,Dharashiv,Dharashiv (Osmanabad),Rural,National Highway,70,20,23,47,Over-speeding,Day (06:00-18:00)
2021,5,Maharashtra,Dharashiv,Dharashiv (Osmanabad),Rural,National Highway,70,20,25,45,Adverse Weather / Monsoon,Night (18:00-06:00)
2021,6,Maharashtra,Dharashiv,Dharashiv (Osmanabad),Rural,National Highway,100,24,32,64,Over-speeding,Day (06:00-18:00)
2021,7,Maharashtra,Dharashiv,Dharashiv (Osmanabad),Rural,National Highway,101,24,35,66,Adverse Weather / Monsoon,Night (18:00-06:00)
2021,8,Maharashtra,Dharashiv,Dharashiv (Osmanabad),Rural,National Highway,100,26,35,65,Adverse Weather / Monsoon,Day (06:00-18:00)
2021,9,Maharashtra,Dharashiv,Dharashiv (Osmanabad),Rural,National Highway,96,29,34,62,Over-speeding,Day (06:00-18:00)
2021,10,Maharashtra,Dharashiv,Dharashiv (Osmanabad),Rural,National Highway,77,22,26,42,Over-speeding,Night (18:00-06:00)
2021,11,Maharashtra,Dharashiv,Dharashiv (Osmanabad),Rural,National Highway,75,21,21,47,Over-speeding,Day (06:00-18:00)
2021,12,Maharashtra,Dharashiv,Dharashiv (Osmanabad),Rural,National Highway,68,18,24,43,Drunk Driving,Day (06:00-18:00)
2021,1,Maharashtra,Nandurbar,Nandurbar,Rural,State Highway,57,16,19,38,Over-speeding,Night (18:00-06:00)
2021,2,Maharashtra,Nandurbar,Nandurbar,Rural,State Highway,56,14,17,35,Over-speeding,Night (18:00-06:00)
2021,3,Maharashtra,Nandurbar,Nandurbar,Rural,State Highway,56,14,18,34,Dangerous Overtaking,Day (06:00-18:00)
2021,4,Maharashtra,Nandurbar,Nandurbar,Rural,State Highway,55,17,17,38,Over-speeding,Day (06:00-18:00)
2021,5,Maharashtra,Nandurbar,Nandurbar,Rural,State Highway,60,16,18,33,Dangerous Overtaking,Day (06:00-18:00)
2021,6,Maharashtra,Nandurbar,Nandurbar,Rural,State Highway,78,23,27,49,Dangerous Overtaking,Day (06:00-18:00)
2021,7,Maharashtra,Nandurbar,Nandurbar,Rural,State Highway,79,21,28,51,Adverse Weather / Monsoon,Day (06:00-18:00)
2021,8,Maharashtra,Nandurbar,Nandurbar,Rural,State Highway,68,19,21,47,Adverse Weather / Monsoon,Night (18:00-06:00)
2021,9,Maharashtra,Nandurbar,Nandurbar,Rural,State Highway,70,19,25,43,Drunk Driving,Day (06:00-18:00)
2021,10,Maharashtra,Nandurbar,Nandurbar,Rural,State Highway,57,16,17,34,Over-speeding,Day (06:00-18:00)
2021,11,Maharashtra,Nandurbar,Nandurbar,Rural,State Highway,57,14,18,39,Over-speeding,Day (06:00-18:00)
2021,12,Maharashtra,Nandurbar,Nandurbar,Rural,State Highway,57,14,19,38,Road Defect / Pothole,Day (06:00-18:00)
2021,1,Maharashtra,Ratnagiri,Ratnagiri,Rural,National Highway,67,19,19,44,Over-speeding,Day (06:00-18:00)
2021,2,Maharashtra,Ratnagiri,Ratnagiri,Rural,National Highway,70,17,22,47,Dangerous Overtaking,Night (18:00-06:00)
2021,3,Maharashtra,Ratnagiri,Ratnagiri,Rural,National Highway,67,20,25,42,Dangerous Overtaking,Day (06:00-18:00)
2021,4,Maharashtra,Ratnagiri,Ratnagiri,Rural,National Highway,74,20,20,44,Road Defect / Pothole,Day (06:00-18:00)
2021,5,Maharashtra,Ratnagiri,Ratnagiri,Rural,National Highway,74,18,25,48,Road Defect / Pothole,Day (06:00-18:00)
2021,6,Maharashtra,Ratnagiri,Ratnagiri,Rural,National Highway,88,23,30,54,Over-speeding,Day (06:00-18:00)
2021,7,Maharashtra,Ratnagiri,Ratnagiri,Rural,National Highway,89,27,27,62,Adverse Weather / Monsoon,Night (18:00-06:00)
2021,8,Maharashtra,Ratnagiri,Ratnagiri,Rural,National Highway,97,23,25,65,Adverse Weather / Monsoon,Night (18:00-06:00)
2021,9,Maharashtra,Ratnagiri,Ratnagiri,Rural,National Highway,86,23,30,56,Drunk Driving,Day (06:00-18:00)
2021,10,Maharashtra,Ratnagiri,Ratnagiri,Rural,National Highway,75,17,26,49,Road Defect / Pothole,Day (06:00-18:00)
2021,11,Maharashtra,Ratnagiri,Ratnagiri,Rural,National Highway,64,19,21,43,Over-speeding,Night (18:00-06:00)
2021,12,Maharashtra,Ratnagiri,Ratnagiri,Rural,National Highway,70,16,24,46,Adverse Weather / Monsoon,Day (06:00-18:00)
2021,1,Maharashtra,Gondia,Gondia,Rural,State Highway,53,15,18,35,Over-speeding,Day (06:00-18:00)
2021,2,Maharashtra,Gondia,Gondia,Rural,State Highway,56,14,20,36,Over-speeding,Day (06:00-18:00)
2021,3,Maharashtra,Gondia,Gondia,Rural,State Highway,47,15,17,30,Over-speeding,Night (18:00-06:00)
2021,4,Maharashtra,Gondia,Gondia,Rural,State Highway,53,16,18,30,Dangerous Overtaking,Night (18:00-06:00)
2021,5,Maharashtra,Gondia,Gondia,Rural,State Highway,53,13,17,36,Over-speeding,Night (18:00-06:00)
2021,6,Maharashtra,Gondia,Gondia,Rural,State Highway,69,21,24,45,Over-speeding,Day (06:00-18:00)
2021,7,Maharashtra,Gondia,Gondia,Rural,State Highway,71,19,22,41,Adverse Weather / Monsoon,Night (18:00-06:00)
2021,8,Maharashtra,Gondia,Gondia,Rural,State Highway,66,20,22,40,Adverse Weather / Monsoon,Night (18:00-06:00)
2021,9,Maharashtra,Gondia,Gondia,Rural,State Highway,73,20,26,47,Over-speeding,Day (06:00-18:00)
2021,10,Maharashtra,Gondia,Gondia,Rural,State Highway,55,14,20,32,Over-speeding,Day (06:00-18:00)
2021,11,Maharashtra,Gondia,Gondia,Rural,State Highway,49,16,16,31,Dangerous Overtaking,Day (06:00-18:00)
2021,12,Maharashtra,Gondia,Gondia,Rural,State Highway,50,14,15,35,Adverse Weather / Monsoon,Day (06:00-18:00)
2021,1,Maharashtra,Wardha,Wardha,Rural,National Highway,65,20,21,44,Over-speeding,Night (18:00-06:00)
2021,2,Maharashtra,Wardha,Wardha,Rural,National Highway,67,18,18,45,Dangerous Overtaking,Day (06:00-18:00)
2021,3,Maharashtra,Wardha,Wardha,Rural,National Highway,63,18,20,43,Over-speeding,Night (18:00-06:00)
2021,4,Maharashtra,Wardha,Wardha,Rural,National Highway,67,18,19,41,Dangerous Overtaking,Day (06:00-18:00)
2021,5,Maharashtra,Wardha,Wardha,Rural,National Highway,69,18,24,45,Road Defect / Pothole,Day (06:00-18:00)
2021,6,Maharashtra,Wardha,Wardha,Rural,National Highway,82,27,32,50,Over-speeding,Day (06:00-18:00)
2021,7,Maharashtra,Wardha,Wardha,Rural,National Highway,91,24,25,58,Adverse Weather / Monsoon,Day (06:00-18:00)
2021,8,Maharashtra,Wardha,Wardha,Rural,National Highway,88,25,26,57,Over-speeding,Day (06:00-18:00)
2021,9,Maharashtra,Wardha,Wardha,Rural,National Highway,84,26,30,54,Dangerous Overtaking,Night (18:00-06:00)
2021,10,Maharashtra,Wardha,Wardha,Rural,National Highway,67,17,21,40,Over-speeding,Day (06:00-18:00)
2021,11,Maharashtra,Wardha,Wardha,Rural,National Highway,62,19,19,39,Over-speeding,Day (06:00-18:00)
2021,12,Maharashtra,Wardha,Wardha,Rural,National Highway,63,18,22,41,Over-speeding,Day (06:00-18:00)
2021,1,Maharashtra,Bhandara,Bhandara,Rural,National Highway,54,15,20,34,Over-speeding,Day (06:00-18:00)
2021,2,Maharashtra,Bhandara,Bhandara,Rural,National Highway,54,16,19,33,Over-speeding,Night (18:00-06:00)
2021,3,Maharashtra,Bhandara,Bhandara,Rural,National Highway,58,15,16,33,Over-speeding,Day (06:00-18:00)
2021,4,Maharashtra,Bhandara,Bhandara,Rural,National Highway,51,15,19,32,Over-speeding,Night (18:00-06:00)
2021,5,Maharashtra,Bhandara,Bhandara,Rural,National Highway,55,15,19,36,Over-speeding,Day (06:00-18:00)
2021,6,Maharashtra,Bhandara,Bhandara,Rural,National Highway,69,20,22,47,Over-speeding,Day (06:00-18:00)
2021,7,Maharashtra,Bhandara,Bhandara,Rural,National Highway,72,23,25,47,Adverse Weather / Monsoon,Night (18:00-06:00)
2021,8,Maharashtra,Bhandara,Bhandara,Rural,National Highway,75,19,23,44,Adverse Weather / Monsoon,Day (06:00-18:00)
2021,9,Maharashtra,Bhandara,Bhandara,Rural,National Highway,70,22,26,44,Dangerous Overtaking,Day (06:00-18:00)
2021,10,Maharashtra,Bhandara,Bhandara,Rural,National Highway,57,15,20,36,Adverse Weather / Monsoon,Day (06:00-18:00)
2021,11,Maharashtra,Bhandara,Bhandara,Rural,National Highway,54,14,20,34,Adverse Weather / Monsoon,Night (18:00-06:00)
2021,12,Maharashtra,Bhandara,Bhandara,Rural,National Highway,52,15,17,33,Over-speeding,Night (18:00-06:00)
2021,1,Maharashtra,Washim,Washim,Rural,State Highway,52,13,17,35,Over-speeding,Day (06:00-18:00)
2021,2,Maharashtra,Washim,Washim,Rural,State Highway,49,14,17,32,Over-speeding,Day (06:00-18:00)
2021,3,Maharashtra,Washim,Washim,Rural,State Highway,49,12,17,30,Over-speeding,Day (06:00-18:00)
2021,4,Maharashtra,Washim,Washim,Rural,State Highway,50,13,15,30,Road Defect / Pothole,Night (18:00-06:00)
2021,5,Maharashtra,Washim,Washim,Rural,State Highway,48,13,16,32,Over-speeding,Night (18:00-06:00)
2021,6,Maharashtra,Washim,Washim,Rural,State Highway,70,16,25,45,Drunk Driving,Day (06:00-18:00)
2021,7,Maharashtra,Washim,Washim,Rural,State Highway,63,17,20,40,Adverse Weather / Monsoon,Night (18:00-06:00)
2021,8,Maharashtra,Washim,Washim,Rural,State Highway,69,17,25,44,Over-speeding,Night (18:00-06:00)
2021,9,Maharashtra,Washim,Washim,Rural,State Highway,65,19,23,42,Over-speeding,Night (18:00-06:00)
2021,10,Maharashtra,Washim,Washim,Rural,State Highway,47,15,18,29,Over-speeding,Night (18:00-06:00)
2021,11,Maharashtra,Washim,Washim,Rural,State Highway,48,12,16,32,Over-speeding,Day (06:00-18:00)
2021,12,Maharashtra,Washim,Washim,Rural,State Highway,51,14,16,35,Dangerous Overtaking,Night (18:00-06:00)
2021,1,Maharashtra,Hingoli,Hingoli,Rural,State Highway,40,10,15,25,Over-speeding,Day (06:00-18:00)
2021,2,Maharashtra,Hingoli,Hingoli,Rural,State Highway,44,12,13,28,Dangerous Overtaking,Day (06:00-18:00)
2021,3,Maharashtra,Hingoli,Hingoli,Rural,State Highway,43,10,13,30,Over-speeding,Day (06:00-18:00)
2021,4,Maharashtra,Hingoli,Hingoli,Rural,State Highway,44,12,13,26,Over-speeding,Day (06:00-18:00)
2021,5,Maharashtra,Hingoli,Hingoli,Rural,State Highway,40,12,13,27,Adverse Weather / Monsoon,Day (06:00-18:00)
2021,6,Maharashtra,Hingoli,Hingoli,Rural,State Highway,54,17,19,32,Dangerous Overtaking,Night (18:00-06:00)
2021,7,Maharashtra,Hingoli,Hingoli,Rural,State Highway,57,13,20,37,Adverse Weather / Monsoon,Day (06:00-18:00)
2021,8,Maharashtra,Hingoli,Hingoli,Rural,State Highway,53,15,21,32,Adverse Weather / Monsoon,Day (06:00-18:00)
2021,9,Maharashtra,Hingoli,Hingoli,Rural,State Highway,52,16,16,36,Over-speeding,Night (18:00-06:00)
2021,10,Maharashtra,Hingoli,Hingoli,Rural,State Highway,44,10,14,28,Over-speeding,Day (06:00-18:00)
2021,11,Maharashtra,Hingoli,Hingoli,Rural,State Highway,42,13,13,25,Dangerous Overtaking,Day (06:00-18:00)
2021,12,Maharashtra,Hingoli,Hingoli,Rural,State Highway,44,10,12,26,Over-speeding,Day (06:00-18:00)
2021,1,Maharashtra,Gadchiroli,Gadchiroli,Rural,State Highway,39,9,13,24,Drunk Driving,Night (18:00-06:00)
2021,2,Maharashtra,Gadchiroli,Gadchiroli,Rural,State Highway,40,10,14,23,Over-speeding,Night (18:00-06:00)
2021,3,Maharashtra,Gadchiroli,Gadchiroli,Rural,State Highway,42,9,13,23,Over-speeding,Day (06:00-18:00)
2021,4,Maharashtra,Gadchiroli,Gadchiroli,Rural,State Highway,42,10,15,27,Drunk Driving,Night (18:00-06:00)
2021,5,Maharashtra,Gadchiroli,Gadchiroli,Rural,State Highway,39,11,14,25,Dangerous Overtaking,Night (18:00-06:00)
2021,6,Maharashtra,Gadchiroli,Gadchiroli,Rural,State Highway,52,16,19,31,Over-speeding,Day (06:00-18:00)
2021,7,Maharashtra,Gadchiroli,Gadchiroli,Rural,State Highway,52,14,19,33,Over-speeding,Night (18:00-06:00)
2021,8,Maharashtra,Gadchiroli,Gadchiroli,Rural,State Highway,53,15,15,33,Over-speeding,Night (18:00-06:00)
2021,9,Maharashtra,Gadchiroli,Gadchiroli,Rural,State Highway,50,13,16,34,Dangerous Overtaking,Night (18:00-06:00)
2021,10,Maharashtra,Gadchiroli,Gadchiroli,Rural,State Highway,39,11,15,24,Over-speeding,Day (06:00-18:00)
2021,11,Maharashtra,Gadchiroli,Gadchiroli,Rural,State Highway,42,10,15,27,Drunk Driving,Night (18:00-06:00)
2021,12,Maharashtra,Gadchiroli,Gadchiroli,Rural,State Highway,39,10,13,26,Over-speeding,Day (06:00-18:00)
2021,1,Maharashtra,Sindhudurg,Sindhudurg,Rural,National Highway,46,13,14,32,Dangerous Overtaking,Night (18:00-06:00)
2021,2,Maharashtra,Sindhudurg,Sindhudurg,Rural,National Highway,43,12,15,27,Dangerous Overtaking,Night (18:00-06:00)
2021,3,Maharashtra,Sindhudurg,Sindhudurg,Rural,National Highway,46,13,16,27,Over-speeding,Night (18:00-06:00)
2021,4,Maharashtra,Sindhudurg,Sindhudurg,Rural,National Highway,43,12,13,30,Over-speeding,Night (18:00-06:00)
2021,5,Maharashtra,Sindhudurg,Sindhudurg,Rural,National Highway,46,13,15,31,Dangerous Overtaking,Day (06:00-18:00)
2021,6,Maharashtra,Sindhudurg,Sindhudurg,Rural,National Highway,64,16,21,43,Drunk Driving,Night (18:00-06:00)
2021,7,Maharashtra,Sindhudurg,Sindhudurg,Rural,National Highway,57,16,18,39,Adverse Weather / Monsoon,Day (06:00-18:00)
2021,8,Maharashtra,Sindhudurg,Sindhudurg,Rural,National Highway,65,18,18,43,Adverse Weather / Monsoon,Day (06:00-18:00)
2021,9,Maharashtra,Sindhudurg,Sindhudurg,Rural,National Highway,61,15,19,40,Over-speeding,Day (06:00-18:00)
2021,10,Maharashtra,Sindhudurg,Sindhudurg,Rural,National Highway,43,11,15,27,Over-speeding,Day (06:00-18:00)
2021,11,Maharashtra,Sindhudurg,Sindhudurg,Rural,National Highway,48,11,17,31,Over-speeding,Night (18:00-06:00)
2021,12,Maharashtra,Sindhudurg,Sindhudurg,Rural,National Highway,45,12,14,29,Dangerous Overtaking,Day (06:00-18:00)
2021,1,Maharashtra,Palghar,Palghar,Rural,National Highway,115,29,33,73,Over-speeding,Night (18:00-06:00)
2021,2,Maharashtra,Palghar,Palghar,Rural,National Highway,111,26,36,75,Dangerous Overtaking,Day (06:00-18:00)
2021,3,Maharashtra,Palghar,Palghar,Rural,National Highway,99,32,32,67,Over-speeding,Day (06:00-18:00)
2021,4,Maharashtra,Palghar,Palghar,Rural,National Highway,105,34,35,70,Drunk Driving,Day (06:00-18:00)
2021,5,Maharashtra,Palghar,Palghar,Rural,National Highway,108,31,32,76,Adverse Weather / Monsoon,Day (06:00-18:00)
2021,6,Maharashtra,Palghar,Palghar,Rural,National Highway,139,41,41,98,Drunk Driving,Day (06:00-18:00)
2021,7,Maharashtra,Palghar,Palghar,Rural,National Highway,137,36,45,92,Over-speeding,Night (18:00-06:00)
2021,8,Maharashtra,Palghar,Palghar,Rural,National Highway,144,39,44,90,Adverse Weather / Monsoon,Night (18:00-06:00)
2021,9,Maharashtra,Palghar,Palghar,Rural,National Highway,143,37,41,91,Over-speeding,Night (18:00-06:00)
2021,10,Maharashtra,Palghar,Palghar,Rural,National Highway,108,29,31,77,Over-speeding,Night (18:00-06:00)
2021,11,Maharashtra,Palghar,Palghar,Rural,National Highway,103,30,30,73,Over-speeding,Night (18:00-06:00)
2021,12,Maharashtra,Palghar,Palghar,Rural,National Highway,100,30,30,68,Dangerous Overtaking,Night (18:00-06:00)
2022,1,Maharashtra,Pune,Pune Rural,Rural,National Highway,271,65,89,182,Over-speeding,Night (18:00-06:00)
2022,2,Maharashtra,Pune,Pune Rural,Rural,National Highway,280,83,89,191,Over-speeding,Day (06:00-18:00)
2022,3,Maharashtra,Pune,Pune Rural,Rural,National Highway,291,75,83,208,Adverse Weather / Monsoon,Night (18:00-06:00)
2022,4,Maharashtra,Pune,Pune Rural,Rural,National Highway,294,76,82,205,Over-speeding,Night (18:00-06:00)
2022,5,Maharashtra,Pune,Pune Rural,Rural,National Highway,293,77,86,207,Over-speeding,Night (18:00-06:00)
2022,6,Maharashtra,Pune,Pune Rural,Rural,National Highway,361,102,102,253,Dangerous Overtaking,Day (06:00-18:00)
2022,7,Maharashtra,Pune,Pune Rural,Rural,National Highway,358,93,113,235,Adverse Weather / Monsoon,Night (18:00-06:00)
2022,8,Maharashtra,Pune,Pune Rural,Rural,National Highway,353,93,105,245,Adverse Weather / Monsoon,Day (06:00-18:00)
2022,9,Maharashtra,Pune,Pune Rural,Rural,National Highway,340,86,109,231,Adverse Weather / Monsoon,Night (18:00-06:00)
2022,10,Maharashtra,Pune,Pune Rural,Rural,National Highway,282,81,81,195,Drunk Driving,Day (06:00-18:00)
2022,11,Maharashtra,Pune,Pune Rural,Rural,National Highway,298,81,91,178,Over-speeding,Day (06:00-18:00)
2022,12,Maharashtra,Pune,Pune Rural,Rural,National Highway,266,63,92,174,Over-speeding,Day (06:00-18:00)
2022,1,Maharashtra,Pune,Pune City,City,Urban / City Road,97,23,29,68,Over-speeding,Day (06:00-18:00)
2022,2,Maharashtra,Pune,Pune City,City,Urban / City Road,107,24,28,79,Dangerous Overtaking,Day (06:00-18:00)
2022,3,Maharashtra,Pune,Pune City,City,Urban / City Road,111,26,29,68,Adverse Weather / Monsoon,Night (18:00-06:00)
2022,4,Maharashtra,Pune,Pune City,City,Urban / City Road,109,24,24,82,Dangerous Overtaking,Day (06:00-18:00)
2022,5,Maharashtra,Pune,Pune City,City,Urban / City Road,111,24,26,75,Adverse Weather / Monsoon,Day (06:00-18:00)
2022,6,Maharashtra,Pune,Pune City,City,Urban / City Road,138,33,37,101,Adverse Weather / Monsoon,Night (18:00-06:00)
2022,7,Maharashtra,Pune,Pune City,City,Urban / City Road,130,26,34,96,Adverse Weather / Monsoon,Night (18:00-06:00)
2022,8,Maharashtra,Pune,Pune City,City,Urban / City Road,131,31,31,100,Adverse Weather / Monsoon,Night (18:00-06:00)
2022,9,Maharashtra,Pune,Pune City,City,Urban / City Road,144,29,40,104,Over-speeding,Day (06:00-18:00)
2022,10,Maharashtra,Pune,Pune City,City,Urban / City Road,111,25,27,73,Over-speeding,Day (06:00-18:00)
2022,11,Maharashtra,Pune,Pune City,City,Urban / City Road,106,22,28,78,Dangerous Overtaking,Night (18:00-06:00)
2022,12,Maharashtra,Pune,Pune City,City,Urban / City Road,104,23,30,74,Over-speeding,Day (06:00-18:00)
2022,1,Maharashtra,Nashik,Nashik Rural,Rural,National Highway,217,59,76,141,Drunk Driving,Day (06:00-18:00)
2022,2,Maharashtra,Nashik,Nashik Rural,Rural,National Highway,208,66,66,136,Over-speeding,Day (06:00-18:00)
2022,3,Maharashtra,Nashik,Nashik Rural,Rural,National Highway,228,70,76,133,Over-speeding,Day (06:00-18:00)
2022,4,Maharashtra,Nashik,Nashik Rural,Rural,National Highway,215,60,68,147,Dangerous Overtaking,Day (06:00-18:00)
2022,5,Maharashtra,Nashik,Nashik Rural,Rural,National Highway,229,60,69,148,Over-speeding,Day (06:00-18:00)
2022,6,Maharashtra,Nashik,Nashik Rural,Rural,National Highway,286,90,109,177,Drunk Driving,Night (18:00-06:00)
2022,7,Maharashtra,Nashik,Nashik Rural,Rural,National Highway,295,82,105,182,Adverse Weather / Monsoon,Day (06:00-18:00)
2022,8,Maharashtra,Nashik,Nashik Rural,Rural,National Highway,316,95,109,207,Adverse Weather / Monsoon,Day (06:00-18:00)
2022,9,Maharashtra,Nashik,Nashik Rural,Rural,National Highway,289,93,96,193,Dangerous Overtaking,Day (06:00-18:00)
2022,10,Maharashtra,Nashik,Nashik Rural,Rural,National Highway,220,58,78,142,Over-speeding,Day (06:00-18:00)
2022,11,Maharashtra,Nashik,Nashik Rural,Rural,National Highway,228,65,70,135,Drunk Driving,Day (06:00-18:00)
2022,12,Maharashtra,Nashik,Nashik Rural,Rural,National Highway,236,59,78,158,Dangerous Overtaking,Day (06:00-18:00)
2022,1,Maharashtra,Nashik,Nashik City,City,Urban / City Road,59,16,20,39,Over-speeding,Night (18:00-06:00)
2022,2,Maharashtra,Nashik,Nashik City,City,Urban / City Road,62,15,19,43,Over-speeding,Day (06:00-18:00)
2022,3,Maharashtra,Nashik,Nashik City,City,Urban / City Road,61,14,20,41,Dangerous Overtaking,Day (06:00-18:00)
2022,4,Maharashtra,Nashik,Nashik City,City,Urban / City Road,64,13,19,45,Drunk Driving,Night (18:00-06:00)
2022,5,Maharashtra,Nashik,Nashik City,City,Urban / City Road,60,13,19,40,Adverse Weather / Monsoon,Day (06:00-18:00)
2022,6,Maharashtra,Nashik,Nashik City,City,Urban / City Road,76,22,25,51,Adverse Weather / Monsoon,Night (18:00-06:00)
2022,7,Maharashtra,Nashik,Nashik City,City,Urban / City Road,77,19,25,51,Adverse Weather / Monsoon,Day (06:00-18:00)
2022,8,Maharashtra,Nashik,Nashik City,City,Urban / City Road,82,20,25,57,Over-speeding,Night (18:00-06:00)
2022,9,Maharashtra,Nashik,Nashik City,City,Urban / City Road,74,21,21,53,Adverse Weather / Monsoon,Day (06:00-18:00)
2022,10,Maharashtra,Nashik,Nashik City,City,Urban / City Road,56,15,16,40,Over-speeding,Night (18:00-06:00)
2022,11,Maharashtra,Nashik,Nashik City,City,Urban / City Road,63,15,16,42,Adverse Weather / Monsoon,Night (18:00-06:00)
2022,12,Maharashtra,Nashik,Nashik City,City,Urban / City Road,56,14,19,37,Over-speeding,Day (06:00-18:00)
2022,1,Maharashtra,Solapur,Solapur Rural,Rural,National Highway,168,48,48,108,Dangerous Overtaking,Day (06:00-18:00)
2022,2,Maharashtra,Solapur,Solapur Rural,Rural,National Highway,168,45,55,113,Over-speeding,Day (06:00-18:00)
2022,3,Maharashtra,Solapur,Solapur Rural,Rural,National Highway,163,53,59,104,Over-speeding,Day (06:00-18:00)
2022,4,Maharashtra,Solapur,Solapur Rural,Rural,National Highway,172,49,52,113,Adverse Weather / Monsoon,Day (06:00-18:00)
2022,5,Maharashtra,Solapur,Solapur Rural,Rural,National Highway,174,55,55,119,Over-speeding,Night (18:00-06:00)
2022,6,Maharashtra,Solapur,Solapur Rural,Rural,National Highway,220,71,81,139,Dangerous Overtaking,Day (06:00-18:00)
2022,7,Maharashtra,Solapur,Solapur Rural,Rural,National Highway,213,69,69,140,Adverse Weather / Monsoon,Day (06:00-18:00)
2022,8,Maharashtra,Solapur,Solapur Rural,Rural,National Highway,215,62,68,147,Adverse Weather / Monsoon,Night (18:00-06:00)
2022,9,Maharashtra,Solapur,Solapur Rural,Rural,National Highway,222,64,70,152,Over-speeding,Day (06:00-18:00)
2022,10,Maharashtra,Solapur,Solapur Rural,Rural,National Highway,181,47,52,121,Dangerous Overtaking,Day (06:00-18:00)
2022,11,Maharashtra,Solapur,Solapur Rural,Rural,National Highway,175,48,48,112,Drunk Driving,Night (18:00-06:00)
2022,12,Maharashtra,Solapur,Solapur Rural,Rural,National Highway,183,49,63,109,Over-speeding,Night (18:00-06:00)
2022,1,Maharashtra,Solapur,Solapur City,City,Urban / City Road,34,8,8,24,Road Defect / Pothole,Night (18:00-06:00)
2022,2,Maharashtra,Solapur,Solapur City,City,Urban / City Road,30,7,8,22,Dangerous Overtaking,Night (18:00-06:00)
2022,3,Maharashtra,Solapur,Solapur City,City,Urban / City Road,34,6,9,22,Over-speeding,Day (06:00-18:00)
2022,4,Maharashtra,Solapur,Solapur City,City,Urban / City Road,32,7,8,21,Dangerous Overtaking,Day (06:00-18:00)
2022,5,Maharashtra,Solapur,Solapur City,City,Urban / City Road,32,9,9,22,Over-speeding,Night (18:00-06:00)
2022,6,Maharashtra,Solapur,Solapur City,City,Urban / City Road,43,10,13,30,Over-speeding,Night (18:00-06:00)
2022,7,Maharashtra,Solapur,Solapur City,City,Urban / City Road,40,10,10,30,Adverse Weather / Monsoon,Night (18:00-06:00)
2022,8,Maharashtra,Solapur,Solapur City,City,Urban / City Road,41,11,11,30,Over-speeding,Night (18:00-06:00)
2022,9,Maharashtra,Solapur,Solapur City,City,Urban / City Road,45,9,12,30,Adverse Weather / Monsoon,Day (06:00-18:00)
2022,10,Maharashtra,Solapur,Solapur City,City,Urban / City Road,35,7,10,25,Over-speeding,Night (18:00-06:00)
2022,11,Maharashtra,Solapur,Solapur City,City,Urban / City Road,33,8,9,24,Over-speeding,Night (18:00-06:00)
2022,12,Maharashtra,Solapur,Solapur City,City,Urban / City Road,31,7,8,23,Over-speeding,Day (06:00-18:00)
2022,1,Maharashtra,Ahmednagar,Ahmednagar,Rural,State Highway,210,61,61,149,Over-speeding,Night (18:00-06:00)
2022,2,Maharashtra,Ahmednagar,Ahmednagar,Rural,State Highway,218,64,73,145,Over-speeding,Day (06:00-18:00)
2022,3,Maharashtra,Ahmednagar,Ahmednagar,Rural,State Highway,215,68,72,125,Dangerous Overtaking,Day (06:00-18:00)
2022,4,Maharashtra,Ahmednagar,Ahmednagar,Rural,State Highway,214,64,67,147,Over-speeding,Night (18:00-06:00)
2022,5,Maharashtra,Ahmednagar,Ahmednagar,Rural,State Highway,203,54,62,124,Over-speeding,Day (06:00-18:00)
2022,6,Maharashtra,Ahmednagar,Ahmednagar,Rural,State Highway,284,70,99,169,Over-speeding,Day (06:00-18:00)
2022,7,Maharashtra,Ahmednagar,Ahmednagar,Rural,State Highway,273,83,83,190,Adverse Weather / Monsoon,Day (06:00-18:00)
2022,8,Maharashtra,Ahmednagar,Ahmednagar,Rural,State Highway,288,72,93,188,Over-speeding,Day (06:00-18:00)
2022,9,Maharashtra,Ahmednagar,Ahmednagar,Rural,State Highway,272,75,88,176,Over-speeding,Night (18:00-06:00)
2022,10,Maharashtra,Ahmednagar,Ahmednagar,Rural,State Highway,205,61,61,144,Drunk Driving,Day (06:00-18:00)
2022,11,Maharashtra,Ahmednagar,Ahmednagar,Rural,State Highway,204,65,75,129,Adverse Weather / Monsoon,Day (06:00-18:00)
2022,12,Maharashtra,Ahmednagar,Ahmednagar,Rural,State Highway,227,65,78,148,Dangerous Overtaking,Day (06:00-18:00)
2022,1,Maharashtra,Thane,Thane Rural,Rural,National Highway,135,39,40,95,Over-speeding,Day (06:00-18:00)
2022,2,Maharashtra,Thane,Thane Rural,Rural,National Highway,140,35,51,89,Over-speeding,Night (18:00-06:00)
2022,3,Maharashtra,Thane,Thane Rural,Rural,National Highway,134,38,48,86,Adverse Weather / Monsoon,Day (06:00-18:00)
2022,4,Maharashtra,Thane,Thane Rural,Rural,National Highway,135,39,39,91,Over-speeding,Day (06:00-18:00)
2022,5,Maharashtra,Thane,Thane Rural,Rural,National Highway,140,44,48,92,Dangerous Overtaking,Day (06:00-18:00)
2022,6,Maharashtra,Thane,Thane Rural,Rural,National Highway,173,49,54,113,Over-speeding,Day (06:00-18:00)
2022,7,Maharashtra,Thane,Thane Rural,Rural,National Highway,196,55,55,127,Dangerous Overtaking,Day (06:00-18:00)
2022,8,Maharashtra,Thane,Thane Rural,Rural,National Highway,166,57,57,109,Adverse Weather / Monsoon,Night (18:00-06:00)
2022,9,Maharashtra,Thane,Thane Rural,Rural,National Highway,179,51,64,112,Over-speeding,Day (06:00-18:00)
2022,10,Maharashtra,Thane,Thane Rural,Rural,National Highway,149,40,40,88,Over-speeding,Day (06:00-18:00)
2022,11,Maharashtra,Thane,Thane Rural,Rural,National Highway,140,41,50,90,Over-speeding,Day (06:00-18:00)
2022,12,Maharashtra,Thane,Thane Rural,Rural,National Highway,141,46,51,90,Over-speeding,Night (18:00-06:00)
2022,1,Maharashtra,Thane,Thane City,City,Urban / City Road,105,23,31,74,Over-speeding,Night (18:00-06:00)
2022,2,Maharashtra,Thane,Thane City,City,Urban / City Road,106,26,28,75,Over-speeding,Day (06:00-18:00)
2022,3,Maharashtra,Thane,Thane City,City,Urban / City Road,101,23,30,71,Over-speeding,Night (18:00-06:00)
2022,4,Maharashtra,Thane,Thane City,City,Urban / City Road,98,24,28,70,Over-speeding,Day (06:00-18:00)
2022,5,Maharashtra,Thane,Thane City,City,Urban / City Road,102,27,32,70,Dangerous Overtaking,Night (18:00-06:00)
2022,6,Maharashtra,Thane,Thane City,City,Urban / City Road,132,35,45,87,Over-speeding,Day (06:00-18:00)
2022,7,Maharashtra,Thane,Thane City,City,Urban / City Road,141,32,43,98,Adverse Weather / Monsoon,Night (18:00-06:00)
2022,8,Maharashtra,Thane,Thane City,City,Urban / City Road,121,34,37,84,Adverse Weather / Monsoon,Night (18:00-06:00)
2022,9,Maharashtra,Thane,Thane City,City,Urban / City Road,131,35,42,89,Over-speeding,Night (18:00-06:00)
2022,10,Maharashtra,Thane,Thane City,City,Urban / City Road,101,24,27,74,Over-speeding,Day (06:00-18:00)
2022,11,Maharashtra,Thane,Thane City,City,Urban / City Road,107,22,35,72,Adverse Weather / Monsoon,Day (06:00-18:00)
2022,12,Maharashtra,Thane,Thane City,City,Urban / City Road,110,27,34,66,Dangerous Overtaking,Night (18:00-06:00)
2022,1,Maharashtra,Mumbai,Mumbai Suburban,City,Urban / Expressway,284,30,30,218,Over-speeding,Day (06:00-18:00)
2022,2,Maharashtra,Mumbai,Mumbai Suburban,City,Urban / Expressway,281,30,33,248,Over-speeding,Night (18:00-06:00)
2022,3,Maharashtra,Mumbai,Mumbai Suburban,City,Urban / Expressway,277,31,32,245,Over-speeding,Night (18:00-06:00)
2022,4,Maharashtra,Mumbai,Mumbai Suburban,City,Urban / Expressway,238,29,30,204,Over-speeding,Day (06:00-18:00)
2022,5,Maharashtra,Mumbai,Mumbai Suburban,City,Urban / Expressway,260,29,31,229,Adverse Weather / Monsoon,Night (18:00-06:00)
2022,6,Maharashtra,Mumbai,Mumbai Suburban,City,Urban / Expressway,335,42,49,279,Over-speeding,Night (18:00-06:00)
2022,7,Maharashtra,Mumbai,Mumbai Suburban,City,Urban / Expressway,352,41,48,304,Adverse Weather / Monsoon,Day (06:00-18:00)
2022,8,Maharashtra,Mumbai,Mumbai Suburban,City,Urban / Expressway,364,40,40,324,Adverse Weather / Monsoon,Day (06:00-18:00)
2022,9,Maharashtra,Mumbai,Mumbai Suburban,City,Urban / Expressway,354,40,42,312,Dangerous Overtaking,Day (06:00-18:00)
2022,10,Maharashtra,Mumbai,Mumbai Suburban,City,Urban / Expressway,263,29,36,227,Drunk Driving,Night (18:00-06:00)
2022,11,Maharashtra,Mumbai,Mumbai Suburban,City,Urban / Expressway,285,26,37,248,Over-speeding,Day (06:00-18:00)
2022,12,Maharashtra,Mumbai,Mumbai Suburban,City,Urban / Expressway,279,31,31,240,Adverse Weather / Monsoon,Night (18:00-06:00)
2022,1,Maharashtra,Mumbai,Mumbai City,City,Urban / City Road,173,18,24,149,Drunk Driving,Day (06:00-18:00)
2022,2,Maharashtra,Mumbai,Mumbai City,City,Urban / City Road,189,21,23,166,Over-speeding,Day (06:00-18:00)
2022,3,Maharashtra,Mumbai,Mumbai City,City,Urban / City Road,188,17,23,154,Over-speeding,Day (06:00-18:00)
2022,4,Maharashtra,Mumbai,Mumbai City,City,Urban / City Road,187,22,23,161,Dangerous Overtaking,Day (06:00-18:00)
2022,5,Maharashtra,Mumbai,Mumbai City,City,Urban / City Road,172,21,21,142,Over-speeding,Day (06:00-18:00)
2022,6,Maharashtra,Mumbai,Mumbai City,City,Urban / City Road,219,27,28,184,Over-speeding,Day (06:00-18:00)
2022,7,Maharashtra,Mumbai,Mumbai City,City,Urban / City Road,240,25,31,203,Adverse Weather / Monsoon,Day (06:00-18:00)
2022,8,Maharashtra,Mumbai,Mumbai City,City,Urban / City Road,238,28,34,187,Adverse Weather / Monsoon,Day (06:00-18:00)
2022,9,Maharashtra,Mumbai,Mumbai City,City,Urban / City Road,245,28,32,184,Dangerous Overtaking,Night (18:00-06:00)
2022,10,Maharashtra,Mumbai,Mumbai City,City,Urban / City Road,187,17,20,148,Over-speeding,Day (06:00-18:00)
2022,11,Maharashtra,Mumbai,Mumbai City,City,Urban / City Road,190,22,22,137,Over-speeding,Day (06:00-18:00)
2022,12,Maharashtra,Mumbai,Mumbai City,City,Urban / City Road,181,17,26,155,Over-speeding,Night (18:00-06:00)
2022,1,Maharashtra,Nagpur,Nagpur Rural,Rural,National Highway,135,35,43,92,Over-speeding,Night (18:00-06:00)
2022,2,Maharashtra,Nagpur,Nagpur Rural,Rural,National Highway,143,41,48,86,Over-speeding,Night (18:00-06:00)
2022,3,Maharashtra,Nagpur,Nagpur Rural,Rural,National Highway,150,44,52,86,Over-speeding,Day (06:00-18:00)
2022,4,Maharashtra,Nagpur,Nagpur Rural,Rural,National Highway,138,40,41,97,Adverse Weather / Monsoon,Night (18:00-06:00)
2022,5,Maharashtra,Nagpur,Nagpur Rural,Rural,National Highway,152,34,40,96,Over-speeding,Day (06:00-18:00)
2022,6,Maharashtra,Nagpur,Nagpur Rural,Rural,National Highway,178,53,57,121,Over-speeding,Night (18:00-06:00)
2022,7,Maharashtra,Nagpur,Nagpur Rural,Rural,National Highway,180,48,57,119,Adverse Weather / Monsoon,Night (18:00-06:00)
2022,8,Maharashtra,Nagpur,Nagpur Rural,Rural,National Highway,186,54,63,123,Adverse Weather / Monsoon,Day (06:00-18:00)
2022,9,Maharashtra,Nagpur,Nagpur Rural,Rural,National Highway,192,54,54,114,Over-speeding,Night (18:00-06:00)
2022,10,Maharashtra,Nagpur,Nagpur Rural,Rural,National Highway,153,40,41,88,Over-speeding,Night (18:00-06:00)
2022,11,Maharashtra,Nagpur,Nagpur Rural,Rural,National Highway,153,39,49,95,Over-speeding,Night (18:00-06:00)
2022,12,Maharashtra,Nagpur,Nagpur Rural,Rural,National Highway,151,38,48,90,Over-speeding,Night (18:00-06:00)
2022,1,Maharashtra,Nagpur,Nagpur City,City,Urban / City Road,98,19,21,77,Over-speeding,Night (18:00-06:00)
2022,2,Maharashtra,Nagpur,Nagpur City,City,Urban / City Road,103,18,25,69,Over-speeding,Day (06:00-18:00)
2022,3,Maharashtra,Nagpur,Nagpur City,City,Urban / City Road,101,19,23,78,Over-speeding,Night (18:00-06:00)
2022,4,Maharashtra,Nagpur,Nagpur City,City,Urban / City Road,100,21,24,76,Adverse Weather / Monsoon,Day (06:00-18:00)
2022,5,Maharashtra,Nagpur,Nagpur City,City,Urban / City Road,95,16,19,69,Over-speeding,Day (06:00-18:00)
2022,6,Maharashtra,Nagpur,Nagpur City,City,Urban / City Road,117,25,25,86,Dangerous Overtaking,Day (06:00-18:00)
2022,7,Maharashtra,Nagpur,Nagpur City,City,Urban / City Road,135,26,33,99,Adverse Weather / Monsoon,Night (18:00-06:00)
2022,8,Maharashtra,Nagpur,Nagpur City,City,Urban / City Road,135,24,31,103,Adverse Weather / Monsoon,Day (06:00-18:00)
2022,9,Maharashtra,Nagpur,Nagpur City,City,Urban / City Road,136,23,26,97,Drunk Driving,Night (18:00-06:00)
2022,10,Maharashtra,Nagpur,Nagpur City,City,Urban / City Road,99,19,19,80,Drunk Driving,Day (06:00-18:00)
2022,11,Maharashtra,Nagpur,Nagpur City,City,Urban / City Road,103,19,22,73,Over-speeding,Night (18:00-06:00)
2022,12,Maharashtra,Nagpur,Nagpur City,City,Urban / City Road,96,18,21,66,Dangerous Overtaking,Day (06:00-18:00)
2022,1,Maharashtra,Kolhapur,Kolhapur,Rural,National Highway,162,46,53,109,Over-speeding,Night (18:00-06:00)
2022,2,Maharashtra,Kolhapur,Kolhapur,Rural,National Highway,168,45,55,100,Road Defect / Pothole,Day (06:00-18:00)
2022,3,Maharashtra,Kolhapur,Kolhapur,Rural,National Highway,164,38,50,114,Dangerous Overtaking,Day (06:00-18:00)
2022,4,Maharashtra,Kolhapur,Kolhapur,Rural,National Highway,159,37,51,106,Dangerous Overtaking,Day (06:00-18:00)
2022,5,Maharashtra,Kolhapur,Kolhapur,Rural,National Highway,162,40,47,97,Over-speeding,Night (18:00-06:00)
2022,6,Maharashtra,Kolhapur,Kolhapur,Rural,National Highway,216,59,64,142,Over-speeding,Day (06:00-18:00)
2022,7,Maharashtra,Kolhapur,Kolhapur,Rural,National Highway,222,66,69,132,Dangerous Overtaking,Day (06:00-18:00)
2022,8,Maharashtra,Kolhapur,Kolhapur,Rural,National Highway,204,52,63,130,Adverse Weather / Monsoon,Day (06:00-18:00)
2022,9,Maharashtra,Kolhapur,Kolhapur,Rural,National Highway,200,50,60,140,Over-speeding,Night (18:00-06:00)
2022,10,Maharashtra,Kolhapur,Kolhapur,Rural,National Highway,155,47,47,108,Over-speeding,Night (18:00-06:00)
2022,11,Maharashtra,Kolhapur,Kolhapur,Rural,National Highway,163,45,56,107,Road Defect / Pothole,Day (06:00-18:00)
2022,12,Maharashtra,Kolhapur,Kolhapur,Rural,National Highway,158,38,50,94,Over-speeding,Night (18:00-06:00)
2022,1,Maharashtra,Satara,Satara,Rural,National Highway,150,36,49,99,Adverse Weather / Monsoon,Day (06:00-18:00)
2022,2,Maharashtra,Satara,Satara,Rural,National Highway,152,46,52,100,Adverse Weather / Monsoon,Day (06:00-18:00)
2022,3,Maharashtra,Satara,Satara,Rural,National Highway,160,39,45,91,Drunk Driving,Day (06:00-18:00)
2022,4,Maharashtra,Satara,Satara,Rural,National Highway,150,44,44,106,Dangerous Overtaking,Night (18:00-06:00)
2022,5,Maharashtra,Satara,Satara,Rural,National Highway,147,47,47,92,Over-speeding,Day (06:00-18:00)
2022,6,Maharashtra,Satara,Satara,Rural,National Highway,195,56,63,122,Over-speeding,Day (06:00-18:00)
2022,7,Maharashtra,Satara,Satara,Rural,National Highway,184,55,55,129,Adverse Weather / Monsoon,Night (18:00-06:00)
2022,8,Maharashtra,Satara,Satara,Rural,National Highway,196,53,61,135,Adverse Weather / Monsoon,Night (18:00-06:00)
2022,9,Maharashtra,Satara,Satara,Rural,National Highway,183,57,57,126,Over-speeding,Night (18:00-06:00)
2022,10,Maharashtra,Satara,Satara,Rural,National Highway,160,45,55,105,Over-speeding,Day (06:00-18:00)
2022,11,Maharashtra,Satara,Satara,Rural,National Highway,149,40,44,96,Over-speeding,Day (06:00-18:00)
2022,12,Maharashtra,Satara,Satara,Rural,National Highway,157,36,43,102,Road Defect / Pothole,Day (06:00-18:00)
2022,1,Maharashtra,Jalgaon,Jalgaon,Rural,State Highway,133,41,43,90,Dangerous Overtaking,Day (06:00-18:00)
2022,2,Maharashtra,Jalgaon,Jalgaon,Rural,State Highway,129,37,37,89,Road Defect / Pothole,Day (06:00-18:00)
2022,3,Maharashtra,Jalgaon,Jalgaon,Rural,State Highway,133,39,43,90,Over-speeding,Day (06:00-18:00)
2022,4,Maharashtra,Jalgaon,Jalgaon,Rural,State Highway,128,40,40,85,Drunk Driving,Night (18:00-06:00)
2022,5,Maharashtra,Jalgaon,Jalgaon,Rural,State Highway,134,40,40,82,Over-speeding,Day (06:00-18:00)
2022,6,Maharashtra,Jalgaon,Jalgaon,Rural,State Highway,175,45,52,123,Over-speeding,Night (18:00-06:00)
2022,7,Maharashtra,Jalgaon,Jalgaon,Rural,State Highway,184,47,47,107,Adverse Weather / Monsoon,Night (18:00-06:00)
2022,8,Maharashtra,Jalgaon,Jalgaon,Rural,State Highway,178,48,57,121,Adverse Weather / Monsoon,Night (18:00-06:00)
2022,9,Maharashtra,Jalgaon,Jalgaon,Rural,State Highway,173,53,63,102,Over-speeding,Day (06:00-18:00)
2022,10,Maharashtra,Jalgaon,Jalgaon,Rural,State Highway,125,35,41,84,Road Defect / Pothole,Day (06:00-18:00)
2022,11,Maharashtra,Jalgaon,Jalgaon,Rural,State Highway,138,38,42,91,Over-speeding,Day (06:00-18:00)
2022,12,Maharashtra,Jalgaon,Jalgaon,Rural,State Highway,131,40,40,91,Over-speeding,Day (06:00-18:00)
2022,1,Maharashtra,Sangli,Sangli,Rural,State Highway,115,34,34,72,Over-speeding,Day (06:00-18:00)
2022,2,Maharashtra,Sangli,Sangli,Rural,State Highway,126,33,41,85,Adverse Weather / Monsoon,Day (06:00-18:00)
2022,3,Maharashtra,Sangli,Sangli,Rural,State Highway,126,37,43,83,Over-speeding,Night (18:00-06:00)
2022,4,Maharashtra,Sangli,Sangli,Rural,State Highway,114,37,41,73,Adverse Weather / Monsoon,Day (06:00-18:00)
2022,5,Maharashtra,Sangli,Sangli,Rural,State Highway,127,36,36,71,Dangerous Overtaking,Day (06:00-18:00)
2022,6,Maharashtra,Sangli,Sangli,Rural,State Highway,152,46,47,96,Dangerous Overtaking,Day (06:00-18:00)
2022,7,Maharashtra,Sangli,Sangli,Rural,State Highway,167,40,44,97,Over-speeding,Day (06:00-18:00)
2022,8,Maharashtra,Sangli,Sangli,Rural,State Highway,165,45,54,94,Dangerous Overtaking,Night (18:00-06:00)
2022,9,Maharashtra,Sangli,Sangli,Rural,State Highway,159,42,50,109,Over-speeding,Day (06:00-18:00)
2022,10,Maharashtra,Sangli,Sangli,Rural,State Highway,118,37,41,77,Over-speeding,Night (18:00-06:00)
2022,11,Maharashtra,Sangli,Sangli,Rural,State Highway,120,34,39,81,Over-speeding,Night (18:00-06:00)
2022,12,Maharashtra,Sangli,Sangli,Rural,State Highway,115,34,34,76,Over-speeding,Night (18:00-06:00)
2022,1,Maharashtra,Nanded,Nanded,Rural,State Highway,118,35,41,77,Over-speeding,Day (06:00-18:00)
2022,2,Maharashtra,Nanded,Nanded,Rural,State Highway,115,32,35,74,Over-speeding,Night (18:00-06:00)
2022,3,Maharashtra,Nanded,Nanded,Rural,State Highway,109,35,36,72,Over-speeding,Day (06:00-18:00)
2022,4,Maharashtra,Nanded,Nanded,Rural,State Highway,115,34,39,75,Over-speeding,Night (18:00-06:00)
2022,5,Maharashtra,Nanded,Nanded,Rural,State Highway,117,27,33,79,Adverse Weather / Monsoon,Night (18:00-06:00)
2022,6,Maharashtra,Nanded,Nanded,Rural,State Highway,154,42,49,96,Over-speeding,Night (18:00-06:00)
2022,7,Maharashtra,Nanded,Nanded,Rural,State Highway,145,41,50,95,Over-speeding,Day (06:00-18:00)
2022,8,Maharashtra,Nanded,Nanded,Rural,State Highway,145,36,55,90,Adverse Weather / Monsoon,Day (06:00-18:00)
2022,9,Maharashtra,Nanded,Nanded,Rural,State Highway,151,37,52,91,Adverse Weather / Monsoon,Night (18:00-06:00)
2022,10,Maharashtra,Nanded,Nanded,Rural,State Highway,113,30,32,73,Over-speeding,Day (06:00-18:00)
2022,11,Maharashtra,Nanded,Nanded,Rural,State Highway,112,33,35,77,Over-speeding,Night (18:00-06:00)
2022,12,Maharashtra,Nanded,Nanded,Rural,State Highway,106,28,40,66,Dangerous Overtaking,Day (06:00-18:00)
2022,1,Maharashtra,Amravati,Amravati Rural,Rural,National Highway,109,27,33,67,Over-speeding,Day (06:00-18:00)
2022,2,Maharashtra,Amravati,Amravati Rural,Rural,National Highway,110,32,37,73,Over-speeding,Night (18:00-06:00)
2022,3,Maharashtra,Amravati,Amravati Rural,Rural,National Highway,109,29,36,73,Dangerous Overtaking,Night (18:00-06:00)
2022,4,Maharashtra,Amravati,Amravati Rural,Rural,National Highway,107,32,38,66,Over-speeding,Day (06:00-18:00)
2022,5,Maharashtra,Amravati,Amravati Rural,Rural,National Highway,101,29,34,67,Road Defect / Pothole,Night (18:00-06:00)
2022,6,Maharashtra,Amravati,Amravati Rural,Rural,National Highway,128,38,43,85,Drunk Driving,Day (06:00-18:00)
2022,7,Maharashtra,Amravati,Amravati Rural,Rural,National Highway,134,42,50,81,Adverse Weather / Monsoon,Day (06:00-18:00)
2022,8,Maharashtra,Amravati,Amravati Rural,Rural,National Highway,128,37,45,83,Adverse Weather / Monsoon,Day (06:00-18:00)
2022,9,Maharashtra,Amravati,Amravati Rural,Rural,National Highway,144,33,49,95,Dangerous Overtaking,Day (06:00-18:00)
2022,10,Maharashtra,Amravati,Amravati Rural,Rural,National Highway,95,27,29,62,Dangerous Overtaking,Day (06:00-18:00)
2022,11,Maharashtra,Amravati,Amravati Rural,Rural,National Highway,101,28,35,60,Over-speeding,Day (06:00-18:00)
2022,12,Maharashtra,Amravati,Amravati Rural,Rural,National Highway,105,32,32,66,Over-speeding,Day (06:00-18:00)
2022,1,Maharashtra,Amravati,Amravati City,City,Urban / City Road,36,8,10,25,Over-speeding,Day (06:00-18:00)
2022,2,Maharashtra,Amravati,Amravati City,City,Urban / City Road,36,9,10,25,Dangerous Overtaking,Night (18:00-06:00)
2022,3,Maharashtra,Amravati,Amravati City,City,Urban / City Road,35,10,11,24,Over-speeding,Night (18:00-06:00)
2022,4,Maharashtra,Amravati,Amravati City,City,Urban / City Road,35,9,9,22,Dangerous Overtaking,Night (18:00-06:00)
2022,5,Maharashtra,Amravati,Amravati City,City,Urban / City Road,38,9,9,24,Over-speeding,Day (06:00-18:00)
2022,6,Maharashtra,Amravati,Amravati City,City,Urban / City Road,46,10,13,33,Dangerous Overtaking,Night (18:00-06:00)
2022,7,Maharashtra,Amravati,Amravati City,City,Urban / City Road,50,13,13,35,Over-speeding,Day (06:00-18:00)
2022,8,Maharashtra,Amravati,Amravati City,City,Urban / City Road,48,12,14,34,Over-speeding,Night (18:00-06:00)
2022,9,Maharashtra,Amravati,Amravati City,City,Urban / City Road,50,10,15,35,Over-speeding,Day (06:00-18:00)
2022,10,Maharashtra,Amravati,Amravati City,City,Urban / City Road,35,10,11,24,Adverse Weather / Monsoon,Night (18:00-06:00)
2022,11,Maharashtra,Amravati,Amravati City,City,Urban / City Road,36,8,11,24,Adverse Weather / Monsoon,Night (18:00-06:00)
2022,12,Maharashtra,Amravati,Amravati City,City,Urban / City Road,38,8,12,26,Over-speeding,Night (18:00-06:00)
2022,1,Maharashtra,Raigad,Raigad,Rural,National Highway,139,40,47,91,Over-speeding,Night (18:00-06:00)
2022,2,Maharashtra,Raigad,Raigad,Rural,National Highway,149,41,41,97,Over-speeding,Day (06:00-18:00)
2022,3,Maharashtra,Raigad,Raigad,Rural,National Highway,150,40,49,96,Over-speeding,Day (06:00-18:00)
2022,4,Maharashtra,Raigad,Raigad,Rural,National Highway,144,41,42,102,Over-speeding,Day (06:00-18:00)
2022,5,Maharashtra,Raigad,Raigad,Rural,National Highway,152,43,51,101,Over-speeding,Night (18:00-06:00)
2022,6,Maharashtra,Raigad,Raigad,Rural,National Highway,182,50,58,124,Adverse Weather / Monsoon,Night (18:00-06:00)
2022,7,Maharashtra,Raigad,Raigad,Rural,National Highway,173,50,54,119,Adverse Weather / Monsoon,Night (18:00-06:00)
2022,8,Maharashtra,Raigad,Raigad,Rural,National Highway,190,52,67,117,Adverse Weather / Monsoon,Night (18:00-06:00)
2022,9,Maharashtra,Raigad,Raigad,Rural,National Highway,193,50,58,135,Over-speeding,Night (18:00-06:00)
2022,10,Maharashtra,Raigad,Raigad,Rural,National Highway,147,40,43,102,Over-speeding,Night (18:00-06:00)
2022,11,Maharashtra,Raigad,Raigad,Rural,National Highway,141,40,40,101,Road Defect / Pothole,Night (18:00-06:00)
2022,12,Maharashtra,Raigad,Raigad,Rural,National Highway,152,44,50,96,Over-speeding,Night (18:00-06:00)
2022,1,Maharashtra,Buldhana,Buldhana,Rural,National Highway,98,27,33,65,Over-speeding,Day (06:00-18:00)
2022,2,Maharashtra,Buldhana,Buldhana,Rural,National Highway,104,28,32,59,Over-speeding,Day (06:00-18:00)
2022,3,Maharashtra,Buldhana,Buldhana,Rural,National Highway,101,29,29,60,Over-speeding,Day (06:00-18:00)
2022,4,Maharashtra,Buldhana,Buldhana,Rural,National Highway,101,31,35,66,Over-speeding,Day (06:00-18:00)
2022,5,Maharashtra,Buldhana,Buldhana,Rural,National Highway,104,26,37,67,Over-speeding,Day (06:00-18:00)
2022,6,Maharashtra,Buldhana,Buldhana,Rural,National Highway,126,37,37,80,Dangerous Overtaking,Day (06:00-18:00)
2022,7,Maharashtra,Buldhana,Buldhana,Rural,National Highway,139,39,39,90,Adverse Weather / Monsoon,Night (18:00-06:00)
2022,8,Maharashtra,Buldhana,Buldhana,Rural,National Highway,124,36,39,79,Road Defect / Pothole,Night (18:00-06:00)
2022,9,Maharashtra,Buldhana,Buldhana,Rural,National Highway,130,38,43,78,Dangerous Overtaking,Day (06:00-18:00)
2022,10,Maharashtra,Buldhana,Buldhana,Rural,National Highway,105,32,35,58,Over-speeding,Day (06:00-18:00)
2022,11,Maharashtra,Buldhana,Buldhana,Rural,National Highway,91,29,30,61,Over-speeding,Night (18:00-06:00)
2022,12,Maharashtra,Buldhana,Buldhana,Rural,National Highway,100,27,31,64,Over-speeding,Night (18:00-06:00)
2022,1,Maharashtra,Beed,Beed,Rural,State Highway,110,33,39,71,Over-speeding,Day (06:00-18:00)
2022,2,Maharashtra,Beed,Beed,Rural,State Highway,111,28,35,65,Over-speeding,Night (18:00-06:00)
2022,3,Maharashtra,Beed,Beed,Rural,State Highway,107,30,36,71,Adverse Weather / Monsoon,Night (18:00-06:00)
2022,4,Maharashtra,Beed,Beed,Rural,State Highway,104,30,30,71,Dangerous Overtaking,Night (18:00-06:00)
2022,5,Maharashtra,Beed,Beed,Rural,State Highway,110,28,37,73,Over-speeding,Night (18:00-06:00)
2022,6,Maharashtra,Beed,Beed,Rural,State Highway,133,43,46,87,Drunk Driving,Night (18:00-06:00)
2022,7,Maharashtra,Beed,Beed,Rural,State Highway,141,40,45,93,Adverse Weather / Monsoon,Day (06:00-18:00)
2022,8,Maharashtra,Beed,Beed,Rural,State Highway,131,35,43,88,Adverse Weather / Monsoon,Day (06:00-18:00)
2022,9,Maharashtra,Beed,Beed,Rural,State Highway,151,46,47,95,Dangerous Overtaking,Day (06:00-18:00)
2022,10,Maharashtra,Beed,Beed,Rural,State Highway,99,30,30,67,Drunk Driving,Day (06:00-18:00)
2022,11,Maharashtra,Beed,Beed,Rural,State Highway,112,28,32,67,Over-speeding,Day (06:00-18:00)
2022,12,Maharashtra,Beed,Beed,Rural,State Highway,111,29,31,74,Over-speeding,Night (18:00-06:00)
2022,1,Maharashtra,Yavatmal,Yavatmal,Rural,State Highway,108,27,29,63,Drunk Driving,Night (18:00-06:00)
2022,2,Maharashtra,Yavatmal,Yavatmal,Rural,State Highway,105,25,36,69,Dangerous Overtaking,Day (06:00-18:00)
2022,3,Maharashtra,Yavatmal,Yavatmal,Rural,State Highway,106,26,35,64,Over-speeding,Day (06:00-18:00)
2022,4,Maharashtra,Yavatmal,Yavatmal,Rural,State Highway,107,30,30,65,Over-speeding,Night (18:00-06:00)
2022,5,Maharashtra,Yavatmal,Yavatmal,Rural,State Highway,105,26,33,60,Over-speeding,Day (06:00-18:00)
2022,6,Maharashtra,Yavatmal,Yavatmal,Rural,State Highway,142,38,50,92,Dangerous Overtaking,Day (06:00-18:00)
2022,7,Maharashtra,Yavatmal,Yavatmal,Rural,State Highway,138,42,43,82,Adverse Weather / Monsoon,Night (18:00-06:00)
2022,8,Maharashtra,Yavatmal,Yavatmal,Rural,State Highway,139,32,49,85,Adverse Weather / Monsoon,Night (18:00-06:00)
2022,9,Maharashtra,Yavatmal,Yavatmal,Rural,State Highway,123,40,44,79,Drunk Driving,Night (18:00-06:00)
2022,10,Maharashtra,Yavatmal,Yavatmal,Rural,State Highway,107,25,32,65,Over-speeding,Night (18:00-06:00)
2022,11,Maharashtra,Yavatmal,Yavatmal,Rural,State Highway,99,29,36,63,Over-speeding,Night (18:00-06:00)
2022,12,Maharashtra,Yavatmal,Yavatmal,Rural,State Highway,100,31,31,62,Over-speeding,Day (06:00-18:00)
2022,1,Maharashtra,Chandrapur,Chandrapur,Rural,National Highway,91,25,35,56,Over-speeding,Night (18:00-06:00)
2022,2,Maharashtra,Chandrapur,Chandrapur,Rural,National Highway,92,23,33,58,Drunk Driving,Day (06:00-18:00)
2022,3,Maharashtra,Chandrapur,Chandrapur,Rural,National Highway,98,27,27,59,Dangerous Overtaking,Day (06:00-18:00)
2022,4,Maharashtra,Chandrapur,Chandrapur,Rural,National Highway,87,23,28,59,Over-speeding,Night (18:00-06:00)
2022,5,Maharashtra,Chandrapur,Chandrapur,Rural,National Highway,97,27,32,60,Over-speeding,Day (06:00-18:00)
2022,6,Maharashtra,Chandrapur,Chandrapur,Rural,National Highway,129,29,37,83,Over-speeding,Night (18:00-06:00)
2022,7,Maharashtra,Chandrapur,Chandrapur,Rural,National Highway,130,30,35,80,Dangerous Overtaking,Night (18:00-06:00)
2022,8,Maharashtra,Chandrapur,Chandrapur,Rural,National Highway,123,29,38,84,Adverse Weather / Monsoon,Day (06:00-18:00)
2022,9,Maharashtra,Chandrapur,Chandrapur,Rural,National Highway,123,38,45,78,Over-speeding,Night (18:00-06:00)
2022,10,Maharashtra,Chandrapur,Chandrapur,Rural,National Highway,91,28,28,57,Over-speeding,Day (06:00-18:00)
2022,11,Maharashtra,Chandrapur,Chandrapur,Rural,National Highway,94,25,32,59,Over-speeding,Night (18:00-06:00)
2022,12,Maharashtra,Chandrapur,Chandrapur,Rural,National Highway,102,24,35,67,Over-speeding,Night (18:00-06:00)
2022,1,Maharashtra,Latur,Latur,Rural,State Highway,85,25,25,60,Over-speeding,Night (18:00-06:00)
2022,2,Maharashtra,Latur,Latur,Rural,State Highway,88,23,32,56,Over-speeding,Day (06:00-18:00)
2022,3,Maharashtra,Latur,Latur,Rural,State Highway,91,22,26,57,Dangerous Overtaking,Day (06:00-18:00)
2022,4,Maharashtra,Latur,Latur,Rural,State Highway,90,23,32,58,Dangerous Overtaking,Day (06:00-18:00)
2022,5,Maharashtra,Latur,Latur,Rural,State Highway,92,24,31,57,Dangerous Overtaking,Night (18:00-06:00)
2022,6,Maharashtra,Latur,Latur,Rural,State Highway,120,30,36,70,Over-speeding,Day (06:00-18:00)
2022,7,Maharashtra,Latur,Latur,Rural,State Highway,120,34,40,76,Adverse Weather / Monsoon,Night (18:00-06:00)
2022,8,Maharashtra,Latur,Latur,Rural,State Highway,112,34,42,70,Adverse Weather / Monsoon,Day (06:00-18:00)
2022,9,Maharashtra,Latur,Latur,Rural,State Highway,116,28,35,81,Dangerous Overtaking,Night (18:00-06:00)
2022,10,Maharashtra,Latur,Latur,Rural,State Highway,88,25,27,58,Road Defect / Pothole,Day (06:00-18:00)
2022,11,Maharashtra,Latur,Latur,Rural,State Highway,93,26,32,61,Over-speeding,Night (18:00-06:00)
2022,12,Maharashtra,Latur,Latur,Rural,State Highway,88,25,25,56,Over-speeding,Day (06:00-18:00)
2022,1,Maharashtra,Dhule,Dhule,Rural,National Highway,83,29,30,53,Over-speeding,Day (06:00-18:00)
2022,2,Maharashtra,Dhule,Dhule,Rural,National Highway,96,28,32,64,Dangerous Overtaking,Day (06:00-18:00)
2022,3,Maharashtra,Dhule,Dhule,Rural,National Highway,96,27,33,61,Adverse Weather / Monsoon,Night (18:00-06:00)
2022,4,Maharashtra,Dhule,Dhule,Rural,National Highway,89,23,32,57,Over-speeding,Day (06:00-18:00)
2022,5,Maharashtra,Dhule,Dhule,Rural,National Highway,89,27,27,62,Road Defect / Pothole,Day (06:00-18:00)
2022,6,Maharashtra,Dhule,Dhule,Rural,National Highway,125,31,45,80,Drunk Driving,Day (06:00-18:00)
2022,7,Maharashtra,Dhule,Dhule,Rural,National Highway,125,30,43,71,Over-speeding,Day (06:00-18:00)
2022,8,Maharashtra,Dhule,Dhule,Rural,National Highway,117,37,37,75,Over-speeding,Day (06:00-18:00)
2022,9,Maharashtra,Dhule,Dhule,Rural,National Highway,119,31,37,82,Road Defect / Pothole,Day (06:00-18:00)
2022,10,Maharashtra,Dhule,Dhule,Rural,National Highway,88,28,31,57,Adverse Weather / Monsoon,Day (06:00-18:00)
2022,11,Maharashtra,Dhule,Dhule,Rural,National Highway,93,30,31,62,Over-speeding,Day (06:00-18:00)
2022,12,Maharashtra,Dhule,Dhule,Rural,National Highway,90,28,28,62,Dangerous Overtaking,Night (18:00-06:00)
2022,1,Maharashtra,Jalna,Jalna,Rural,State Highway,88,27,33,55,Dangerous Overtaking,Day (06:00-18:00)
2022,2,Maharashtra,Jalna,Jalna,Rural,State Highway,91,24,30,59,Dangerous Overtaking,Day (06:00-18:00)
2022,3,Maharashtra,Jalna,Jalna,Rural,State Highway,90,26,29,61,Adverse Weather / Monsoon,Day (06:00-18:00)
2022,4,Maharashtra,Jalna,Jalna,Rural,State Highway,91,27,29,54,Over-speeding,Night (18:00-06:00)
2022,5,Maharashtra,Jalna,Jalna,Rural,State Highway,87,28,31,56,Over-speeding,Night (18:00-06:00)
2022,6,Maharashtra,Jalna,Jalna,Rural,State Highway,120,32,36,78,Dangerous Overtaking,Day (06:00-18:00)
2022,7,Maharashtra,Jalna,Jalna,Rural,State Highway,125,35,43,82,Adverse Weather / Monsoon,Day (06:00-18:00)
2022,8,Maharashtra,Jalna,Jalna,Rural,State Highway,120,33,33,75,Adverse Weather / Monsoon,Night (18:00-06:00)
2022,9,Maharashtra,Jalna,Jalna,Rural,State Highway,114,32,40,74,Drunk Driving,Day (06:00-18:00)
2022,10,Maharashtra,Jalna,Jalna,Rural,State Highway,94,26,26,59,Over-speeding,Day (06:00-18:00)
2022,11,Maharashtra,Jalna,Jalna,Rural,State Highway,92,24,32,57,Over-speeding,Day (06:00-18:00)
2022,12,Maharashtra,Jalna,Jalna,Rural,State Highway,86,26,26,59,Adverse Weather / Monsoon,Night (18:00-06:00)
2022,1,Maharashtra,Parbhani,Parbhani,Rural,State Highway,78,21,25,51,Dangerous Overtaking,Day (06:00-18:00)
2022,2,Maharashtra,Parbhani,Parbhani,Rural,State Highway,75,22,28,47,Dangerous Overtaking,Night (18:00-06:00)
2022,3,Maharashtra,Parbhani,Parbhani,Rural,State Highway,74,19,26,48,Dangerous Overtaking,Day (06:00-18:00)
2022,4,Maharashtra,Parbhani,Parbhani,Rural,State Highway,70,18,25,45,Drunk Driving,Day (06:00-18:00)
2022,5,Maharashtra,Parbhani,Parbhani,Rural,State Highway,74,19,28,46,Dangerous Overtaking,Night (18:00-06:00)
2022,6,Maharashtra,Parbhani,Parbhani,Rural,State Highway,101,29,36,58,Over-speeding,Day (06:00-18:00)
2022,7,Maharashtra,Parbhani,Parbhani,Rural,State Highway,90,28,34,56,Drunk Driving,Day (06:00-18:00)
2022,8,Maharashtra,Parbhani,Parbhani,Rural,State Highway,97,27,32,56,Adverse Weather / Monsoon,Night (18:00-06:00)
2022,9,Maharashtra,Parbhani,Parbhani,Rural,State Highway,99,29,32,67,Over-speeding,Day (06:00-18:00)
2022,10,Maharashtra,Parbhani,Parbhani,Rural,State Highway,75,18,25,48,Over-speeding,Day (06:00-18:00)
2022,11,Maharashtra,Parbhani,Parbhani,Rural,State Highway,72,20,27,45,Over-speeding,Night (18:00-06:00)
2022,12,Maharashtra,Parbhani,Parbhani,Rural,State Highway,73,19,24,49,Over-speeding,Day (06:00-18:00)
2022,1,Maharashtra,Akola,Akola,Rural,National Highway,78,22,28,50,Adverse Weather / Monsoon,Night (18:00-06:00)
2022,2,Maharashtra,Akola,Akola,Rural,National Highway,76,18,29,47,Adverse Weather / Monsoon,Day (06:00-18:00)
2022,3,Maharashtra,Akola,Akola,Rural,National Highway,72,22,24,48,Dangerous Overtaking,Night (18:00-06:00)
2022,4,Maharashtra,Akola,Akola,Rural,National Highway,76,23,23,46,Over-speeding,Day (06:00-18:00)
2022,5,Maharashtra,Akola,Akola,Rural,National Highway,75,19,22,46,Over-speeding,Night (18:00-06:00)
2022,6,Maharashtra,Akola,Akola,Rural,National Highway,103,26,36,60,Road Defect / Pothole,Day (06:00-18:00)
2022,7,Maharashtra,Akola,Akola,Rural,National Highway,104,30,30,62,Adverse Weather / Monsoon,Night (18:00-06:00)
2022,8,Maharashtra,Akola,Akola,Rural,National Highway,93,30,34,58,Adverse Weather / Monsoon,Day (06:00-18:00)
2022,9,Maharashtra,Akola,Akola,Rural,National Highway,100,28,30,60,Over-speeding,Day (06:00-18:00)
2022,10,Maharashtra,Akola,Akola,Rural,National Highway,67,22,22,45,Dangerous Overtaking,Day (06:00-18:00)
2022,11,Maharashtra,Akola,Akola,Rural,National Highway,78,21,25,53,Adverse Weather / Monsoon,Night (18:00-06:00)
2022,12,Maharashtra,Akola,Akola,Rural,National Highway,78,20,25,53,Dangerous Overtaking,Day (06:00-18:00)
2022,1,Maharashtra,Dharashiv,Dharashiv (Osmanabad),Rural,National Highway,73,23,23,49,Over-speeding,Day (06:00-18:00)
2022,2,Maharashtra,Dharashiv,Dharashiv (Osmanabad),Rural,National Highway,82,22,22,47,Adverse Weather / Monsoon,Night (18:00-06:00)
2022,3,Maharashtra,Dharashiv,Dharashiv (Osmanabad),Rural,National Highway,74,21,27,47,Adverse Weather / Monsoon,Day (06:00-18:00)
2022,4,Maharashtra,Dharashiv,Dharashiv (Osmanabad),Rural,National Highway,78,21,24,54,Over-speeding,Night (18:00-06:00)
2022,5,Maharashtra,Dharashiv,Dharashiv (Osmanabad),Rural,National Highway,84,20,23,54,Over-speeding,Day (06:00-18:00)
2022,6,Maharashtra,Dharashiv,Dharashiv (Osmanabad),Rural,National Highway,97,32,35,62,Over-speeding,Night (18:00-06:00)
2022,7,Maharashtra,Dharashiv,Dharashiv (Osmanabad),Rural,National Highway,106,32,35,66,Drunk Driving,Day (06:00-18:00)
2022,8,Maharashtra,Dharashiv,Dharashiv (Osmanabad),Rural,National Highway,106,33,34,65,Adverse Weather / Monsoon,Day (06:00-18:00)
2022,9,Maharashtra,Dharashiv,Dharashiv (Osmanabad),Rural,National Highway,107,33,34,66,Dangerous Overtaking,Day (06:00-18:00)
2022,10,Maharashtra,Dharashiv,Dharashiv (Osmanabad),Rural,National Highway,77,22,24,53,Dangerous Overtaking,Night (18:00-06:00)
2022,11,Maharashtra,Dharashiv,Dharashiv (Osmanabad),Rural,National Highway,80,19,26,54,Road Defect / Pothole,Day (06:00-18:00)
2022,12,Maharashtra,Dharashiv,Dharashiv (Osmanabad),Rural,National Highway,76,23,24,52,Drunk Driving,Day (06:00-18:00)
2022,1,Maharashtra,Nandurbar,Nandurbar,Rural,State Highway,63,16,22,39,Over-speeding,Day (06:00-18:00)
2022,2,Maharashtra,Nandurbar,Nandurbar,Rural,State Highway,64,19,20,39,Over-speeding,Night (18:00-06:00)
2022,3,Maharashtra,Nandurbar,Nandurbar,Rural,State Highway,59,15,20,38,Over-speeding,Day (06:00-18:00)
2022,4,Maharashtra,Nandurbar,Nandurbar,Rural,State Highway,58,19,19,38,Drunk Driving,Day (06:00-18:00)
2022,5,Maharashtra,Nandurbar,Nandurbar,Rural,State Highway,62,19,19,39,Drunk Driving,Day (06:00-18:00)
2022,6,Maharashtra,Nandurbar,Nandurbar,Rural,State Highway,79,20,28,51,Over-speeding,Night (18:00-06:00)
2022,7,Maharashtra,Nandurbar,Nandurbar,Rural,State Highway,86,25,27,51,Adverse Weather / Monsoon,Night (18:00-06:00)
2022,8,Maharashtra,Nandurbar,Nandurbar,Rural,State Highway,83,23,25,48,Adverse Weather / Monsoon,Night (18:00-06:00)
2022,9,Maharashtra,Nandurbar,Nandurbar,Rural,State Highway,84,20,26,55,Over-speeding,Night (18:00-06:00)
2022,10,Maharashtra,Nandurbar,Nandurbar,Rural,State Highway,56,20,20,36,Over-speeding,Day (06:00-18:00)
2022,11,Maharashtra,Nandurbar,Nandurbar,Rural,State Highway,64,16,23,36,Dangerous Overtaking,Day (06:00-18:00)
2022,12,Maharashtra,Nandurbar,Nandurbar,Rural,State Highway,61,16,18,40,Over-speeding,Night (18:00-06:00)
2022,1,Maharashtra,Ratnagiri,Ratnagiri,Rural,National Highway,70,22,22,48,Dangerous Overtaking,Day (06:00-18:00)
2022,2,Maharashtra,Ratnagiri,Ratnagiri,Rural,National Highway,78,19,26,52,Dangerous Overtaking,Day (06:00-18:00)
2022,3,Maharashtra,Ratnagiri,Ratnagiri,Rural,National Highway,74,19,25,48,Over-speeding,Day (06:00-18:00)
2022,4,Maharashtra,Ratnagiri,Ratnagiri,Rural,National Highway,77,23,24,47,Over-speeding,Night (18:00-06:00)
2022,5,Maharashtra,Ratnagiri,Ratnagiri,Rural,National Highway,74,18,25,48,Over-speeding,Night (18:00-06:00)
2022,6,Maharashtra,Ratnagiri,Ratnagiri,Rural,National Highway,99,29,36,63,Over-speeding,Night (18:00-06:00)
2022,7,Maharashtra,Ratnagiri,Ratnagiri,Rural,National Highway,104,26,29,62,Adverse Weather / Monsoon,Night (18:00-06:00)
2022,8,Maharashtra,Ratnagiri,Ratnagiri,Rural,National Highway,98,28,35,63,Adverse Weather / Monsoon,Night (18:00-06:00)
2022,9,Maharashtra,Ratnagiri,Ratnagiri,Rural,National Highway,100,25,28,59,Dangerous Overtaking,Night (18:00-06:00)
2022,10,Maharashtra,Ratnagiri,Ratnagiri,Rural,National Highway,78,21,27,51,Road Defect / Pothole,Day (06:00-18:00)
2022,11,Maharashtra,Ratnagiri,Ratnagiri,Rural,National Highway,80,20,22,53,Adverse Weather / Monsoon,Day (06:00-18:00)
2022,12,Maharashtra,Ratnagiri,Ratnagiri,Rural,National Highway,75,23,26,45,Drunk Driving,Day (06:00-18:00)
2022,1,Maharashtra,Gondia,Gondia,Rural,State Highway,59,16,19,40,Over-speeding,Night (18:00-06:00)
2022,2,Maharashtra,Gondia,Gondia,Rural,State Highway,58,17,20,38,Dangerous Overtaking,Day (06:00-18:00)
2022,3,Maharashtra,Gondia,Gondia,Rural,State Highway,60,14,21,39,Over-speeding,Day (06:00-18:00)
2022,4,Maharashtra,Gondia,Gondia,Rural,State Highway,60,17,19,35,Over-speeding,Day (06:00-18:00)
2022,5,Maharashtra,Gondia,Gondia,Rural,State Highway,56,15,20,36,Over-speeding,Day (06:00-18:00)
2022,6,Maharashtra,Gondia,Gondia,Rural,State Highway,77,22,22,52,Dangerous Overtaking,Night (18:00-06:00)
2022,7,Maharashtra,Gondia,Gondia,Rural,State Highway,73,23,23,50,Adverse Weather / Monsoon,Day (06:00-18:00)
2022,8,Maharashtra,Gondia,Gondia,Rural,State Highway,75,22,27,48,Adverse Weather / Monsoon,Day (06:00-18:00)
2022,9,Maharashtra,Gondia,Gondia,Rural,State Highway,78,21,27,44,Over-speeding,Night (18:00-06:00)
2022,10,Maharashtra,Gondia,Gondia,Rural,State Highway,60,18,21,39,Over-speeding,Night (18:00-06:00)
2022,11,Maharashtra,Gondia,Gondia,Rural,State Highway,54,14,17,36,Adverse Weather / Monsoon,Day (06:00-18:00)
2022,12,Maharashtra,Gondia,Gondia,Rural,State Highway,60,14,22,38,Over-speeding,Day (06:00-18:00)
2022,1,Maharashtra,Wardha,Wardha,Rural,National Highway,74,20,20,43,Over-speeding,Day (06:00-18:00)
2022,2,Maharashtra,Wardha,Wardha,Rural,National Highway,65,20,20,45,Over-speeding,Day (06:00-18:00)
2022,3,Maharashtra,Wardha,Wardha,Rural,National Highway,75,21,26,49,Over-speeding,Day (06:00-18:00)
2022,4,Maharashtra,Wardha,Wardha,Rural,National Highway,70,20,24,44,Road Defect / Pothole,Night (18:00-06:00)
2022,5,Maharashtra,Wardha,Wardha,Rural,National Highway,67,18,25,42,Over-speeding,Day (06:00-18:00)
2022,6,Maharashtra,Wardha,Wardha,Rural,National Highway,93,25,33,60,Over-speeding,Day (06:00-18:00)
2022,7,Maharashtra,Wardha,Wardha,Rural,National Highway,97,30,31,65,Over-speeding,Night (18:00-06:00)
2022,8,Maharashtra,Wardha,Wardha,Rural,National Highway,99,28,31,63,Adverse Weather / Monsoon,Night (18:00-06:00)
2022,9,Maharashtra,Wardha,Wardha,Rural,National Highway,93,25,26,55,Over-speeding,Night (18:00-06:00)
2022,10,Maharashtra,Wardha,Wardha,Rural,National Highway,67,19,21,46,Over-speeding,Day (06:00-18:00)
2022,11,Maharashtra,Wardha,Wardha,Rural,National Highway,64,20,21,43,Adverse Weather / Monsoon,Day (06:00-18:00)
2022,12,Maharashtra,Wardha,Wardha,Rural,National Highway,72,19,25,47,Over-speeding,Day (06:00-18:00)
2022,1,Maharashtra,Bhandara,Bhandara,Rural,National Highway,61,15,22,37,Over-speeding,Night (18:00-06:00)
2022,2,Maharashtra,Bhandara,Bhandara,Rural,National Highway,62,15,17,38,Over-speeding,Day (06:00-18:00)
2022,3,Maharashtra,Bhandara,Bhandara,Rural,National Highway,63,19,21,42,Over-speeding,Night (18:00-06:00)
2022,4,Maharashtra,Bhandara,Bhandara,Rural,National Highway,62,18,18,37,Over-speeding,Day (06:00-18:00)
2022,5,Maharashtra,Bhandara,Bhandara,Rural,National Highway,58,15,21,37,Over-speeding,Night (18:00-06:00)
2022,6,Maharashtra,Bhandara,Bhandara,Rural,National Highway,76,22,27,49,Over-speeding,Night (18:00-06:00)
2022,7,Maharashtra,Bhandara,Bhandara,Rural,National Highway,70,23,23,47,Adverse Weather / Monsoon,Day (06:00-18:00)
2022,8,Maharashtra,Bhandara,Bhandara,Rural,National Highway,79,23,27,52,Over-speeding,Day (06:00-18:00)
2022,9,Maharashtra,Bhandara,Bhandara,Rural,National Highway,77,24,30,47,Over-speeding,Day (06:00-18:00)
2022,10,Maharashtra,Bhandara,Bhandara,Rural,National Highway,59,17,18,41,Dangerous Overtaking,Day (06:00-18:00)
2022,11,Maharashtra,Bhandara,Bhandara,Rural,National Highway,61,18,20,41,Adverse Weather / Monsoon,Day (06:00-18:00)
2022,12,Maharashtra,Bhandara,Bhandara,Rural,National Highway,60,17,17,36,Over-speeding,Night (18:00-06:00)
2022,1,Maharashtra,Washim,Washim,Rural,State Highway,50,13,16,32,Over-speeding,Day (06:00-18:00)
2022,2,Maharashtra,Washim,Washim,Rural,State Highway,50,17,17,33,Over-speeding,Day (06:00-18:00)
2022,3,Maharashtra,Washim,Washim,Rural,State Highway,57,14,19,35,Dangerous Overtaking,Night (18:00-06:00)
2022,4,Maharashtra,Washim,Washim,Rural,State Highway,55,17,20,35,Over-speeding,Night (18:00-06:00)
2022,5,Maharashtra,Washim,Washim,Rural,State Highway,56,16,16,33,Over-speeding,Night (18:00-06:00)
2022,6,Maharashtra,Washim,Washim,Rural,State Highway,69,18,24,45,Over-speeding,Day (06:00-18:00)
2022,7,Maharashtra,Washim,Washim,Rural,State Highway,70,23,28,42,Dangerous Overtaking,Day (06:00-18:00)
2022,8,Maharashtra,Washim,Washim,Rural,State Highway,70,22,27,43,Over-speeding,Day (06:00-18:00)
2022,9,Maharashtra,Washim,Washim,Rural,State Highway,71,21,22,44,Adverse Weather / Monsoon,Night (18:00-06:00)
2022,10,Maharashtra,Washim,Washim,Rural,State Highway,53,16,20,33,Over-speeding,Night (18:00-06:00)
2022,11,Maharashtra,Washim,Washim,Rural,State Highway,53,15,16,37,Drunk Driving,Night (18:00-06:00)
2022,12,Maharashtra,Washim,Washim,Rural,State Highway,53,15,16,37,Over-speeding,Day (06:00-18:00)
2022,1,Maharashtra,Hingoli,Hingoli,Rural,State Highway,45,14,15,30,Road Defect / Pothole,Day (06:00-18:00)
2022,2,Maharashtra,Hingoli,Hingoli,Rural,State Highway,48,12,16,32,Over-speeding,Night (18:00-06:00)
2022,3,Maharashtra,Hingoli,Hingoli,Rural,State Highway,48,13,16,27,Over-speeding,Day (06:00-18:00)
2022,4,Maharashtra,Hingoli,Hingoli,Rural,State Highway,47,14,16,26,Drunk Driving,Night (18:00-06:00)
2022,5,Maharashtra,Hingoli,Hingoli,Rural,State Highway,47,11,13,26,Dangerous Overtaking,Night (18:00-06:00)
2022,6,Maharashtra,Hingoli,Hingoli,Rural,State Highway,64,16,19,40,Drunk Driving,Night (18:00-06:00)
2022,7,Maharashtra,Hingoli,Hingoli,Rural,State Highway,62,17,19,41,Over-speeding,Day (06:00-18:00)
2022,8,Maharashtra,Hingoli,Hingoli,Rural,State Highway,58,15,21,37,Adverse Weather / Monsoon,Day (06:00-18:00)
2022,9,Maharashtra,Hingoli,Hingoli,Rural,State Highway,60,15,17,39,Over-speeding,Day (06:00-18:00)
2022,10,Maharashtra,Hingoli,Hingoli,Rural,State Highway,44,13,17,27,Over-speeding,Night (18:00-06:00)
2022,11,Maharashtra,Hingoli,Hingoli,Rural,State Highway,46,13,15,31,Drunk Driving,Day (06:00-18:00)
2022,12,Maharashtra,Hingoli,Hingoli,Rural,State Highway,44,13,13,30,Over-speeding,Night (18:00-06:00)
2022,1,Maharashtra,Gadchiroli,Gadchiroli,Rural,State Highway,46,13,16,30,Over-speeding,Night (18:00-06:00)
2022,2,Maharashtra,Gadchiroli,Gadchiroli,Rural,State Highway,44,10,13,29,Over-speeding,Night (18:00-06:00)
2022,3,Maharashtra,Gadchiroli,Gadchiroli,Rural,State Highway,38,12,12,26,Dangerous Overtaking,Day (06:00-18:00)
2022,4,Maharashtra,Gadchiroli,Gadchiroli,Rural,State Highway,38,11,13,25,Drunk Driving,Day (06:00-18:00)
2022,5,Maharashtra,Gadchiroli,Gadchiroli,Rural,State Highway,39,10,14,25,Over-speeding,Night (18:00-06:00)
2022,6,Maharashtra,Gadchiroli,Gadchiroli,Rural,State Highway,59,15,21,34,Over-speeding,Night (18:00-06:00)
2022,7,Maharashtra,Gadchiroli,Gadchiroli,Rural,State Highway,60,14,17,37,Adverse Weather / Monsoon,Night (18:00-06:00)
2022,8,Maharashtra,Gadchiroli,Gadchiroli,Rural,State Highway,59,18,19,39,Drunk Driving,Day (06:00-18:00)
2022,9,Maharashtra,Gadchiroli,Gadchiroli,Rural,State Highway,55,17,18,33,Over-speeding,Night (18:00-06:00)
2022,10,Maharashtra,Gadchiroli,Gadchiroli,Rural,State Highway,41,11,13,28,Over-speeding,Night (18:00-06:00)
2022,11,Maharashtra,Gadchiroli,Gadchiroli,Rural,State Highway,42,12,16,26,Over-speeding,Day (06:00-18:00)
2022,12,Maharashtra,Gadchiroli,Gadchiroli,Rural,State Highway,41,11,13,27,Over-speeding,Day (06:00-18:00)
2022,1,Maharashtra,Sindhudurg,Sindhudurg,Rural,National Highway,52,12,19,30,Road Defect / Pothole,Day (06:00-18:00)
2022,2,Maharashtra,Sindhudurg,Sindhudurg,Rural,National Highway,54,14,14,31,Adverse Weather / Monsoon,Day (06:00-18:00)
2022,3,Maharashtra,Sindhudurg,Sindhudurg,Rural,National Highway,51,12,15,34,Over-speeding,Night (18:00-06:00)
2022,4,Maharashtra,Sindhudurg,Sindhudurg,Rural,National Highway,54,13,18,36,Road Defect / Pothole,Day (06:00-18:00)
2022,5,Maharashtra,Sindhudurg,Sindhudurg,Rural,National Highway,53,12,18,33,Over-speeding,Night (18:00-06:00)
2022,6,Maharashtra,Sindhudurg,Sindhudurg,Rural,National Highway,62,17,19,43,Adverse Weather / Monsoon,Night (18:00-06:00)
2022,7,Maharashtra,Sindhudurg,Sindhudurg,Rural,National Highway,64,19,19,43,Over-speeding,Day (06:00-18:00)
2022,8,Maharashtra,Sindhudurg,Sindhudurg,Rural,National Highway,70,18,24,46,Over-speeding,Night (18:00-06:00)
2022,9,Maharashtra,Sindhudurg,Sindhudurg,Rural,National Highway,65,18,20,41,Drunk Driving,Day (06:00-18:00)
2022,10,Maharashtra,Sindhudurg,Sindhudurg,Rural,National Highway,51,13,15,36,Drunk Driving,Day (06:00-18:00)
2022,11,Maharashtra,Sindhudurg,Sindhudurg,Rural,National Highway,50,14,16,34,Dangerous Overtaking,Day (06:00-18:00)
2022,12,Maharashtra,Sindhudurg,Sindhudurg,Rural,National Highway,52,12,16,33,Road Defect / Pothole,Night (18:00-06:00)
2022,1,Maharashtra,Palghar,Palghar,Rural,National Highway,115,37,39,75,Over-speeding,Night (18:00-06:00)
2022,2,Maharashtra,Palghar,Palghar,Rural,National Highway,121,32,35,75,Over-speeding,Night (18:00-06:00)
2022,3,Maharashtra,Palghar,Palghar,Rural,National Highway,118,29,41,77,Over-speeding,Night (18:00-06:00)
2022,4,Maharashtra,Palghar,Palghar,Rural,National Highway,115,28,39,72,Over-speeding,Day (06:00-18:00)
2022,5,Maharashtra,Palghar,Palghar,Rural,National Highway,116,34,38,77,Over-speeding,Day (06:00-18:00)
2022,6,Maharashtra,Palghar,Palghar,Rural,National Highway,148,44,54,94,Over-speeding,Night (18:00-06:00)
2022,7,Maharashtra,Palghar,Palghar,Rural,National Highway,156,42,51,95,Adverse Weather / Monsoon,Day (06:00-18:00)
2022,8,Maharashtra,Palghar,Palghar,Rural,National Highway,159,40,53,99,Over-speeding,Night (18:00-06:00)
2022,9,Maharashtra,Palghar,Palghar,Rural,National Highway,146,49,54,92,Over-speeding,Night (18:00-06:00)
2022,10,Maharashtra,Palghar,Palghar,Rural,National Highway,120,31,40,75,Dangerous Overtaking,Night (18:00-06:00)
2022,11,Maharashtra,Palghar,Palghar,Rural,National Highway,125,30,42,83,Dangerous Overtaking,Day (06:00-18:00)
2022,12,Maharashtra,Palghar,Palghar,Rural,National Highway,116,30,35,70,Over-speeding,Day (06:00-18:00)
2023,1,Maharashtra,Pune,Pune Rural,Rural,National Highway,301,67,89,212,Dangerous Overtaking,Night (18:00-06:00)
2023,2,Maharashtra,Pune,Pune Rural,Rural,National Highway,294,75,78,203,Over-speeding,Day (06:00-18:00)
2023,3,Maharashtra,Pune,Pune Rural,Rural,National Highway,277,74,80,197,Over-speeding,Night (18:00-06:00)
2023,4,Maharashtra,Pune,Pune Rural,Rural,National Highway,290,65,81,181,Over-speeding,Day (06:00-18:00)
2023,5,Maharashtra,Pune,Pune Rural,Rural,National Highway,277,77,90,187,Over-speeding,Night (18:00-06:00)
2023,6,Maharashtra,Pune,Pune Rural,Rural,National Highway,401,101,122,253,Over-speeding,Night (18:00-06:00)
2023,7,Maharashtra,Pune,Pune Rural,Rural,National Highway,399,105,130,269,Adverse Weather / Monsoon,Day (06:00-18:00)
2023,8,Maharashtra,Pune,Pune Rural,Rural,National Highway,369,106,106,263,Over-speeding,Night (18:00-06:00)
2023,9,Maharashtra,Pune,Pune Rural,Rural,National Highway,389,100,118,257,Dangerous Overtaking,Day (06:00-18:00)
2023,10,Maharashtra,Pune,Pune Rural,Rural,National Highway,309,71,89,196,Drunk Driving,Day (06:00-18:00)
2023,11,Maharashtra,Pune,Pune Rural,Rural,National Highway,300,72,91,209,Over-speeding,Night (18:00-06:00)
2023,12,Maharashtra,Pune,Pune Rural,Rural,National Highway,275,74,74,201,Over-speeding,Day (06:00-18:00)
2023,1,Maharashtra,Pune,Pune City,City,Urban / City Road,114,27,28,86,Dangerous Overtaking,Day (06:00-18:00)
2023,2,Maharashtra,Pune,Pune City,City,Urban / City Road,106,21,30,76,Over-speeding,Day (06:00-18:00)
2023,3,Maharashtra,Pune,Pune City,City,Urban / City Road,106,26,28,78,Over-speeding,Day (06:00-18:00)
2023,4,Maharashtra,Pune,Pune City,City,Urban / City Road,112,25,26,86,Over-speeding,Day (06:00-18:00)
2023,5,Maharashtra,Pune,Pune City,City,Urban / City Road,116,26,32,84,Over-speeding,Night (18:00-06:00)
2023,6,Maharashtra,Pune,Pune City,City,Urban / City Road,144,32,32,112,Over-speeding,Day (06:00-18:00)
2023,7,Maharashtra,Pune,Pune City,City,Urban / City Road,145,29,32,113,Adverse Weather / Monsoon,Night (18:00-06:00)
2023,8,Maharashtra,Pune,Pune City,City,Urban / City Road,141,32,40,99,Adverse Weather / Monsoon,Night (18:00-06:00)
2023,9,Maharashtra,Pune,Pune City,City,Urban / City Road,153,34,36,95,Drunk Driving,Day (06:00-18:00)
2023,10,Maharashtra,Pune,Pune City,City,Urban / City Road,99,25,27,72,Adverse Weather / Monsoon,Day (06:00-18:00)
2023,11,Maharashtra,Pune,Pune City,City,Urban / City Road,115,23,30,77,Dangerous Overtaking,Night (18:00-06:00)
2023,12,Maharashtra,Pune,Pune City,City,Urban / City Road,113,24,27,86,Over-speeding,Day (06:00-18:00)
2023,1,Maharashtra,Nashik,Nashik Rural,Rural,National Highway,228,72,82,146,Over-speeding,Day (06:00-18:00)
2023,2,Maharashtra,Nashik,Nashik Rural,Rural,National Highway,225,74,74,151,Over-speeding,Night (18:00-06:00)
2023,3,Maharashtra,Nashik,Nashik Rural,Rural,National Highway,228,59,78,149,Adverse Weather / Monsoon,Night (18:00-06:00)
2023,4,Maharashtra,Nashik,Nashik Rural,Rural,National Highway,224,75,79,145,Over-speeding,Night (18:00-06:00)
2023,5,Maharashtra,Nashik,Nashik Rural,Rural,National Highway,239,69,81,158,Over-speeding,Day (06:00-18:00)
2023,6,Maharashtra,Nashik,Nashik Rural,Rural,National Highway,311,86,91,188,Over-speeding,Night (18:00-06:00)
2023,7,Maharashtra,Nashik,Nashik Rural,Rural,National Highway,318,78,114,204,Adverse Weather / Monsoon,Night (18:00-06:00)
2023,8,Maharashtra,Nashik,Nashik Rural,Rural,National Highway,317,80,112,205,Adverse Weather / Monsoon,Night (18:00-06:00)
2023,9,Maharashtra,Nashik,Nashik Rural,Rural,National Highway,291,80,88,200,Drunk Driving,Day (06:00-18:00)
2023,10,Maharashtra,Nashik,Nashik Rural,Rural,National Highway,235,64,72,157,Over-speeding,Night (18:00-06:00)
2023,11,Maharashtra,Nashik,Nashik Rural,Rural,National Highway,225,58,82,143,Dangerous Overtaking,Night (18:00-06:00)
2023,12,Maharashtra,Nashik,Nashik Rural,Rural,National Highway,217,67,72,144,Drunk Driving,Night (18:00-06:00)
2023,1,Maharashtra,Nashik,Nashik City,City,Urban / City Road,59,17,18,41,Dangerous Overtaking,Day (06:00-18:00)
2023,2,Maharashtra,Nashik,Nashik City,City,Urban / City Road,62,16,16,42,Over-speeding,Night (18:00-06:00)
2023,3,Maharashtra,Nashik,Nashik City,City,Urban / City Road,59,15,18,41,Adverse Weather / Monsoon,Night (18:00-06:00)
2023,4,Maharashtra,Nashik,Nashik City,City,Urban / City Road,65,16,19,46,Over-speeding,Day (06:00-18:00)
2023,5,Maharashtra,Nashik,Nashik City,City,Urban / City Road,61,15,18,40,Drunk Driving,Day (06:00-18:00)
2023,6,Maharashtra,Nashik,Nashik City,City,Urban / City Road,88,22,22,61,Dangerous Overtaking,Night (18:00-06:00)
2023,7,Maharashtra,Nashik,Nashik City,City,Urban / City Road,85,21,23,52,Over-speeding,Night (18:00-06:00)
2023,8,Maharashtra,Nashik,Nashik City,City,Urban / City Road,85,19,23,62,Over-speeding,Day (06:00-18:00)
2023,9,Maharashtra,Nashik,Nashik City,City,Urban / City Road,88,22,27,61,Over-speeding,Night (18:00-06:00)
2023,10,Maharashtra,Nashik,Nashik City,City,Urban / City Road,59,14,16,43,Drunk Driving,Day (06:00-18:00)
2023,11,Maharashtra,Nashik,Nashik City,City,Urban / City Road,67,14,18,43,Dangerous Overtaking,Night (18:00-06:00)
2023,12,Maharashtra,Nashik,Nashik City,City,Urban / City Road,63,15,19,44,Road Defect / Pothole,Day (06:00-18:00)
2023,1,Maharashtra,Solapur,Solapur Rural,Rural,National Highway,189,47,60,128,Over-speeding,Day (06:00-18:00)
2023,2,Maharashtra,Solapur,Solapur Rural,Rural,National Highway,174,54,54,120,Adverse Weather / Monsoon,Day (06:00-18:00)
2023,3,Maharashtra,Solapur,Solapur Rural,Rural,National Highway,179,50,50,129,Dangerous Overtaking,Day (06:00-18:00)
2023,4,Maharashtra,Solapur,Solapur Rural,Rural,National Highway,189,44,63,124,Over-speeding,Day (06:00-18:00)
2023,5,Maharashtra,Solapur,Solapur Rural,Rural,National Highway,170,50,58,112,Over-speeding,Night (18:00-06:00)
2023,6,Maharashtra,Solapur,Solapur Rural,Rural,National Highway,253,63,83,146,Over-speeding,Day (06:00-18:00)
2023,7,Maharashtra,Solapur,Solapur Rural,Rural,National Highway,238,71,79,159,Over-speeding,Night (18:00-06:00)
2023,8,Maharashtra,Solapur,Solapur Rural,Rural,National Highway,224,65,70,147,Adverse Weather / Monsoon,Night (18:00-06:00)
2023,9,Maharashtra,Solapur,Solapur Rural,Rural,National Highway,218,67,67,145,Over-speeding,Day (06:00-18:00)
2023,10,Maharashtra,Solapur,Solapur Rural,Rural,National Highway,174,56,64,110,Over-speeding,Day (06:00-18:00)
2023,11,Maharashtra,Solapur,Solapur Rural,Rural,National Highway,185,53,67,118,Drunk Driving,Night (18:00-06:00)
2023,12,Maharashtra,Solapur,Solapur Rural,Rural,National Highway,186,46,50,121,Over-speeding,Night (18:00-06:00)
2023,1,Maharashtra,Solapur,Solapur City,City,Urban / City Road,36,7,10,26,Over-speeding,Night (18:00-06:00)
2023,2,Maharashtra,Solapur,Solapur City,City,Urban / City Road,33,9,9,24,Over-speeding,Night (18:00-06:00)
2023,3,Maharashtra,Solapur,Solapur City,City,Urban / City Road,35,7,9,26,Dangerous Overtaking,Day (06:00-18:00)
2023,4,Maharashtra,Solapur,Solapur City,City,Urban / City Road,30,7,9,21,Dangerous Overtaking,Day (06:00-18:00)
2023,5,Maharashtra,Solapur,Solapur City,City,Urban / City Road,32,7,9,23,Over-speeding,Night (18:00-06:00)
2023,6,Maharashtra,Solapur,Solapur City,City,Urban / City Road,45,10,13,29,Over-speeding,Day (06:00-18:00)
2023,7,Maharashtra,Solapur,Solapur City,City,Urban / City Road,47,10,11,29,Adverse Weather / Monsoon,Night (18:00-06:00)
2023,8,Maharashtra,Solapur,Solapur City,City,Urban / City Road,46,9,12,30,Adverse Weather / Monsoon,Day (06:00-18:00)
2023,9,Maharashtra,Solapur,Solapur City,City,Urban / City Road,45,11,12,32,Drunk Driving,Day (06:00-18:00)
2023,10,Maharashtra,Solapur,Solapur City,City,Urban / City Road,35,8,10,25,Dangerous Overtaking,Day (06:00-18:00)
2023,11,Maharashtra,Solapur,Solapur City,City,Urban / City Road,33,8,8,25,Over-speeding,Day (06:00-18:00)
2023,12,Maharashtra,Solapur,Solapur City,City,Urban / City Road,34,7,9,24,Over-speeding,Day (06:00-18:00)
2023,1,Maharashtra,Ahmednagar,Ahmednagar,Rural,State Highway,233,69,82,151,Over-speeding,Day (06:00-18:00)
2023,2,Maharashtra,Ahmednagar,Ahmednagar,Rural,State Highway,227,73,79,148,Adverse Weather / Monsoon,Night (18:00-06:00)
2023,3,Maharashtra,Ahmednagar,Ahmednagar,Rural,State Highway,210,56,72,128,Dangerous Overtaking,Day (06:00-18:00)
2023,4,Maharashtra,Ahmednagar,Ahmednagar,Rural,State Highway,217,60,75,141,Over-speeding,Day (06:00-18:00)
2023,5,Maharashtra,Ahmednagar,Ahmednagar,Rural,State Highway,229,66,72,153,Adverse Weather / Monsoon,Night (18:00-06:00)
2023,6,Maharashtra,Ahmednagar,Ahmednagar,Rural,State Highway,270,78,83,178,Adverse Weather / Monsoon,Night (18:00-06:00)
2023,7,Maharashtra,Ahmednagar,Ahmednagar,Rural,State Highway,277,76,86,191,Adverse Weather / Monsoon,Night (18:00-06:00)
2023,8,Maharashtra,Ahmednagar,Ahmednagar,Rural,State Highway,272,78,91,181,Adverse Weather / Monsoon,Night (18:00-06:00)
2023,9,Maharashtra,Ahmednagar,Ahmednagar,Rural,State Highway,282,73,83,188,Dangerous Overtaking,Day (06:00-18:00)
2023,10,Maharashtra,Ahmednagar,Ahmednagar,Rural,State Highway,229,63,80,149,Over-speeding,Night (18:00-06:00)
2023,11,Maharashtra,Ahmednagar,Ahmednagar,Rural,State Highway,226,61,84,139,Over-speeding,Day (06:00-18:00)
2023,12,Maharashtra,Ahmednagar,Ahmednagar,Rural,State Highway,223,62,82,133,Over-speeding,Day (06:00-18:00)
2023,1,Maharashtra,Thane,Thane Rural,Rural,National Highway,136,44,44,85,Over-speeding,Night (18:00-06:00)
2023,2,Maharashtra,Thane,Thane Rural,Rural,National Highway,147,44,49,98,Over-speeding,Day (06:00-18:00)
2023,3,Maharashtra,Thane,Thane Rural,Rural,National Highway,152,40,51,87,Over-speeding,Day (06:00-18:00)
2023,4,Maharashtra,Thane,Thane Rural,Rural,National Highway,145,40,41,99,Over-speeding,Night (18:00-06:00)
2023,5,Maharashtra,Thane,Thane Rural,Rural,National Highway,149,44,44,99,Over-speeding,Day (06:00-18:00)
2023,6,Maharashtra,Thane,Thane Rural,Rural,National Highway,188,58,71,116,Dangerous Overtaking,Day (06:00-18:00)
2023,7,Maharashtra,Thane,Thane Rural,Rural,National Highway,199,55,67,132,Adverse Weather / Monsoon,Day (06:00-18:00)
2023,8,Maharashtra,Thane,Thane Rural,Rural,National Highway,200,49,71,124,Adverse Weather / Monsoon,Night (18:00-06:00)
2023,9,Maharashtra,Thane,Thane Rural,Rural,National Highway,202,50,70,132,Over-speeding,Day (06:00-18:00)
2023,10,Maharashtra,Thane,Thane Rural,Rural,National Highway,139,43,43,96,Over-speeding,Day (06:00-18:00)
2023,11,Maharashtra,Thane,Thane Rural,Rural,National Highway,137,45,51,86,Dangerous Overtaking,Day (06:00-18:00)
2023,12,Maharashtra,Thane,Thane Rural,Rural,National Highway,157,44,54,103,Drunk Driving,Night (18:00-06:00)
2023,1,Maharashtra,Thane,Thane City,City,Urban / City Road,106,23,29,71,Dangerous Overtaking,Day (06:00-18:00)
2023,2,Maharashtra,Thane,Thane City,City,Urban / City Road,106,23,31,75,Adverse Weather / Monsoon,Night (18:00-06:00)
2023,3,Maharashtra,Thane,Thane City,City,Urban / City Road,108,25,32,69,Adverse Weather / Monsoon,Day (06:00-18:00)
2023,4,Maharashtra,Thane,Thane City,City,Urban / City Road,105,23,34,71,Over-speeding,Day (06:00-18:00)
2023,5,Maharashtra,Thane,Thane City,City,Urban / City Road,105,27,27,78,Over-speeding,Night (18:00-06:00)
2023,6,Maharashtra,Thane,Thane City,City,Urban / City Road,138,30,39,99,Over-speeding,Night (18:00-06:00)
2023,7,Maharashtra,Thane,Thane City,City,Urban / City Road,147,35,42,105,Over-speeding,Night (18:00-06:00)
2023,8,Maharashtra,Thane,Thane City,City,Urban / City Road,141,32,37,96,Over-speeding,Night (18:00-06:00)
2023,9,Maharashtra,Thane,Thane City,City,Urban / City Road,145,35,41,104,Over-speeding,Day (06:00-18:00)
2023,10,Maharashtra,Thane,Thane City,City,Urban / City Road,114,22,34,80,Over-speeding,Day (06:00-18:00)
2023,11,Maharashtra,Thane,Thane City,City,Urban / City Road,108,28,28,80,Over-speeding,Night (18:00-06:00)
2023,12,Maharashtra,Thane,Thane City,City,Urban / City Road,111,27,31,72,Dangerous Overtaking,Day (06:00-18:00)
2023,1,Maharashtra,Mumbai,Mumbai Suburban,City,Urban / Expressway,280,30,30,250,Over-speeding,Day (06:00-18:00)
2023,2,Maharashtra,Mumbai,Mumbai Suburban,City,Urban / Expressway,275,29,36,239,Over-speeding,Day (06:00-18:00)
2023,3,Maharashtra,Mumbai,Mumbai Suburban,City,Urban / Expressway,286,30,30,256,Over-speeding,Day (06:00-18:00)
2023,4,Maharashtra,Mumbai,Mumbai Suburban,City,Urban / Expressway,275,27,35,240,Adverse Weather / Monsoon,Day (06:00-18:00)
2023,5,Maharashtra,Mumbai,Mumbai Suburban,City,Urban / Expressway,283,29,30,216,Over-speeding,Day (06:00-18:00)
2023,6,Maharashtra,Mumbai,Mumbai Suburban,City,Urban / Expressway,362,38,44,318,Adverse Weather / Monsoon,Day (06:00-18:00)
2023,7,Maharashtra,Mumbai,Mumbai Suburban,City,Urban / Expressway,355,42,42,313,Over-speeding,Day (06:00-18:00)
2023,8,Maharashtra,Mumbai,Mumbai Suburban,City,Urban / Expressway,339,45,52,283,Over-speeding,Day (06:00-18:00)
2023,9,Maharashtra,Mumbai,Mumbai Suburban,City,Urban / Expressway,381,38,46,291,Drunk Driving,Night (18:00-06:00)
2023,10,Maharashtra,Mumbai,Mumbai Suburban,City,Urban / Expressway,288,29,32,256,Over-speeding,Day (06:00-18:00)
2023,11,Maharashtra,Mumbai,Mumbai Suburban,City,Urban / Expressway,270,29,37,220,Dangerous Overtaking,Night (18:00-06:00)
2023,12,Maharashtra,Mumbai,Mumbai Suburban,City,Urban / Expressway,281,29,39,215,Road Defect / Pothole,Day (06:00-18:00)
2023,1,Maharashtra,Mumbai,Mumbai City,City,Urban / City Road,186,21,25,149,Drunk Driving,Night (18:00-06:00)
2023,2,Maharashtra,Mumbai,Mumbai City,City,Urban / City Road,184,18,24,145,Over-speeding,Day (06:00-18:00)
2023,3,Maharashtra,Mumbai,Mumbai City,City,Urban / City Road,198,22,26,159,Over-speeding,Night (18:00-06:00)
2023,4,Maharashtra,Mumbai,Mumbai City,City,Urban / City Road,191,21,21,170,Adverse Weather / Monsoon,Day (06:00-18:00)
2023,5,Maharashtra,Mumbai,Mumbai City,City,Urban / City Road,196,18,22,169,Adverse Weather / Monsoon,Night (18:00-06:00)
2023,6,Maharashtra,Mumbai,Mumbai City,City,Urban / City Road,258,29,34,224,Dangerous Overtaking,Night (18:00-06:00)
2023,7,Maharashtra,Mumbai,Mumbai City,City,Urban / City Road,263,28,28,208,Adverse Weather / Monsoon,Day (06:00-18:00)
2023,8,Maharashtra,Mumbai,Mumbai City,City,Urban / City Road,240,25,35,205,Adverse Weather / Monsoon,Day (06:00-18:00)
2023,9,Maharashtra,Mumbai,Mumbai City,City,Urban / City Road,253,28,32,221,Over-speeding,Night (18:00-06:00)
2023,10,Maharashtra,Mumbai,Mumbai City,City,Urban / City Road,188,22,23,165,Dangerous Overtaking,Day (06:00-18:00)
2023,11,Maharashtra,Mumbai,Mumbai City,City,Urban / City Road,186,19,22,164,Over-speeding,Night (18:00-06:00)
2023,12,Maharashtra,Mumbai,Mumbai City,City,Urban / City Road,173,21,23,149,Adverse Weather / Monsoon,Day (06:00-18:00)
2023,1,Maharashtra,Nagpur,Nagpur Rural,Rural,National Highway,147,43,54,93,Over-speeding,Night (18:00-06:00)
2023,2,Maharashtra,Nagpur,Nagpur Rural,Rural,National Highway,161,40,54,107,Over-speeding,Day (06:00-18:00)
2023,3,Maharashtra,Nagpur,Nagpur Rural,Rural,National Highway,155,36,44,92,Over-speeding,Night (18:00-06:00)
2023,4,Maharashtra,Nagpur,Nagpur Rural,Rural,National Highway,150,42,45,105,Drunk Driving,Day (06:00-18:00)
2023,5,Maharashtra,Nagpur,Nagpur Rural,Rural,National Highway,160,36,52,88,Over-speeding,Night (18:00-06:00)
2023,6,Maharashtra,Nagpur,Nagpur Rural,Rural,National Highway,203,49,64,139,Over-speeding,Night (18:00-06:00)
2023,7,Maharashtra,Nagpur,Nagpur Rural,Rural,National Highway,209,54,54,116,Adverse Weather / Monsoon,Day (06:00-18:00)
2023,8,Maharashtra,Nagpur,Nagpur Rural,Rural,National Highway,195,62,62,133,Adverse Weather / Monsoon,Day (06:00-18:00)
2023,9,Maharashtra,Nagpur,Nagpur Rural,Rural,National Highway,210,55,55,124,Over-speeding,Night (18:00-06:00)
2023,10,Maharashtra,Nagpur,Nagpur Rural,Rural,National Highway,160,38,55,91,Dangerous Overtaking,Night (18:00-06:00)
2023,11,Maharashtra,Nagpur,Nagpur Rural,Rural,National Highway,153,44,44,100,Drunk Driving,Day (06:00-18:00)
2023,12,Maharashtra,Nagpur,Nagpur Rural,Rural,National Highway,160,43,56,104,Road Defect / Pothole,Night (18:00-06:00)
2023,1,Maharashtra,Nagpur,Nagpur City,City,Urban / City Road,100,17,20,71,Over-speeding,Day (06:00-18:00)
2023,2,Maharashtra,Nagpur,Nagpur City,City,Urban / City Road,95,19,22,70,Over-speeding,Night (18:00-06:00)
2023,3,Maharashtra,Nagpur,Nagpur City,City,Urban / City Road,104,21,23,81,Over-speeding,Night (18:00-06:00)
2023,4,Maharashtra,Nagpur,Nagpur City,City,Urban / City Road,108,19,25,78,Over-speeding,Day (06:00-18:00)
2023,5,Maharashtra,Nagpur,Nagpur City,City,Urban / City Road,108,22,23,74,Road Defect / Pothole,Day (06:00-18:00)
2023,6,Maharashtra,Nagpur,Nagpur City,City,Urban / City Road,121,24,31,90,Drunk Driving,Day (06:00-18:00)
2023,7,Maharashtra,Nagpur,Nagpur City,City,Urban / City Road,138,24,28,109,Adverse Weather / Monsoon,Night (18:00-06:00)
2023,8,Maharashtra,Nagpur,Nagpur City,City,Urban / City Road,132,27,34,98,Adverse Weather / Monsoon,Day (06:00-18:00)
2023,9,Maharashtra,Nagpur,Nagpur City,City,Urban / City Road,142,28,31,103,Drunk Driving,Night (18:00-06:00)
2023,10,Maharashtra,Nagpur,Nagpur City,City,Urban / City Road,100,20,21,79,Over-speeding,Day (06:00-18:00)
2023,11,Maharashtra,Nagpur,Nagpur City,City,Urban / City Road,100,21,26,74,Over-speeding,Day (06:00-18:00)
2023,12,Maharashtra,Nagpur,Nagpur City,City,Urban / City Road,103,20,20,83,Over-speeding,Day (06:00-18:00)
2023,1,Maharashtra,Kolhapur,Kolhapur,Rural,National Highway,156,41,52,104,Over-speeding,Night (18:00-06:00)
2023,2,Maharashtra,Kolhapur,Kolhapur,Rural,National Highway,172,44,55,117,Road Defect / Pothole,Day (06:00-18:00)
2023,3,Maharashtra,Kolhapur,Kolhapur,Rural,National Highway,159,40,53,106,Dangerous Overtaking,Day (06:00-18:00)
2023,4,Maharashtra,Kolhapur,Kolhapur,Rural,National Highway,155,52,53,102,Dangerous Overtaking,Day (06:00-18:00)
2023,5,Maharashtra,Kolhapur,Kolhapur,Rural,National Highway,152,40,54,98,Over-speeding,Day (06:00-18:00)
2023,6,Maharashtra,Kolhapur,Kolhapur,Rural,National Highway,220,63,63,133,Dangerous Overtaking,Day (06:00-18:00)
2023,7,Maharashtra,Kolhapur,Kolhapur,Rural,National Highway,218,67,80,128,Adverse Weather / Monsoon,Night (18:00-06:00)
2023,8,Maharashtra,Kolhapur,Kolhapur,Rural,National Highway,202,52,67,131,Adverse Weather / Monsoon,Night (18:00-06:00)
2023,9,Maharashtra,Kolhapur,Kolhapur,Rural,National Highway,220,55,75,129,Over-speeding,Day (06:00-18:00)
2023,10,Maharashtra,Kolhapur,Kolhapur,Rural,National Highway,152,41,46,100,Adverse Weather / Monsoon,Day (06:00-18:00)
2023,11,Maharashtra,Kolhapur,Kolhapur,Rural,National Highway,162,46,54,99,Over-speeding,Day (06:00-18:00)
2023,12,Maharashtra,Kolhapur,Kolhapur,Rural,National Highway,160,46,48,112,Over-speeding,Day (06:00-18:00)
2023,1,Maharashtra,Satara,Satara,Rural,National Highway,164,40,55,109,Drunk Driving,Day (06:00-18:00)
2023,2,Maharashtra,Satara,Satara,Rural,National Highway,148,38,50,94,Over-speeding,Day (06:00-18:00)
2023,3,Maharashtra,Satara,Satara,Rural,National Highway,168,40,55,113,Road Defect / Pothole,Night (18:00-06:00)
2023,4,Maharashtra,Satara,Satara,Rural,National Highway,164,38,48,105,Dangerous Overtaking,Night (18:00-06:00)
2023,5,Maharashtra,Satara,Satara,Rural,National Highway,169,42,50,97,Over-speeding,Day (06:00-18:00)
2023,6,Maharashtra,Satara,Satara,Rural,National Highway,221,57,73,148,Dangerous Overtaking,Night (18:00-06:00)
2023,7,Maharashtra,Satara,Satara,Rural,National Highway,200,60,73,127,Adverse Weather / Monsoon,Day (06:00-18:00)
2023,8,Maharashtra,Satara,Satara,Rural,National Highway,208,60,62,146,Adverse Weather / Monsoon,Night (18:00-06:00)
2023,9,Maharashtra,Satara,Satara,Rural,National Highway,214,56,74,129,Over-speeding,Night (18:00-06:00)
2023,10,Maharashtra,Satara,Satara,Rural,National Highway,149,38,47,102,Drunk Driving,Day (06:00-18:00)
2023,11,Maharashtra,Satara,Satara,Rural,National Highway,165,40,57,108,Road Defect / Pothole,Night (18:00-06:00)
2023,12,Maharashtra,Satara,Satara,Rural,National Highway,152,39,44,108,Dangerous Overtaking,Night (18:00-06:00)
2023,1,Maharashtra,Jalgaon,Jalgaon,Rural,State Highway,128,39,39,89,Dangerous Overtaking,Day (06:00-18:00)
2023,2,Maharashtra,Jalgaon,Jalgaon,Rural,State Highway,128,35,41,85,Over-speeding,Day (06:00-18:00)
2023,3,Maharashtra,Jalgaon,Jalgaon,Rural,State Highway,126,40,40,86,Dangerous Overtaking,Night (18:00-06:00)
2023,4,Maharashtra,Jalgaon,Jalgaon,Rural,State Highway,143,32,50,93,Road Defect / Pothole,Night (18:00-06:00)
2023,5,Maharashtra,Jalgaon,Jalgaon,Rural,State Highway,132,34,41,91,Dangerous Overtaking,Day (06:00-18:00)
2023,6,Maharashtra,Jalgaon,Jalgaon,Rural,State Highway,186,49,61,125,Drunk Driving,Day (06:00-18:00)
2023,7,Maharashtra,Jalgaon,Jalgaon,Rural,State Highway,181,51,53,128,Adverse Weather / Monsoon,Day (06:00-18:00)
2023,8,Maharashtra,Jalgaon,Jalgaon,Rural,State Highway,176,44,58,118,Over-speeding,Day (06:00-18:00)
2023,9,Maharashtra,Jalgaon,Jalgaon,Rural,State Highway,191,48,61,107,Over-speeding,Day (06:00-18:00)
2023,10,Maharashtra,Jalgaon,Jalgaon,Rural,State Highway,139,39,48,91,Over-speeding,Night (18:00-06:00)
2023,11,Maharashtra,Jalgaon,Jalgaon,Rural,State Highway,144,36,44,88,Over-speeding,Night (18:00-06:00)
2023,12,Maharashtra,Jalgaon,Jalgaon,Rural,State Highway,133,34,38,89,Adverse Weather / Monsoon,Day (06:00-18:00)
2023,1,Maharashtra,Sangli,Sangli,Rural,State Highway,125,35,38,80,Dangerous Overtaking,Day (06:00-18:00)
2023,2,Maharashtra,Sangli,Sangli,Rural,State Highway,126,33,38,88,Over-speeding,Day (06:00-18:00)
2023,3,Maharashtra,Sangli,Sangli,Rural,State Highway,130,34,45,85,Adverse Weather / Monsoon,Day (06:00-18:00)
2023,4,Maharashtra,Sangli,Sangli,Rural,State Highway,118,38,39,73,Over-speeding,Night (18:00-06:00)
2023,5,Maharashtra,Sangli,Sangli,Rural,State Highway,123,35,40,76,Over-speeding,Day (06:00-18:00)
2023,6,Maharashtra,Sangli,Sangli,Rural,State Highway,172,49,49,109,Over-speeding,Night (18:00-06:00)
2023,7,Maharashtra,Sangli,Sangli,Rural,State Highway,163,51,61,102,Over-speeding,Day (06:00-18:00)
2023,8,Maharashtra,Sangli,Sangli,Rural,State Highway,155,47,50,99,Adverse Weather / Monsoon,Day (06:00-18:00)
2023,9,Maharashtra,Sangli,Sangli,Rural,State Highway,170,39,49,109,Over-speeding,Day (06:00-18:00)
2023,10,Maharashtra,Sangli,Sangli,Rural,State Highway,131,36,46,85,Over-speeding,Day (06:00-18:00)
2023,11,Maharashtra,Sangli,Sangli,Rural,State Highway,127,34,40,78,Dangerous Overtaking,Day (06:00-18:00)
2023,12,Maharashtra,Sangli,Sangli,Rural,State Highway,124,30,36,78,Over-speeding,Night (18:00-06:00)
2023,1,Maharashtra,Nanded,Nanded,Rural,State Highway,109,33,34,75,Over-speeding,Day (06:00-18:00)
2023,2,Maharashtra,Nanded,Nanded,Rural,State Highway,124,31,40,74,Over-speeding,Day (06:00-18:00)
2023,3,Maharashtra,Nanded,Nanded,Rural,State Highway,122,29,42,80,Over-speeding,Day (06:00-18:00)
2023,4,Maharashtra,Nanded,Nanded,Rural,State Highway,108,34,34,74,Over-speeding,Night (18:00-06:00)
2023,5,Maharashtra,Nanded,Nanded,Rural,State Highway,121,36,41,71,Drunk Driving,Night (18:00-06:00)
2023,6,Maharashtra,Nanded,Nanded,Rural,State Highway,159,40,54,104,Over-speeding,Day (06:00-18:00)
2023,7,Maharashtra,Nanded,Nanded,Rural,State Highway,155,40,56,99,Adverse Weather / Monsoon,Day (06:00-18:00)
2023,8,Maharashtra,Nanded,Nanded,Rural,State Highway,157,41,55,96,Adverse Weather / Monsoon,Night (18:00-06:00)
2023,9,Maharashtra,Nanded,Nanded,Rural,State Highway,156,41,56,100,Drunk Driving,Day (06:00-18:00)
2023,10,Maharashtra,Nanded,Nanded,Rural,State Highway,119,36,39,70,Over-speeding,Night (18:00-06:00)
2023,11,Maharashtra,Nanded,Nanded,Rural,State Highway,105,33,33,72,Road Defect / Pothole,Day (06:00-18:00)
2023,12,Maharashtra,Nanded,Nanded,Rural,State Highway,117,34,41,76,Over-speeding,Night (18:00-06:00)
2023,1,Maharashtra,Amravati,Amravati Rural,Rural,National Highway,105,27,35,70,Over-speeding,Day (06:00-18:00)
2023,2,Maharashtra,Amravati,Amravati Rural,Rural,National Highway,104,27,30,72,Over-speeding,Night (18:00-06:00)
2023,3,Maharashtra,Amravati,Amravati Rural,Rural,National Highway,109,30,30,64,Drunk Driving,Night (18:00-06:00)
2023,4,Maharashtra,Amravati,Amravati Rural,Rural,National Highway,105,28,37,68,Adverse Weather / Monsoon,Day (06:00-18:00)
2023,5,Maharashtra,Amravati,Amravati Rural,Rural,National Highway,102,32,35,67,Adverse Weather / Monsoon,Day (06:00-18:00)
2023,6,Maharashtra,Amravati,Amravati Rural,Rural,National Highway,144,37,50,94,Over-speeding,Day (06:00-18:00)
2023,7,Maharashtra,Amravati,Amravati Rural,Rural,National Highway,149,41,53,96,Adverse Weather / Monsoon,Day (06:00-18:00)
2023,8,Maharashtra,Amravati,Amravati Rural,Rural,National Highway,150,43,50,83,Adverse Weather / Monsoon,Night (18:00-06:00)
2023,9,Maharashtra,Amravati,Amravati Rural,Rural,National Highway,131,39,43,86,Over-speeding,Night (18:00-06:00)
2023,10,Maharashtra,Amravati,Amravati Rural,Rural,National Highway,106,33,39,66,Over-speeding,Day (06:00-18:00)
2023,11,Maharashtra,Amravati,Amravati Rural,Rural,National Highway,113,29,34,66,Over-speeding,Day (06:00-18:00)
2023,12,Maharashtra,Amravati,Amravati Rural,Rural,National Highway,105,34,39,66,Over-speeding,Night (18:00-06:00)
2023,1,Maharashtra,Amravati,Amravati City,City,Urban / City Road,38,8,12,26,Dangerous Overtaking,Day (06:00-18:00)
2023,2,Maharashtra,Amravati,Amravati City,City,Urban / City Road,39,9,9,26,Drunk Driving,Day (06:00-18:00)
2023,3,Maharashtra,Amravati,Amravati City,City,Urban / City Road,38,8,10,27,Over-speeding,Day (06:00-18:00)
2023,4,Maharashtra,Amravati,Amravati City,City,Urban / City Road,36,9,10,26,Over-speeding,Day (06:00-18:00)
2023,5,Maharashtra,Amravati,Amravati City,City,Urban / City Road,38,10,11,27,Over-speeding,Day (06:00-18:00)
2023,6,Maharashtra,Amravati,Amravati City,City,Urban / City Road,52,12,14,35,Over-speeding,Day (06:00-18:00)
2023,7,Maharashtra,Amravati,Amravati City,City,Urban / City Road,52,11,15,31,Adverse Weather / Monsoon,Day (06:00-18:00)
2023,8,Maharashtra,Amravati,Amravati City,City,Urban / City Road,46,11,16,30,Over-speeding,Day (06:00-18:00)
2023,9,Maharashtra,Amravati,Amravati City,City,Urban / City Road,52,12,16,33,Dangerous Overtaking,Day (06:00-18:00)
2023,10,Maharashtra,Amravati,Amravati City,City,Urban / City Road,36,8,12,24,Over-speeding,Day (06:00-18:00)
2023,11,Maharashtra,Amravati,Amravati City,City,Urban / City Road,36,9,10,26,Over-speeding,Day (06:00-18:00)
2023,12,Maharashtra,Amravati,Amravati City,City,Urban / City Road,37,9,12,24,Over-speeding,Night (18:00-06:00)
2023,1,Maharashtra,Raigad,Raigad,Rural,National Highway,136,35,47,89,Over-speeding,Day (06:00-18:00)
2023,2,Maharashtra,Raigad,Raigad,Rural,National Highway,156,41,49,96,Over-speeding,Day (06:00-18:00)
2023,3,Maharashtra,Raigad,Raigad,Rural,National Highway,157,37,55,91,Over-speeding,Night (18:00-06:00)
2023,4,Maharashtra,Raigad,Raigad,Rural,National Highway,150,44,53,97,Dangerous Overtaking,Night (18:00-06:00)
2023,5,Maharashtra,Raigad,Raigad,Rural,National Highway,146,43,47,99,Dangerous Overtaking,Night (18:00-06:00)
2023,6,Maharashtra,Raigad,Raigad,Rural,National Highway,200,54,66,134,Over-speeding,Day (06:00-18:00)
2023,7,Maharashtra,Raigad,Raigad,Rural,National Highway,205,56,64,141,Over-speeding,Day (06:00-18:00)
2023,8,Maharashtra,Raigad,Raigad,Rural,National Highway,200,50,68,132,Adverse Weather / Monsoon,Night (18:00-06:00)
2023,9,Maharashtra,Raigad,Raigad,Rural,National Highway,197,59,59,138,Over-speeding,Day (06:00-18:00)
2023,10,Maharashtra,Raigad,Raigad,Rural,National Highway,144,45,45,99,Over-speeding,Night (18:00-06:00)
2023,11,Maharashtra,Raigad,Raigad,Rural,National Highway,150,45,45,105,Drunk Driving,Day (06:00-18:00)
2023,12,Maharashtra,Raigad,Raigad,Rural,National Highway,154,42,43,107,Over-speeding,Night (18:00-06:00)
2023,1,Maharashtra,Buldhana,Buldhana,Rural,National Highway,100,29,29,62,Dangerous Overtaking,Day (06:00-18:00)
2023,2,Maharashtra,Buldhana,Buldhana,Rural,National Highway,109,26,32,62,Adverse Weather / Monsoon,Night (18:00-06:00)
2023,3,Maharashtra,Buldhana,Buldhana,Rural,National Highway,105,29,34,61,Dangerous Overtaking,Day (06:00-18:00)
2023,4,Maharashtra,Buldhana,Buldhana,Rural,National Highway,110,28,37,62,Drunk Driving,Day (06:00-18:00)
2023,5,Maharashtra,Buldhana,Buldhana,Rural,National Highway,102,29,31,71,Over-speeding,Day (06:00-18:00)
2023,6,Maharashtra,Buldhana,Buldhana,Rural,National Highway,131,35,48,83,Adverse Weather / Monsoon,Night (18:00-06:00)
2023,7,Maharashtra,Buldhana,Buldhana,Rural,National Highway,145,34,49,83,Over-speeding,Night (18:00-06:00)
2023,8,Maharashtra,Buldhana,Buldhana,Rural,National Highway,142,34,47,95,Drunk Driving,Night (18:00-06:00)
2023,9,Maharashtra,Buldhana,Buldhana,Rural,National Highway,129,39,39,90,Over-speeding,Day (06:00-18:00)
2023,10,Maharashtra,Buldhana,Buldhana,Rural,National Highway,110,31,36,63,Over-speeding,Day (06:00-18:00)
2023,11,Maharashtra,Buldhana,Buldhana,Rural,National Highway,99,26,31,68,Over-speeding,Night (18:00-06:00)
2023,12,Maharashtra,Buldhana,Buldhana,Rural,National Highway,99,25,33,66,Over-speeding,Night (18:00-06:00)
2023,1,Maharashtra,Beed,Beed,Rural,State Highway,116,28,37,74,Drunk Driving,Day (06:00-18:00)
2023,2,Maharashtra,Beed,Beed,Rural,State Highway,118,35,41,77,Adverse Weather / Monsoon,Night (18:00-06:00)
2023,3,Maharashtra,Beed,Beed,Rural,State Highway,113,35,38,75,Road Defect / Pothole,Day (06:00-18:00)
2023,4,Maharashtra,Beed,Beed,Rural,State Highway,106,30,35,68,Dangerous Overtaking,Day (06:00-18:00)
2023,5,Maharashtra,Beed,Beed,Rural,State Highway,115,30,39,69,Dangerous Overtaking,Night (18:00-06:00)
2023,6,Maharashtra,Beed,Beed,Rural,State Highway,155,48,54,97,Adverse Weather / Monsoon,Night (18:00-06:00)
2023,7,Maharashtra,Beed,Beed,Rural,State Highway,155,42,42,95,Drunk Driving,Day (06:00-18:00)
2023,8,Maharashtra,Beed,Beed,Rural,State Highway,147,37,46,101,Over-speeding,Day (06:00-18:00)
2023,9,Maharashtra,Beed,Beed,Rural,State Highway,147,39,45,95,Dangerous Overtaking,Day (06:00-18:00)
2023,10,Maharashtra,Beed,Beed,Rural,State Highway,105,34,34,71,Dangerous Overtaking,Day (06:00-18:00)
2023,11,Maharashtra,Beed,Beed,Rural,State Highway,109,28,32,72,Over-speeding,Day (06:00-18:00)
2023,12,Maharashtra,Beed,Beed,Rural,State Highway,117,31,43,74,Road Defect / Pothole,Night (18:00-06:00)
2023,1,Maharashtra,Yavatmal,Yavatmal,Rural,State Highway,105,26,37,68,Over-speeding,Day (06:00-18:00)
2023,2,Maharashtra,Yavatmal,Yavatmal,Rural,State Highway,101,31,31,67,Over-speeding,Day (06:00-18:00)
2023,3,Maharashtra,Yavatmal,Yavatmal,Rural,State Highway,97,34,35,62,Over-speeding,Night (18:00-06:00)
2023,4,Maharashtra,Yavatmal,Yavatmal,Rural,State Highway,104,30,38,66,Over-speeding,Day (06:00-18:00)
2023,5,Maharashtra,Yavatmal,Yavatmal,Rural,State Highway,109,32,39,70,Drunk Driving,Day (06:00-18:00)
2023,6,Maharashtra,Yavatmal,Yavatmal,Rural,State Highway,138,42,45,85,Dangerous Overtaking,Night (18:00-06:00)
2023,7,Maharashtra,Yavatmal,Yavatmal,Rural,State Highway,132,39,40,86,Adverse Weather / Monsoon,Day (06:00-18:00)
2023,8,Maharashtra,Yavatmal,Yavatmal,Rural,State Highway,133,34,48,84,Adverse Weather / Monsoon,Day (06:00-18:00)
2023,9,Maharashtra,Yavatmal,Yavatmal,Rural,State Highway,143,42,48,95,Over-speeding,Night (18:00-06:00)
2023,10,Maharashtra,Yavatmal,Yavatmal,Rural,State Highway,103,31,37,62,Road Defect / Pothole,Day (06:00-18:00)
2023,11,Maharashtra,Yavatmal,Yavatmal,Rural,State Highway,110,31,38,72,Over-speeding,Day (06:00-18:00)
2023,12,Maharashtra,Yavatmal,Yavatmal,Rural,State Highway,111,30,30,64,Drunk Driving,Day (06:00-18:00)
2023,1,Maharashtra,Chandrapur,Chandrapur,Rural,National Highway,103,27,36,67,Drunk Driving,Night (18:00-06:00)
2023,2,Maharashtra,Chandrapur,Chandrapur,Rural,National Highway,104,25,32,58,Over-speeding,Day (06:00-18:00)
2023,3,Maharashtra,Chandrapur,Chandrapur,Rural,National Highway,97,23,29,58,Drunk Driving,Night (18:00-06:00)
2023,4,Maharashtra,Chandrapur,Chandrapur,Rural,National Highway,105,24,36,69,Dangerous Overtaking,Day (06:00-18:00)
2023,5,Maharashtra,Chandrapur,Chandrapur,Rural,National Highway,103,27,35,68,Over-speeding,Day (06:00-18:00)
2023,6,Maharashtra,Chandrapur,Chandrapur,Rural,National Highway,129,33,39,90,Over-speeding,Day (06:00-18:00)
2023,7,Maharashtra,Chandrapur,Chandrapur,Rural,National Highway,135,41,47,88,Adverse Weather / Monsoon,Night (18:00-06:00)
2023,8,Maharashtra,Chandrapur,Chandrapur,Rural,National Highway,131,35,37,86,Over-speeding,Day (06:00-18:00)
2023,9,Maharashtra,Chandrapur,Chandrapur,Rural,National Highway,137,36,36,87,Road Defect / Pothole,Night (18:00-06:00)
2023,10,Maharashtra,Chandrapur,Chandrapur,Rural,National Highway,101,25,32,64,Drunk Driving,Night (18:00-06:00)
2023,11,Maharashtra,Chandrapur,Chandrapur,Rural,National Highway,101,28,29,61,Over-speeding,Day (06:00-18:00)
2023,12,Maharashtra,Chandrapur,Chandrapur,Rural,National Highway,96,25,35,61,Road Defect / Pothole,Day (06:00-18:00)
2023,1,Maharashtra,Latur,Latur,Rural,State Highway,82,23,28,54,Over-speeding,Night (18:00-06:00)
2023,2,Maharashtra,Latur,Latur,Rural,State Highway,86,28,28,58,Adverse Weather / Monsoon,Day (06:00-18:00)
2023,3,Maharashtra,Latur,Latur,Rural,State Highway,86,22,32,54,Dangerous Overtaking,Day (06:00-18:00)
2023,4,Maharashtra,Latur,Latur,Rural,State Highway,93,25,33,60,Over-speeding,Night (18:00-06:00)
2023,5,Maharashtra,Latur,Latur,Rural,State Highway,95,24,33,62,Over-speeding,Day (06:00-18:00)
2023,6,Maharashtra,Latur,Latur,Rural,State Highway,126,33,33,72,Drunk Driving,Day (06:00-18:00)
2023,7,Maharashtra,Latur,Latur,Rural,State Highway,112,34,36,75,Dangerous Overtaking,Day (06:00-18:00)
2023,8,Maharashtra,Latur,Latur,Rural,State Highway,121,37,38,83,Adverse Weather / Monsoon,Night (18:00-06:00)
2023,9,Maharashtra,Latur,Latur,Rural,State Highway,111,34,38,71,Over-speeding,Day (06:00-18:00)
2023,10,Maharashtra,Latur,Latur,Rural,State Highway,90,23,26,57,Over-speeding,Day (06:00-18:00)
2023,11,Maharashtra,Latur,Latur,Rural,State Highway,95,25,25,57,Dangerous Overtaking,Night (18:00-06:00)
2023,12,Maharashtra,Latur,Latur,Rural,State Highway,95,25,33,62,Over-speeding,Night (18:00-06:00)
2023,1,Maharashtra,Dhule,Dhule,Rural,National Highway,97,27,36,61,Drunk Driving,Night (18:00-06:00)
2023,2,Maharashtra,Dhule,Dhule,Rural,National Highway,101,30,30,57,Over-speeding,Day (06:00-18:00)
2023,3,Maharashtra,Dhule,Dhule,Rural,National Highway,98,24,35,63,Dangerous Overtaking,Day (06:00-18:00)
2023,4,Maharashtra,Dhule,Dhule,Rural,National Highway,97,25,32,65,Road Defect / Pothole,Day (06:00-18:00)
2023,5,Maharashtra,Dhule,Dhule,Rural,National Highway,89,29,31,58,Over-speeding,Day (06:00-18:00)
2023,6,Maharashtra,Dhule,Dhule,Rural,National Highway,132,35,40,88,Dangerous Overtaking,Night (18:00-06:00)
2023,7,Maharashtra,Dhule,Dhule,Rural,National Highway,134,38,47,87,Adverse Weather / Monsoon,Day (06:00-18:00)
2023,8,Maharashtra,Dhule,Dhule,Rural,National Highway,126,34,45,81,Adverse Weather / Monsoon,Day (06:00-18:00)
2023,9,Maharashtra,Dhule,Dhule,Rural,National Highway,129,32,42,81,Over-speeding,Day (06:00-18:00)
2023,10,Maharashtra,Dhule,Dhule,Rural,National Highway,89,27,27,55,Dangerous Overtaking,Day (06:00-18:00)
2023,11,Maharashtra,Dhule,Dhule,Rural,National Highway,95,29,30,64,Dangerous Overtaking,Day (06:00-18:00)
2023,12,Maharashtra,Dhule,Dhule,Rural,National Highway,95,23,29,60,Over-speeding,Day (06:00-18:00)
2023,1,Maharashtra,Jalna,Jalna,Rural,State Highway,93,25,29,54,Dangerous Overtaking,Day (06:00-18:00)
2023,2,Maharashtra,Jalna,Jalna,Rural,State Highway,91,27,32,59,Over-speeding,Night (18:00-06:00)
2023,3,Maharashtra,Jalna,Jalna,Rural,State Highway,93,24,29,55,Dangerous Overtaking,Night (18:00-06:00)
2023,4,Maharashtra,Jalna,Jalna,Rural,State Highway,90,27,27,63,Adverse Weather / Monsoon,Night (18:00-06:00)
2023,5,Maharashtra,Jalna,Jalna,Rural,State Highway,96,23,26,54,Dangerous Overtaking,Day (06:00-18:00)
2023,6,Maharashtra,Jalna,Jalna,Rural,State Highway,124,33,40,84,Over-speeding,Day (06:00-18:00)
2023,7,Maharashtra,Jalna,Jalna,Rural,State Highway,125,34,34,83,Adverse Weather / Monsoon,Day (06:00-18:00)
2023,8,Maharashtra,Jalna,Jalna,Rural,State Highway,120,32,35,72,Adverse Weather / Monsoon,Day (06:00-18:00)
2023,9,Maharashtra,Jalna,Jalna,Rural,State Highway,124,34,39,85,Over-speeding,Night (18:00-06:00)
2023,10,Maharashtra,Jalna,Jalna,Rural,State Highway,89,26,26,63,Over-speeding,Day (06:00-18:00)
2023,11,Maharashtra,Jalna,Jalna,Rural,State Highway,93,28,33,60,Over-speeding,Night (18:00-06:00)
2023,12,Maharashtra,Jalna,Jalna,Rural,State Highway,95,29,33,61,Over-speeding,Night (18:00-06:00)
2023,1,Maharashtra,Parbhani,Parbhani,Rural,State Highway,80,19,22,53,Over-speeding,Night (18:00-06:00)
2023,2,Maharashtra,Parbhani,Parbhani,Rural,State Highway,72,19,23,45,Over-speeding,Day (06:00-18:00)
2023,3,Maharashtra,Parbhani,Parbhani,Rural,State Highway,78,21,29,49,Over-speeding,Day (06:00-18:00)
2023,4,Maharashtra,Parbhani,Parbhani,Rural,State Highway,74,18,22,45,Over-speeding,Night (18:00-06:00)
2023,5,Maharashtra,Parbhani,Parbhani,Rural,State Highway,82,24,29,53,Adverse Weather / Monsoon,Day (06:00-18:00)
2023,6,Maharashtra,Parbhani,Parbhani,Rural,State Highway,99,30,30,69,Adverse Weather / Monsoon,Day (06:00-18:00)
2023,7,Maharashtra,Parbhani,Parbhani,Rural,State Highway,103,24,30,67,Adverse Weather / Monsoon,Day (06:00-18:00)
2023,8,Maharashtra,Parbhani,Parbhani,Rural,State Highway,104,31,33,68,Adverse Weather / Monsoon,Night (18:00-06:00)
2023,9,Maharashtra,Parbhani,Parbhani,Rural,State Highway,97,28,29,68,Over-speeding,Night (18:00-06:00)
2023,10,Maharashtra,Parbhani,Parbhani,Rural,State Highway,78,23,23,44,Adverse Weather / Monsoon,Day (06:00-18:00)
2023,11,Maharashtra,Parbhani,Parbhani,Rural,State Highway,74,19,25,47,Over-speeding,Day (06:00-18:00)
2023,12,Maharashtra,Parbhani,Parbhani,Rural,State Highway,74,23,25,49,Adverse Weather / Monsoon,Night (18:00-06:00)
2023,1,Maharashtra,Akola,Akola,Rural,National Highway,80,22,28,52,Over-speeding,Night (18:00-06:00)
2023,2,Maharashtra,Akola,Akola,Rural,National Highway,81,24,24,45,Over-speeding,Day (06:00-18:00)
2023,3,Maharashtra,Akola,Akola,Rural,National Highway,81,24,28,45,Over-speeding,Night (18:00-06:00)
2023,4,Maharashtra,Akola,Akola,Rural,National Highway,75,19,28,47,Over-speeding,Night (18:00-06:00)
2023,5,Maharashtra,Akola,Akola,Rural,National Highway,72,20,24,48,Over-speeding,Day (06:00-18:00)
2023,6,Maharashtra,Akola,Akola,Rural,National Highway,104,32,34,69,Over-speeding,Day (06:00-18:00)
2023,7,Maharashtra,Akola,Akola,Rural,National Highway,108,26,30,60,Adverse Weather / Monsoon,Night (18:00-06:00)
2023,8,Maharashtra,Akola,Akola,Rural,National Highway,109,28,34,63,Over-speeding,Day (06:00-18:00)
2023,9,Maharashtra,Akola,Akola,Rural,National Highway,104,28,32,72,Dangerous Overtaking,Night (18:00-06:00)
2023,10,Maharashtra,Akola,Akola,Rural,National Highway,75,21,26,47,Over-speeding,Night (18:00-06:00)
2023,11,Maharashtra,Akola,Akola,Rural,National Highway,84,20,23,49,Over-speeding,Day (06:00-18:00)
2023,12,Maharashtra,Akola,Akola,Rural,National Highway,75,21,26,49,Over-speeding,Day (06:00-18:00)
2023,1,Maharashtra,Dharashiv,Dharashiv (Osmanabad),Rural,National Highway,88,26,26,56,Road Defect / Pothole,Night (18:00-06:00)
2023,2,Maharashtra,Dharashiv,Dharashiv (Osmanabad),Rural,National Highway,82,20,30,52,Road Defect / Pothole,Night (18:00-06:00)
2023,3,Maharashtra,Dharashiv,Dharashiv (Osmanabad),Rural,National Highway,87,26,29,55,Drunk Driving,Day (06:00-18:00)
2023,4,Maharashtra,Dharashiv,Dharashiv (Osmanabad),Rural,National Highway,87,25,30,55,Over-speeding,Day (06:00-18:00)
2023,5,Maharashtra,Dharashiv,Dharashiv (Osmanabad),Rural,National Highway,87,22,28,49,Drunk Driving,Night (18:00-06:00)
2023,6,Maharashtra,Dharashiv,Dharashiv (Osmanabad),Rural,National Highway,112,29,37,67,Over-speeding,Night (18:00-06:00)
2023,7,Maharashtra,Dharashiv,Dharashiv (Osmanabad),Rural,National Highway,107,30,37,70,Adverse Weather / Monsoon,Night (18:00-06:00)
2023,8,Maharashtra,Dharashiv,Dharashiv (Osmanabad),Rural,National Highway,96,30,31,63,Adverse Weather / Monsoon,Day (06:00-18:00)
2023,9,Maharashtra,Dharashiv,Dharashiv (Osmanabad),Rural,National Highway,105,33,37,68,Dangerous Overtaking,Night (18:00-06:00)
2023,10,Maharashtra,Dharashiv,Dharashiv (Osmanabad),Rural,National Highway,82,24,25,54,Dangerous Overtaking,Night (18:00-06:00)
2023,11,Maharashtra,Dharashiv,Dharashiv (Osmanabad),Rural,National Highway,87,25,25,53,Dangerous Overtaking,Day (06:00-18:00)
2023,12,Maharashtra,Dharashiv,Dharashiv (Osmanabad),Rural,National Highway,78,24,29,48,Over-speeding,Day (06:00-18:00)
2023,1,Maharashtra,Nandurbar,Nandurbar,Rural,State Highway,68,16,24,43,Adverse Weather / Monsoon,Day (06:00-18:00)
2023,2,Maharashtra,Nandurbar,Nandurbar,Rural,State Highway,64,19,21,39,Over-speeding,Day (06:00-18:00)
2023,3,Maharashtra,Nandurbar,Nandurbar,Rural,State Highway,64,17,24,40,Adverse Weather / Monsoon,Day (06:00-18:00)
2023,4,Maharashtra,Nandurbar,Nandurbar,Rural,State Highway,62,20,24,38,Over-speeding,Night (18:00-06:00)
2023,5,Maharashtra,Nandurbar,Nandurbar,Rural,State Highway,60,16,21,37,Dangerous Overtaking,Night (18:00-06:00)
2023,6,Maharashtra,Nandurbar,Nandurbar,Rural,State Highway,89,22,30,48,Road Defect / Pothole,Day (06:00-18:00)
2023,7,Maharashtra,Nandurbar,Nandurbar,Rural,State Highway,82,24,32,50,Adverse Weather / Monsoon,Day (06:00-18:00)
2023,8,Maharashtra,Nandurbar,Nandurbar,Rural,State Highway,87,24,27,57,Road Defect / Pothole,Day (06:00-18:00)
2023,9,Maharashtra,Nandurbar,Nandurbar,Rural,State Highway,81,20,29,52,Over-speeding,Day (06:00-18:00)
2023,10,Maharashtra,Nandurbar,Nandurbar,Rural,State Highway,63,17,24,39,Adverse Weather / Monsoon,Night (18:00-06:00)
2023,11,Maharashtra,Nandurbar,Nandurbar,Rural,State Highway,58,19,19,39,Drunk Driving,Day (06:00-18:00)
2023,12,Maharashtra,Nandurbar,Nandurbar,Rural,State Highway,65,19,21,44,Over-speeding,Day (06:00-18:00)
2023,1,Maharashtra,Ratnagiri,Ratnagiri,Rural,National Highway,75,24,25,50,Adverse Weather / Monsoon,Night (18:00-06:00)
2023,2,Maharashtra,Ratnagiri,Ratnagiri,Rural,National Highway,83,19,27,48,Over-speeding,Day (06:00-18:00)
2023,3,Maharashtra,Ratnagiri,Ratnagiri,Rural,National Highway,76,24,25,50,Drunk Driving,Night (18:00-06:00)
2023,4,Maharashtra,Ratnagiri,Ratnagiri,Rural,National Highway,82,21,23,49,Over-speeding,Day (06:00-18:00)
2023,5,Maharashtra,Ratnagiri,Ratnagiri,Rural,National Highway,82,22,25,56,Over-speeding,Day (06:00-18:00)
2023,6,Maharashtra,Ratnagiri,Ratnagiri,Rural,National Highway,106,29,30,64,Adverse Weather / Monsoon,Day (06:00-18:00)
2023,7,Maharashtra,Ratnagiri,Ratnagiri,Rural,National Highway,99,25,35,64,Over-speeding,Day (06:00-18:00)
2023,8,Maharashtra,Ratnagiri,Ratnagiri,Rural,National Highway,103,29,34,65,Adverse Weather / Monsoon,Night (18:00-06:00)
2023,9,Maharashtra,Ratnagiri,Ratnagiri,Rural,National Highway,101,28,33,68,Dangerous Overtaking,Day (06:00-18:00)
2023,10,Maharashtra,Ratnagiri,Ratnagiri,Rural,National Highway,80,21,22,54,Over-speeding,Day (06:00-18:00)
2023,11,Maharashtra,Ratnagiri,Ratnagiri,Rural,National Highway,84,23,29,50,Over-speeding,Night (18:00-06:00)
2023,12,Maharashtra,Ratnagiri,Ratnagiri,Rural,National Highway,77,20,28,49,Road Defect / Pothole,Day (06:00-18:00)
2023,1,Maharashtra,Gondia,Gondia,Rural,State Highway,53,16,18,34,Over-speeding,Day (06:00-18:00)
2023,2,Maharashtra,Gondia,Gondia,Rural,State Highway,61,19,19,35,Dangerous Overtaking,Day (06:00-18:00)
2023,3,Maharashtra,Gondia,Gondia,Rural,State Highway,61,18,23,38,Over-speeding,Night (18:00-06:00)
2023,4,Maharashtra,Gondia,Gondia,Rural,State Highway,65,16,23,42,Over-speeding,Day (06:00-18:00)
2023,5,Maharashtra,Gondia,Gondia,Rural,State Highway,59,18,18,41,Drunk Driving,Night (18:00-06:00)
2023,6,Maharashtra,Gondia,Gondia,Rural,State Highway,81,21,28,53,Dangerous Overtaking,Night (18:00-06:00)
2023,7,Maharashtra,Gondia,Gondia,Rural,State Highway,78,20,29,49,Adverse Weather / Monsoon,Night (18:00-06:00)
2023,8,Maharashtra,Gondia,Gondia,Rural,State Highway,74,24,25,49,Over-speeding,Day (06:00-18:00)
2023,9,Maharashtra,Gondia,Gondia,Rural,State Highway,78,23,23,53,Over-speeding,Night (18:00-06:00)
2023,10,Maharashtra,Gondia,Gondia,Rural,State Highway,59,15,18,37,Dangerous Overtaking,Night (18:00-06:00)
2023,11,Maharashtra,Gondia,Gondia,Rural,State Highway,60,18,21,39,Drunk Driving,Day (06:00-18:00)
2023,12,Maharashtra,Gondia,Gondia,Rural,State Highway,62,18,20,38,Over-speeding,Day (06:00-18:00)
2023,1,Maharashtra,Wardha,Wardha,Rural,National Highway,75,20,25,50,Dangerous Overtaking,Night (18:00-06:00)
2023,2,Maharashtra,Wardha,Wardha,Rural,National Highway,77,23,27,50,Over-speeding,Day (06:00-18:00)
2023,3,Maharashtra,Wardha,Wardha,Rural,National Highway,71,18,24,47,Dangerous Overtaking,Day (06:00-18:00)
2023,4,Maharashtra,Wardha,Wardha,Rural,National Highway,77,18,27,50,Over-speeding,Day (06:00-18:00)
2023,5,Maharashtra,Wardha,Wardha,Rural,National Highway,76,20,26,50,Over-speeding,Day (06:00-18:00)
2023,6,Maharashtra,Wardha,Wardha,Rural,National Highway,97,28,28,58,Over-speeding,Night (18:00-06:00)
2023,7,Maharashtra,Wardha,Wardha,Rural,National Highway,102,30,30,58,Adverse Weather / Monsoon,Day (06:00-18:00)
2023,8,Maharashtra,Wardha,Wardha,Rural,National Highway,89,26,28,58,Adverse Weather / Monsoon,Day (06:00-18:00)
2023,9,Maharashtra,Wardha,Wardha,Rural,National Highway,94,30,32,62,Over-speeding,Day (06:00-18:00)
2023,10,Maharashtra,Wardha,Wardha,Rural,National Highway,68,20,21,43,Dangerous Overtaking,Day (06:00-18:00)
2023,11,Maharashtra,Wardha,Wardha,Rural,National Highway,72,21,21,51,Over-speeding,Day (06:00-18:00)
2023,12,Maharashtra,Wardha,Wardha,Rural,National Highway,72,20,21,45,Adverse Weather / Monsoon,Night (18:00-06:00)
2023,1,Maharashtra,Bhandara,Bhandara,Rural,National Highway,64,20,21,43,Road Defect / Pothole,Day (06:00-18:00)
2023,2,Maharashtra,Bhandara,Bhandara,Rural,National Highway,58,18,22,36,Over-speeding,Night (18:00-06:00)
2023,3,Maharashtra,Bhandara,Bhandara,Rural,National Highway,65,19,20,40,Drunk Driving,Day (06:00-18:00)
2023,4,Maharashtra,Bhandara,Bhandara,Rural,National Highway,60,17,20,40,Over-speeding,Night (18:00-06:00)
2023,5,Maharashtra,Bhandara,Bhandara,Rural,National Highway,59,17,19,40,Over-speeding,Night (18:00-06:00)
2023,6,Maharashtra,Bhandara,Bhandara,Rural,National Highway,79,24,28,47,Dangerous Overtaking,Night (18:00-06:00)
2023,7,Maharashtra,Bhandara,Bhandara,Rural,National Highway,76,26,26,50,Adverse Weather / Monsoon,Day (06:00-18:00)
2023,8,Maharashtra,Bhandara,Bhandara,Rural,National Highway,82,25,30,52,Adverse Weather / Monsoon,Night (18:00-06:00)
2023,9,Maharashtra,Bhandara,Bhandara,Rural,National Highway,79,23,23,56,Adverse Weather / Monsoon,Night (18:00-06:00)
2023,10,Maharashtra,Bhandara,Bhandara,Rural,National Highway,65,17,21,42,Dangerous Overtaking,Day (06:00-18:00)
2023,11,Maharashtra,Bhandara,Bhandara,Rural,National Highway,61,17,23,38,Dangerous Overtaking,Night (18:00-06:00)
2023,12,Maharashtra,Bhandara,Bhandara,Rural,National Highway,60,16,23,37,Over-speeding,Night (18:00-06:00)
2023,1,Maharashtra,Washim,Washim,Rural,State Highway,60,18,21,34,Over-speeding,Day (06:00-18:00)
2023,2,Maharashtra,Washim,Washim,Rural,State Highway,61,16,21,40,Over-speeding,Day (06:00-18:00)
2023,3,Maharashtra,Washim,Washim,Rural,State Highway,55,16,17,36,Over-speeding,Day (06:00-18:00)
2023,4,Maharashtra,Washim,Washim,Rural,State Highway,52,15,19,33,Over-speeding,Day (06:00-18:00)
2023,5,Maharashtra,Washim,Washim,Rural,State Highway,55,16,17,38,Dangerous Overtaking,Night (18:00-06:00)
2023,6,Maharashtra,Washim,Washim,Rural,State Highway,72,23,25,47,Dangerous Overtaking,Day (06:00-18:00)
2023,7,Maharashtra,Washim,Washim,Rural,State Highway,73,19,27,46,Over-speeding,Day (06:00-18:00)
2023,8,Maharashtra,Washim,Washim,Rural,State Highway,74,22,27,46,Adverse Weather / Monsoon,Day (06:00-18:00)
2023,9,Maharashtra,Washim,Washim,Rural,State Highway,77,22,27,45,Over-speeding,Night (18:00-06:00)
2023,10,Maharashtra,Washim,Washim,Rural,State Highway,59,16,20,39,Over-speeding,Day (06:00-18:00)
2023,11,Maharashtra,Washim,Washim,Rural,State Highway,53,17,20,33,Dangerous Overtaking,Day (06:00-18:00)
2023,12,Maharashtra,Washim,Washim,Rural,State Highway,54,14,18,36,Over-speeding,Night (18:00-06:00)
2023,1,Maharashtra,Hingoli,Hingoli,Rural,State Highway,49,11,16,33,Dangerous Overtaking,Day (06:00-18:00)
2023,2,Maharashtra,Hingoli,Hingoli,Rural,State Highway,49,13,14,30,Over-speeding,Night (18:00-06:00)
2023,3,Maharashtra,Hingoli,Hingoli,Rural,State Highway,47,14,14,33,Dangerous Overtaking,Day (06:00-18:00)
2023,4,Maharashtra,Hingoli,Hingoli,Rural,State Highway,45,11,17,28,Over-speeding,Day (06:00-18:00)
2023,5,Maharashtra,Hingoli,Hingoli,Rural,State Highway,43,12,15,28,Over-speeding,Day (06:00-18:00)
2023,6,Maharashtra,Hingoli,Hingoli,Rural,State Highway,63,17,22,40,Over-speeding,Day (06:00-18:00)
2023,7,Maharashtra,Hingoli,Hingoli,Rural,State Highway,62,19,21,41,Over-speeding,Night (18:00-06:00)
2023,8,Maharashtra,Hingoli,Hingoli,Rural,State Highway,64,17,22,42,Adverse Weather / Monsoon,Day (06:00-18:00)
2023,9,Maharashtra,Hingoli,Hingoli,Rural,State Highway,61,19,19,40,Over-speeding,Day (06:00-18:00)
2023,10,Maharashtra,Hingoli,Hingoli,Rural,State Highway,45,13,16,29,Over-speeding,Night (18:00-06:00)
2023,11,Maharashtra,Hingoli,Hingoli,Rural,State Highway,49,13,17,32,Over-speeding,Day (06:00-18:00)
2023,12,Maharashtra,Hingoli,Hingoli,Rural,State Highway,48,12,15,33,Over-speeding,Day (06:00-18:00)
2023,1,Maharashtra,Gadchiroli,Gadchiroli,Rural,State Highway,42,13,14,26,Drunk Driving,Day (06:00-18:00)
2023,2,Maharashtra,Gadchiroli,Gadchiroli,Rural,State Highway,46,14,16,30,Dangerous Overtaking,Day (06:00-18:00)
2023,3,Maharashtra,Gadchiroli,Gadchiroli,Rural,State Highway,43,14,16,26,Over-speeding,Night (18:00-06:00)
2023,4,Maharashtra,Gadchiroli,Gadchiroli,Rural,State Highway,43,12,14,29,Road Defect / Pothole,Day (06:00-18:00)
2023,5,Maharashtra,Gadchiroli,Gadchiroli,Rural,State Highway,41,11,13,28,Over-speeding,Day (06:00-18:00)
2023,6,Maharashtra,Gadchiroli,Gadchiroli,Rural,State Highway,59,15,21,36,Road Defect / Pothole,Day (06:00-18:00)
2023,7,Maharashtra,Gadchiroli,Gadchiroli,Rural,State Highway,59,18,19,39,Adverse Weather / Monsoon,Night (18:00-06:00)
2023,8,Maharashtra,Gadchiroli,Gadchiroli,Rural,State Highway,57,16,18,39,Dangerous Overtaking,Day (06:00-18:00)
2023,9,Maharashtra,Gadchiroli,Gadchiroli,Rural,State Highway,58,16,18,39,Dangerous Overtaking,Day (06:00-18:00)
2023,10,Maharashtra,Gadchiroli,Gadchiroli,Rural,State Highway,42,11,14,28,Over-speeding,Day (06:00-18:00)
2023,11,Maharashtra,Gadchiroli,Gadchiroli,Rural,State Highway,41,13,13,28,Adverse Weather / Monsoon,Night (18:00-06:00)
2023,12,Maharashtra,Gadchiroli,Gadchiroli,Rural,State Highway,45,11,16,29,Over-speeding,Night (18:00-06:00)
2023,1,Maharashtra,Sindhudurg,Sindhudurg,Rural,National Highway,55,12,19,36,Over-speeding,Night (18:00-06:00)
2023,2,Maharashtra,Sindhudurg,Sindhudurg,Rural,National Highway,54,15,17,37,Over-speeding,Night (18:00-06:00)
2023,3,Maharashtra,Sindhudurg,Sindhudurg,Rural,National Highway,53,14,19,34,Adverse Weather / Monsoon,Day (06:00-18:00)
2023,4,Maharashtra,Sindhudurg,Sindhudurg,Rural,National Highway,51,13,15,35,Dangerous Overtaking,Night (18:00-06:00)
2023,5,Maharashtra,Sindhudurg,Sindhudurg,Rural,National Highway,51,13,17,34,Adverse Weather / Monsoon,Night (18:00-06:00)
2023,6,Maharashtra,Sindhudurg,Sindhudurg,Rural,National Highway,72,18,25,47,Over-speeding,Night (18:00-06:00)
2023,7,Maharashtra,Sindhudurg,Sindhudurg,Rural,National Highway,64,16,22,41,Over-speeding,Day (06:00-18:00)
2023,8,Maharashtra,Sindhudurg,Sindhudurg,Rural,National Highway,70,19,20,41,Adverse Weather / Monsoon,Day (06:00-18:00)
2023,9,Maharashtra,Sindhudurg,Sindhudurg,Rural,National Highway,69,20,20,45,Over-speeding,Day (06:00-18:00)
2023,10,Maharashtra,Sindhudurg,Sindhudurg,Rural,National Highway,51,15,17,34,Over-speeding,Day (06:00-18:00)
2023,11,Maharashtra,Sindhudurg,Sindhudurg,Rural,National Highway,48,15,15,31,Dangerous Overtaking,Day (06:00-18:00)
2023,12,Maharashtra,Sindhudurg,Sindhudurg,Rural,National Highway,51,14,18,33,Dangerous Overtaking,Day (06:00-18:00)
2023,1,Maharashtra,Palghar,Palghar,Rural,National Highway,113,35,39,72,Over-speeding,Day (06:00-18:00)
2023,2,Maharashtra,Palghar,Palghar,Rural,National Highway,124,37,39,85,Over-speeding,Day (06:00-18:00)
2023,3,Maharashtra,Palghar,Palghar,Rural,National Highway,120,35,35,83,Adverse Weather / Monsoon,Day (06:00-18:00)
2023,4,Maharashtra,Palghar,Palghar,Rural,National Highway,127,35,42,85,Over-speeding,Night (18:00-06:00)
2023,5,Maharashtra,Palghar,Palghar,Rural,National Highway,119,33,33,81,Over-speeding,Day (06:00-18:00)
2023,6,Maharashtra,Palghar,Palghar,Rural,National Highway,159,49,50,101,Over-speeding,Night (18:00-06:00)
2023,7,Maharashtra,Palghar,Palghar,Rural,National Highway,168,44,44,96,Over-speeding,Day (06:00-18:00)
2023,8,Maharashtra,Palghar,Palghar,Rural,National Highway,165,51,54,108,Adverse Weather / Monsoon,Night (18:00-06:00)
2023,9,Maharashtra,Palghar,Palghar,Rural,National Highway,161,50,55,96,Dangerous Overtaking,Night (18:00-06:00)
2023,10,Maharashtra,Palghar,Palghar,Rural,National Highway,128,34,35,82,Over-speeding,Night (18:00-06:00)
2023,11,Maharashtra,Palghar,Palghar,Rural,National Highway,117,33,37,80,Over-speeding,Day (06:00-18:00)
2023,12,Maharashtra,Palghar,Palghar,Rural,National Highway,113,29,35,74,Dangerous Overtaking,Night (18:00-06:00)
